{
    "List": [
        {
            "D": "202007",
            "TV": 1.0,
            "AUP": 21667.0,
            "TV_p": 0.0,
            "AUP_p": 0.0
        },
        {
            "D": "202008",
            "TV": 0.0,
            "AUP": 21667.0,
            "TV_p": 0.0,
            "AUP_p": 0.0
        },
        {
            "D": "202009",
            "TV": 4.0,
            "AUP": 20824.75,
            "TV_p": 0.0,
            "AUP_p": -3.8872478884940236
        },
        {
            "D": "202010",
            "TV": 1.0,
            "AUP": 23667.0,
            "TV_p": -75.0,
            "AUP_p": 13.64842315033794
        },
        {
            "D": "202011",
            "TV": 1.0,
            "AUP": 21333.0,
            "TV_p": 0.0,
            "AUP_p": -9.861832931930536
        },
        {
            "D": "202012",
            "TV": 2.0,
            "AUP": 23246.0,
            "TV_p": 100.0,
            "AUP_p": 8.967327614493977
        },
        {
            "D": "202101",
            "TV": 2.0,
            "AUP": 21833.0,
            "TV_p": 0.0,
            "AUP_p": -6.078465112277382
        },
        {
            "D": "202102",
            "TV": 1.0,
            "AUP": 23200.0,
            "TV_p": -50.0,
            "AUP_p": 6.2611642925846205
        },
        {
            "D": "202103",
            "TV": 3.0,
            "AUP": 21836.333,
            "TV_p": 200.0,
            "AUP_p": -5.877875000000006
        },
        {
            "D": "202104",
            "TV": 2.0,
            "AUP": 22469.5,
            "TV_p": -33.33333333333333,
            "AUP_p": 2.899603152232572
        },
        {
            "D": "202105",
            "TV": 0.0,
            "AUP": 22469.5,
            "TV_p": 0.0,
            "AUP_p": 0.0
        },
        {
            "D": "202106",
            "TV": 0.0,
            "AUP": 22469.5,
            "TV_p": 0.0,
            "AUP_p": 0.0
        },
        {
            "D": "202107",
            "TV": 4.0,
            "AUP": 23070.5,
            "TV_p": 0.0,
            "AUP_p": 2.674736865528828
        },
        {
            "D": "202108",
            "TV": 0.0,
            "AUP": 23070.5,
            "TV_p": 0.0,
            "AUP_p": 0.0
        },
        {
            "D": "202109",
            "TV": 1.0,
            "AUP": 22500.0,
            "TV_p": 0.0,
            "AUP_p": -2.4728549446262544
        },
        {
            "D": "202110",
            "TV": 1.0,
            "AUP": 20733.0,
            "TV_p": 0.0,
            "AUP_p": -7.853333333333333
        },
        {
            "D": "202111",
            "TV": 1.0,
            "AUP": 22867.0,
            "TV_p": 0.0,
            "AUP_p": 10.292769980224763
        },
        {
            "D": "202112",
            "TV": 0.0,
            "AUP": 22867.0,
            "TV_p": 0.0,
            "AUP_p": 0.0
        },
        {
            "D": "202201",
            "TV": 2.0,
            "AUP": 21974.0,
            "TV_p": 0.0,
            "AUP_p": -3.905190886430227
        },
        {
            "D": "202202",
            "TV": 0.0,
            "AUP": 21974.0,
            "TV_p": 0.0,
            "AUP_p": 0.0
        },
        {
            "D": "202203",
            "TV": 0.0,
            "AUP": 21974.0,
            "TV_p": 0.0,
            "AUP_p": 0.0
        },
        {
            "D": "202204",
            "TV": 3.0,
            "AUP": 22280.333,
            "TV_p": 0.0,
            "AUP_p": 1.3940702648584633
        },
        {
            "D": "202205",
            "TV": 0.0,
            "AUP": 22280.333,
            "TV_p": 0.0,
            "AUP_p": 0.0
        },
        {
            "D": "202206",
            "TV": 0.0,
            "AUP": 22280.333,
            "TV_p": 0.0,
            "AUP_p": 0.0
        },
        {
            "D": "202207",
            "TV": 0.0,
            "AUP": 22280.333,
            "TV_p": 0.0,
            "AUP_p": 0.0
        },
        {
            "D": "202208",
            "TV": 1.0,
            "AUP": 21708.0,
            "TV_p": 0.0,
            "AUP_p": -2.5687811757571075
        },
        {
            "D": "202209",
            "TV": 0.0,
            "AUP": 21708.0,
            "TV_p": 0.0,
            "AUP_p": 0.0
        },
        {
            "D": "202210",
            "TV": 0.0,
            "AUP": 21708.0,
            "TV_p": 0.0,
            "AUP_p": 0.0
        },
        {
            "D": "202211",
            "TV": 0.0,
            "AUP": 21708.0,
            "TV_p": 0.0,
            "AUP_p": 0.0
        },
        {
            "D": "202212",
            "TV": 1.0,
            "AUP": 21708.0,
            "TV_p": 0.0,
            "AUP_p": 0.0
        },
        {
            "D": "202301",
            "TV": 0.0,
            "AUP": 21708.0,
            "TV_p": 0.0,
            "AUP_p": 0.0
        },
        {
            "D": "202302",
            "TV": 0.0,
            "AUP": 21708.0,
            "TV_p": 0.0,
            "AUP_p": 0.0
        },
        {
            "D": "202303",
            "TV": 3.0,
            "AUP": 19623.333,
            "TV_p": 0.0,
            "AUP_p": -9.603220011055837
        },
        {
            "D": "202304",
            "TV": 0.0,
            "AUP": 19623.333,
            "TV_p": 0.0,
            "AUP_p": 0.0
        },
        {
            "D": "202305",
            "TV": 0.0,
            "AUP": 19623.333,
            "TV_p": 0.0,
            "AUP_p": 0.0
        },
        {
            "D": "202306",
            "TV": 1.0,
            "AUP": 18857.0,
            "TV_p": 0.0,
            "AUP_p": -3.90521324792276
        },
        {
            "D": "202307",
            "TV": 0.0,
            "AUP": 18857.0,
            "TV_p": 0.0,
            "AUP_p": 0.0
        },
        {
            "D": "202308",
            "TV": 1.0,
            "AUP": 18400.0,
            "TV_p": 0.0,
            "AUP_p": -2.4235032083576393
        },
        {
            "D": "202309",
            "TV": 0.0,
            "AUP": 18400.0,
            "TV_p": 0.0,
            "AUP_p": 0.0
        },
        {
            "D": "202310",
            "TV": 1.0,
            "AUP": 19867.0,
            "TV_p": 0.0,
            "AUP_p": 7.972826086956522
        },
        {
            "D": "202311",
            "TV": 0.0,
            "AUP": 19867.0,
            "TV_p": 0.0,
            "AUP_p": 0.0
        },
        {
            "D": "202312",
            "TV": 0.0,
            "AUP": 19867.0,
            "TV_p": 0.0,
            "AUP_p": 0.0
        },
        {
            "D": "202401",
            "TV": 0.0,
            "AUP": 19867.0,
            "TV_p": 0.0,
            "AUP_p": 0.0
        },
        {
            "D": "202402",
            "TV": 0.0,
            "AUP": 19867.0,
            "TV_p": 0.0,
            "AUP_p": 0.0
        },
        {
            "D": "202403",
            "TV": 0.0,
            "AUP": 19867.0,
            "TV_p": 0.0,
            "AUP_p": 0.0
        },
        {
            "D": "202404",
            "TV": 2.0,
            "AUP": 17597.0,
            "TV_p": 0.0,
            "AUP_p": -11.425982785523733
        },
        {
            "D": "202405",
            "TV": 1.0,
            "AUP": 16585.0,
            "TV_p": -50.0,
            "AUP_p": -5.75098028072967
        },
        {
            "D": "202406",
            "TV": 1.0,
            "AUP": 21459.0,
            "TV_p": 0.0,
            "AUP_p": 29.388001205908953
        },
        {
            "D": "202407",
            "TV": 0.0,
            "AUP": 21459.0,
            "TV_p": 0.0,
            "AUP_p": 0.0
        }
    ],
    "MinDate": "202007",
    "MaxDate": "202407"
}