{
    "List": [
        {
            "D": "202311",
            "TV": 1.0,
            "AUP": 23270.0,
            "TV_p": 0.0,
            "AUP_p": 0.0
        },
        {
            "D": "202312",
            "TV": 1.0,
            "AUP": 23270.0,
            "TV_p": 0.0,
            "AUP_p": 0.0
        },
        {
            "D": "202401",
            "TV": 1.0,
            "AUP": 19762.0,
            "TV_p": 0.0,
            "AUP_p": -15.075204125483454
        },
        {
            "D": "202402",
            "TV": 0.0,
            "AUP": 19762.0,
            "TV_p": 0.0,
            "AUP_p": 0.0
        },
        {
            "D": "202403",
            "TV": 0.0,
            "AUP": 19762.0,
            "TV_p": 0.0,
            "AUP_p": 0.0
        },
        {
            "D": "202404",
            "TV": 1.0,
            "AUP": 21912.0,
            "TV_p": 0.0,
            "AUP_p": 10.87946564112944
        },
        {
            "D": "202405",
            "TV": 1.0,
            "AUP": 21759.0,
            "TV_p": 0.0,
            "AUP_p": -0.6982475355969332
        },
        {
            "D": "202406",
            "TV": 1.0,
            "AUP": 18325.0,
            "TV_p": 0.0,
            "AUP_p": -15.781975274599017
        },
        {
            "D": "202407",
            "TV": 0.0,
            "AUP": 18325.0,
            "TV_p": 0.0,
            "AUP_p": 0.0
        }
    ],
    "MinDate": "202311",
    "MaxDate": "202407"
}