{
    "List": [
        {
            "D": "201903",
            "TV": 1.0,
            "AUP": 18749.0,
            "TV_p": 0.0,
            "AUP_p": 0.0
        },
        {
            "D": "201904",
            "TV": 0.0,
            "AUP": 18749.0,
            "TV_p": 0.0,
            "AUP_p": 0.0
        },
        {
            "D": "201905",
            "TV": 1.0,
            "AUP": 18996.0,
            "TV_p": 0.0,
            "AUP_p": 1.3174035948583924
        },
        {
            "D": "201906",
            "TV": 2.0,
            "AUP": 19705.0,
            "TV_p": 100.0,
            "AUP_p": 3.732364708359655
        },
        {
            "D": "201907",
            "TV": 0.0,
            "AUP": 19705.0,
            "TV_p": 0.0,
            "AUP_p": 0.0
        },
        {
            "D": "201908",
            "TV": 1.0,
            "AUP": 18667.0,
            "TV_p": 0.0,
            "AUP_p": -5.267698553666582
        },
        {
            "D": "201909",
            "TV": 0.0,
            "AUP": 18667.0,
            "TV_p": 0.0,
            "AUP_p": 0.0
        },
        {
            "D": "201910",
            "TV": 0.0,
            "AUP": 18667.0,
            "TV_p": 0.0,
            "AUP_p": 0.0
        },
        {
            "D": "201911",
            "TV": 1.0,
            "AUP": 19865.0,
            "TV_p": 0.0,
            "AUP_p": 6.41774254031178
        },
        {
            "D": "201912",
            "TV": 0.0,
            "AUP": 19865.0,
            "TV_p": 0.0,
            "AUP_p": 0.0
        },
        {
            "D": "202001",
            "TV": 2.0,
            "AUP": 18441.0,
            "TV_p": 0.0,
            "AUP_p": -7.168386609614901
        },
        {
            "D": "202002",
            "TV": 0.0,
            "AUP": 18441.0,
            "TV_p": 0.0,
            "AUP_p": 0.0
        },
        {
            "D": "202003",
            "TV": 0.0,
            "AUP": 18441.0,
            "TV_p": 0.0,
            "AUP_p": 0.0
        },
        {
            "D": "202004",
            "TV": 7.0,
            "AUP": 18423.143,
            "TV_p": 0.0,
            "AUP_p": -0.09683391898487656
        },
        {
            "D": "202005",
            "TV": 12.0,
            "AUP": 19281.5,
            "TV_p": 71.42857142857143,
            "AUP_p": 4.659124394043671
        },
        {
            "D": "202006",
            "TV": 9.0,
            "AUP": 18854.111,
            "TV_p": -25.0,
            "AUP_p": -2.216574898218508
        },
        {
            "D": "202007",
            "TV": 9.0,
            "AUP": 20095.333,
            "TV_p": 0.0,
            "AUP_p": 6.583297481873
        },
        {
            "D": "202008",
            "TV": 4.0,
            "AUP": 19691.75,
            "TV_p": -55.55555555555556,
            "AUP_p": -2.0083419369064384
        },
        {
            "D": "202009",
            "TV": 3.0,
            "AUP": 19477.333,
            "TV_p": -25.0,
            "AUP_p": -1.0888671651833957
        },
        {
            "D": "202010",
            "TV": 3.0,
            "AUP": 20263.0,
            "TV_p": 0.0,
            "AUP_p": 4.033750411311453
        },
        {
            "D": "202011",
            "TV": 3.0,
            "AUP": 17324.667,
            "TV_p": 0.0,
            "AUP_p": -14.500977150471295
        },
        {
            "D": "202012",
            "TV": 6.0,
            "AUP": 18485.333,
            "TV_p": 100.0,
            "AUP_p": 6.699499620973941
        },
        {
            "D": "202101",
            "TV": 4.0,
            "AUP": 19208.25,
            "TV_p": -33.33333333333333,
            "AUP_p": 3.9107599522280787
        },
        {
            "D": "202102",
            "TV": 3.0,
            "AUP": 19866.333,
            "TV_p": -25.0,
            "AUP_p": 3.426043496934904
        },
        {
            "D": "202103",
            "TV": 11.0,
            "AUP": 20115.727,
            "TV_p": 266.66666666666663,
            "AUP_p": 1.2553600103250069
        },
        {
            "D": "202104",
            "TV": 7.0,
            "AUP": 19632.429,
            "TV_p": -36.36363636363637,
            "AUP_p": -2.402587786163527
        },
        {
            "D": "202105",
            "TV": 7.0,
            "AUP": 20196.333,
            "TV_p": 0.0,
            "AUP_p": 2.872308872223598
        },
        {
            "D": "202106",
            "TV": 3.0,
            "AUP": 21007.0,
            "TV_p": -57.14285714285714,
            "AUP_p": 4.013931637985971
        },
        {
            "D": "202107",
            "TV": 8.0,
            "AUP": 20626.143,
            "TV_p": 166.66666666666669,
            "AUP_p": -1.813000428428619
        },
        {
            "D": "202108",
            "TV": 4.0,
            "AUP": 21479.25,
            "TV_p": -50.0,
            "AUP_p": 4.136047151423317
        },
        {
            "D": "202109",
            "TV": 4.0,
            "AUP": 20659.0,
            "TV_p": 0.0,
            "AUP_p": -3.818801866918072
        },
        {
            "D": "202110",
            "TV": 6.0,
            "AUP": 21908.833,
            "TV_p": 50.0,
            "AUP_p": 6.049823321554764
        },
        {
            "D": "202111",
            "TV": 0.0,
            "AUP": 21908.833,
            "TV_p": 0.0,
            "AUP_p": 0.0
        },
        {
            "D": "202112",
            "TV": 5.0,
            "AUP": 20177.4,
            "TV_p": 0.0,
            "AUP_p": -7.902899255291221
        },
        {
            "D": "202201",
            "TV": 4.0,
            "AUP": 23013.667,
            "TV_p": -20.0,
            "AUP_p": 14.056652492392477
        },
        {
            "D": "202202",
            "TV": 4.0,
            "AUP": 21503.0,
            "TV_p": 0.0,
            "AUP_p": -6.564216819509908
        },
        {
            "D": "202203",
            "TV": 1.0,
            "AUP": 21503.0,
            "TV_p": -75.0,
            "AUP_p": 0.0
        },
        {
            "D": "202204",
            "TV": 3.0,
            "AUP": 21802.0,
            "TV_p": 200.0,
            "AUP_p": 1.3905036506533972
        },
        {
            "D": "202205",
            "TV": 6.0,
            "AUP": 22049.5,
            "TV_p": 100.0,
            "AUP_p": 1.1352169525731584
        },
        {
            "D": "202206",
            "TV": 2.0,
            "AUP": 26489.0,
            "TV_p": -66.66666666666666,
            "AUP_p": 20.134243406879975
        },
        {
            "D": "202207",
            "TV": 4.0,
            "AUP": 19917.75,
            "TV_p": 100.0,
            "AUP_p": -24.807467250556837
        },
        {
            "D": "202208",
            "TV": 3.0,
            "AUP": 22540.0,
            "TV_p": -25.0,
            "AUP_p": 13.165392677385748
        },
        {
            "D": "202209",
            "TV": 3.0,
            "AUP": 18580.0,
            "TV_p": 0.0,
            "AUP_p": -17.56876663708962
        },
        {
            "D": "202210",
            "TV": 2.0,
            "AUP": 19293.0,
            "TV_p": -33.33333333333333,
            "AUP_p": 3.83745963401507
        },
        {
            "D": "202211",
            "TV": 0.0,
            "AUP": 19293.0,
            "TV_p": 0.0,
            "AUP_p": 0.0
        },
        {
            "D": "202212",
            "TV": 4.0,
            "AUP": 17703.25,
            "TV_p": 0.0,
            "AUP_p": -8.240035245944124
        },
        {
            "D": "202301",
            "TV": 1.0,
            "AUP": 16169.0,
            "TV_p": -75.0,
            "AUP_p": -8.666487791789642
        },
        {
            "D": "202302",
            "TV": 5.0,
            "AUP": 18604.5,
            "TV_p": 400.0,
            "AUP_p": 15.062774444925475
        },
        {
            "D": "202303",
            "TV": 4.0,
            "AUP": 18766.0,
            "TV_p": -20.0,
            "AUP_p": 0.8680695530651187
        },
        {
            "D": "202304",
            "TV": 0.0,
            "AUP": 18766.0,
            "TV_p": 0.0,
            "AUP_p": 0.0
        },
        {
            "D": "202305",
            "TV": 2.0,
            "AUP": 18750.0,
            "TV_p": 0.0,
            "AUP_p": -0.0852605776404135
        },
        {
            "D": "202306",
            "TV": 0.0,
            "AUP": 18750.0,
            "TV_p": 0.0,
            "AUP_p": 0.0
        },
        {
            "D": "202307",
            "TV": 0.0,
            "AUP": 18750.0,
            "TV_p": 0.0,
            "AUP_p": 0.0
        },
        {
            "D": "202308",
            "TV": 3.0,
            "AUP": 17923.5,
            "TV_p": 0.0,
            "AUP_p": -4.408
        },
        {
            "D": "202309",
            "TV": 1.0,
            "AUP": 17626.0,
            "TV_p": -66.66666666666666,
            "AUP_p": -1.6598320640499904
        },
        {
            "D": "202310",
            "TV": 1.0,
            "AUP": 18621.0,
            "TV_p": 0.0,
            "AUP_p": 5.645069783274708
        },
        {
            "D": "202311",
            "TV": 4.0,
            "AUP": 20118.5,
            "TV_p": 300.0,
            "AUP_p": 8.04199559636969
        },
        {
            "D": "202312",
            "TV": 0.0,
            "AUP": 20118.5,
            "TV_p": 0.0,
            "AUP_p": 0.0
        },
        {
            "D": "202401",
            "TV": 2.0,
            "AUP": 16479.5,
            "TV_p": 0.0,
            "AUP_p": -18.08782960956334
        },
        {
            "D": "202402",
            "TV": 4.0,
            "AUP": 16417.333,
            "TV_p": 100.0,
            "AUP_p": -0.37723838708699464
        },
        {
            "D": "202403",
            "TV": 2.0,
            "AUP": 16916.5,
            "TV_p": -50.0,
            "AUP_p": 3.040487757664423
        },
        {
            "D": "202404",
            "TV": 4.0,
            "AUP": 17857.0,
            "TV_p": 100.0,
            "AUP_p": 5.5596606863121805
        },
        {
            "D": "202405",
            "TV": 2.0,
            "AUP": 15854.0,
            "TV_p": -50.0,
            "AUP_p": -11.216889735117881
        },
        {
            "D": "202406",
            "TV": 1.0,
            "AUP": 16092.0,
            "TV_p": -50.0,
            "AUP_p": 1.5011984357259998
        },
        {
            "D": "202407",
            "TV": 3.0,
            "AUP": 16483.0,
            "TV_p": 200.0,
            "AUP_p": 2.429778772060651
        }
    ],
    "MinDate": "201903",
    "MaxDate": "202407"
}