{
    "List": [
        {
            "D": "201912",
            "TV": 2.0,
            "AUP": 22680.5,
            "TV_p": 0.0,
            "AUP_p": 0.0
        },
        {
            "D": "202001",
            "TV": 0.0,
            "AUP": 22680.5,
            "TV_p": 0.0,
            "AUP_p": 0.0
        },
        {
            "D": "202002",
            "TV": 0.0,
            "AUP": 22680.5,
            "TV_p": 0.0,
            "AUP_p": 0.0
        },
        {
            "D": "202003",
            "TV": 1.0,
            "AUP": 22194.0,
            "TV_p": 0.0,
            "AUP_p": -2.1450144397169373
        },
        {
            "D": "202004",
            "TV": 0.0,
            "AUP": 22194.0,
            "TV_p": 0.0,
            "AUP_p": 0.0
        },
        {
            "D": "202005",
            "TV": 0.0,
            "AUP": 22194.0,
            "TV_p": 0.0,
            "AUP_p": 0.0
        },
        {
            "D": "202006",
            "TV": 2.0,
            "AUP": 23315.0,
            "TV_p": 0.0,
            "AUP_p": 5.050914661620258
        },
        {
            "D": "202007",
            "TV": 1.0,
            "AUP": 26064.0,
            "TV_p": -50.0,
            "AUP_p": 11.790692687111303
        },
        {
            "D": "202008",
            "TV": 1.0,
            "AUP": 23810.0,
            "TV_p": 0.0,
            "AUP_p": -8.647943523634131
        },
        {
            "D": "202009",
            "TV": 0.0,
            "AUP": 23810.0,
            "TV_p": 0.0,
            "AUP_p": 0.0
        },
        {
            "D": "202010",
            "TV": 3.0,
            "AUP": 20566.667,
            "TV_p": 0.0,
            "AUP_p": -13.621726165476685
        },
        {
            "D": "202011",
            "TV": 1.0,
            "AUP": 24590.0,
            "TV_p": -66.66666666666666,
            "AUP_p": 19.562396765601342
        },
        {
            "D": "202012",
            "TV": 2.0,
            "AUP": 24371.5,
            "TV_p": 100.0,
            "AUP_p": -0.8885725904839366
        },
        {
            "D": "202101",
            "TV": 3.0,
            "AUP": 23422.667,
            "TV_p": 50.0,
            "AUP_p": -3.893207229756062
        },
        {
            "D": "202102",
            "TV": 2.0,
            "AUP": 22740.0,
            "TV_p": -33.33333333333333,
            "AUP_p": -2.914557082675518
        },
        {
            "D": "202103",
            "TV": 2.0,
            "AUP": 22432.0,
            "TV_p": 0.0,
            "AUP_p": -1.3544415127528584
        },
        {
            "D": "202104",
            "TV": 2.0,
            "AUP": 22432.0,
            "TV_p": 0.0,
            "AUP_p": 0.0
        },
        {
            "D": "202105",
            "TV": 1.0,
            "AUP": 23278.0,
            "TV_p": -50.0,
            "AUP_p": 3.771398002853067
        },
        {
            "D": "202106",
            "TV": 2.0,
            "AUP": 24560.5,
            "TV_p": 100.0,
            "AUP_p": 5.509493942778589
        },
        {
            "D": "202107",
            "TV": 5.0,
            "AUP": 24907.6,
            "TV_p": 150.0,
            "AUP_p": 1.4132448443639118
        },
        {
            "D": "202108",
            "TV": 4.0,
            "AUP": 25124.0,
            "TV_p": -20.0,
            "AUP_p": 0.8688111259214114
        },
        {
            "D": "202109",
            "TV": 5.0,
            "AUP": 25644.4,
            "TV_p": 25.0,
            "AUP_p": 2.0713262219391875
        },
        {
            "D": "202110",
            "TV": 3.0,
            "AUP": 25839.0,
            "TV_p": -40.0,
            "AUP_p": 0.7588401366380128
        },
        {
            "D": "202111",
            "TV": 3.0,
            "AUP": 26316.333,
            "TV_p": 0.0,
            "AUP_p": 1.847335423197487
        },
        {
            "D": "202112",
            "TV": 2.0,
            "AUP": 22861.0,
            "TV_p": -33.33333333333333,
            "AUP_p": -13.129994213099518
        },
        {
            "D": "202201",
            "TV": 1.0,
            "AUP": 25850.0,
            "TV_p": -50.0,
            "AUP_p": 13.07466864966537
        },
        {
            "D": "202202",
            "TV": 3.0,
            "AUP": 24643.333,
            "TV_p": 200.0,
            "AUP_p": -4.667957446808516
        },
        {
            "D": "202203",
            "TV": 0.0,
            "AUP": 24643.333,
            "TV_p": 0.0,
            "AUP_p": 0.0
        },
        {
            "D": "202204",
            "TV": 5.0,
            "AUP": 25180.0,
            "TV_p": 0.0,
            "AUP_p": 2.1777370780161975
        },
        {
            "D": "202205",
            "TV": 3.0,
            "AUP": 25149.0,
            "TV_p": -40.0,
            "AUP_p": -0.12311358220810167
        },
        {
            "D": "202206",
            "TV": 0.0,
            "AUP": 25149.0,
            "TV_p": 0.0,
            "AUP_p": 0.0
        },
        {
            "D": "202207",
            "TV": 1.0,
            "AUP": 23978.0,
            "TV_p": 0.0,
            "AUP_p": -4.656248757405861
        },
        {
            "D": "202208",
            "TV": 0.0,
            "AUP": 23978.0,
            "TV_p": 0.0,
            "AUP_p": 0.0
        },
        {
            "D": "202209",
            "TV": 0.0,
            "AUP": 23978.0,
            "TV_p": 0.0,
            "AUP_p": 0.0
        },
        {
            "D": "202210",
            "TV": 4.0,
            "AUP": 22844.0,
            "TV_p": 0.0,
            "AUP_p": -4.729335223955292
        },
        {
            "D": "202211",
            "TV": 0.0,
            "AUP": 22844.0,
            "TV_p": 0.0,
            "AUP_p": 0.0
        },
        {
            "D": "202212",
            "TV": 0.0,
            "AUP": 22844.0,
            "TV_p": 0.0,
            "AUP_p": 0.0
        },
        {
            "D": "202301",
            "TV": 5.0,
            "AUP": 21218.4,
            "TV_p": 0.0,
            "AUP_p": -7.116091752757829
        },
        {
            "D": "202302",
            "TV": 1.0,
            "AUP": 21781.0,
            "TV_p": -80.0,
            "AUP_p": 2.651472307054248
        },
        {
            "D": "202303",
            "TV": 2.0,
            "AUP": 21247.0,
            "TV_p": 100.0,
            "AUP_p": -2.451678068040953
        },
        {
            "D": "202304",
            "TV": 2.0,
            "AUP": 22933.0,
            "TV_p": 0.0,
            "AUP_p": 7.935237915941073
        },
        {
            "D": "202305",
            "TV": 3.0,
            "AUP": 24674.0,
            "TV_p": 50.0,
            "AUP_p": 7.59168011162953
        },
        {
            "D": "202306",
            "TV": 1.0,
            "AUP": 22222.0,
            "TV_p": -66.66666666666666,
            "AUP_p": -9.9375861230445
        },
        {
            "D": "202307",
            "TV": 1.0,
            "AUP": 21944.0,
            "TV_p": 0.0,
            "AUP_p": -1.2510125101251013
        },
        {
            "D": "202308",
            "TV": 2.0,
            "AUP": 18847.0,
            "TV_p": 100.0,
            "AUP_p": -14.113197229310973
        },
        {
            "D": "202309",
            "TV": 1.0,
            "AUP": 18847.0,
            "TV_p": -50.0,
            "AUP_p": 0.0
        },
        {
            "D": "202310",
            "TV": 3.0,
            "AUP": 20781.333,
            "TV_p": 200.0,
            "AUP_p": 10.263346951769506
        },
        {
            "D": "202311",
            "TV": 0.0,
            "AUP": 20781.333,
            "TV_p": 0.0,
            "AUP_p": 0.0
        },
        {
            "D": "202312",
            "TV": 1.0,
            "AUP": 18557.0,
            "TV_p": 0.0,
            "AUP_p": -10.703514543556945
        },
        {
            "D": "202401",
            "TV": 0.0,
            "AUP": 18557.0,
            "TV_p": 0.0,
            "AUP_p": 0.0
        },
        {
            "D": "202402",
            "TV": 0.0,
            "AUP": 18557.0,
            "TV_p": 0.0,
            "AUP_p": 0.0
        },
        {
            "D": "202403",
            "TV": 1.0,
            "AUP": 17153.0,
            "TV_p": 0.0,
            "AUP_p": -7.565878105297193
        },
        {
            "D": "202404",
            "TV": 7.0,
            "AUP": 20608.714,
            "TV_p": 600.0,
            "AUP_p": 20.14641170640704
        },
        {
            "D": "202405",
            "TV": 3.0,
            "AUP": 19069.0,
            "TV_p": -57.14285714285714,
            "AUP_p": -7.471179424393001
        },
        {
            "D": "202406",
            "TV": 4.0,
            "AUP": 21278.75,
            "TV_p": 33.33333333333333,
            "AUP_p": 11.588179768210184
        },
        {
            "D": "202407",
            "TV": 2.0,
            "AUP": 20526.5,
            "TV_p": -50.0,
            "AUP_p": -3.5352170592727488
        }
    ],
    "MinDate": "201912",
    "MaxDate": "202407"
}