{
    "List": [
        {
            "D": "200908",
            "TV": 1.0,
            "AUP": 7667.0,
            "TV_p": 0.0,
            "AUP_p": 0.0
        },
        {
            "D": "200909",
            "TV": 0.0,
            "AUP": 7667.0,
            "TV_p": 0.0,
            "AUP_p": 0.0
        },
        {
            "D": "200910",
            "TV": 0.0,
            "AUP": 7667.0,
            "TV_p": 0.0,
            "AUP_p": 0.0
        },
        {
            "D": "200911",
            "TV": 1.0,
            "AUP": 7803.0,
            "TV_p": 0.0,
            "AUP_p": 1.7738359201773837
        },
        {
            "D": "200912",
            "TV": 0.0,
            "AUP": 7803.0,
            "TV_p": 0.0,
            "AUP_p": 0.0
        },
        {
            "D": "201001",
            "TV": 0.0,
            "AUP": 7803.0,
            "TV_p": 0.0,
            "AUP_p": 0.0
        },
        {
            "D": "201002",
            "TV": 0.0,
            "AUP": 7803.0,
            "TV_p": 0.0,
            "AUP_p": 0.0
        },
        {
            "D": "201003",
            "TV": 0.0,
            "AUP": 7803.0,
            "TV_p": 0.0,
            "AUP_p": 0.0
        },
        {
            "D": "201004",
            "TV": 0.0,
            "AUP": 7803.0,
            "TV_p": 0.0,
            "AUP_p": 0.0
        },
        {
            "D": "201005",
            "TV": 0.0,
            "AUP": 7803.0,
            "TV_p": 0.0,
            "AUP_p": 0.0
        },
        {
            "D": "201006",
            "TV": 0.0,
            "AUP": 7803.0,
            "TV_p": 0.0,
            "AUP_p": 0.0
        },
        {
            "D": "201007",
            "TV": 0.0,
            "AUP": 7803.0,
            "TV_p": 0.0,
            "AUP_p": 0.0
        },
        {
            "D": "201008",
            "TV": 0.0,
            "AUP": 7803.0,
            "TV_p": 0.0,
            "AUP_p": 0.0
        },
        {
            "D": "201009",
            "TV": 0.0,
            "AUP": 7803.0,
            "TV_p": 0.0,
            "AUP_p": 0.0
        },
        {
            "D": "201010",
            "TV": 1.0,
            "AUP": 7759.0,
            "TV_p": 0.0,
            "AUP_p": -0.5638856849929514
        },
        {
            "D": "201011",
            "TV": 3.0,
            "AUP": 8301.667,
            "TV_p": 200.0,
            "AUP_p": 6.9940284314988945
        },
        {
            "D": "201012",
            "TV": 2.0,
            "AUP": 9281.5,
            "TV_p": -33.33333333333333,
            "AUP_p": 11.80285084214439
        },
        {
            "D": "201101",
            "TV": 2.0,
            "AUP": 8758.0,
            "TV_p": 0.0,
            "AUP_p": -5.640252114421161
        },
        {
            "D": "201102",
            "TV": 3.0,
            "AUP": 8990.333,
            "TV_p": 50.0,
            "AUP_p": 2.652812662708387
        },
        {
            "D": "201103",
            "TV": 4.0,
            "AUP": 9030.5,
            "TV_p": 33.33333333333333,
            "AUP_p": 0.4467761707184245
        },
        {
            "D": "201104",
            "TV": 0.0,
            "AUP": 9030.5,
            "TV_p": 0.0,
            "AUP_p": 0.0
        },
        {
            "D": "201105",
            "TV": 5.0,
            "AUP": 9701.6,
            "TV_p": 0.0,
            "AUP_p": 7.431482199213779
        },
        {
            "D": "201106",
            "TV": 0.0,
            "AUP": 9701.6,
            "TV_p": 0.0,
            "AUP_p": 0.0
        },
        {
            "D": "201107",
            "TV": 2.0,
            "AUP": 9381.5,
            "TV_p": 0.0,
            "AUP_p": -3.2994557598746637
        },
        {
            "D": "201108",
            "TV": 2.0,
            "AUP": 10297.5,
            "TV_p": 0.0,
            "AUP_p": 9.763897031391569
        },
        {
            "D": "201109",
            "TV": 1.0,
            "AUP": 9482.0,
            "TV_p": -50.0,
            "AUP_p": -7.919397912114591
        },
        {
            "D": "201110",
            "TV": 1.0,
            "AUP": 9250.0,
            "TV_p": 0.0,
            "AUP_p": -2.446741193840962
        },
        {
            "D": "201111",
            "TV": 0.0,
            "AUP": 9250.0,
            "TV_p": 0.0,
            "AUP_p": 0.0
        },
        {
            "D": "201112",
            "TV": 0.0,
            "AUP": 9250.0,
            "TV_p": 0.0,
            "AUP_p": 0.0
        },
        {
            "D": "201201",
            "TV": 0.0,
            "AUP": 9250.0,
            "TV_p": 0.0,
            "AUP_p": 0.0
        },
        {
            "D": "201202",
            "TV": 0.0,
            "AUP": 9250.0,
            "TV_p": 0.0,
            "AUP_p": 0.0
        },
        {
            "D": "201203",
            "TV": 3.0,
            "AUP": 8689.0,
            "TV_p": 0.0,
            "AUP_p": -6.064864864864865
        },
        {
            "D": "201204",
            "TV": 1.0,
            "AUP": 10142.0,
            "TV_p": -66.66666666666666,
            "AUP_p": 16.722292553803662
        },
        {
            "D": "201205",
            "TV": 0.0,
            "AUP": 10142.0,
            "TV_p": 0.0,
            "AUP_p": 0.0
        },
        {
            "D": "201206",
            "TV": 2.0,
            "AUP": 10655.5,
            "TV_p": 0.0,
            "AUP_p": 5.063103924275291
        },
        {
            "D": "201207",
            "TV": 0.0,
            "AUP": 10655.5,
            "TV_p": 0.0,
            "AUP_p": 0.0
        },
        {
            "D": "201208",
            "TV": 2.0,
            "AUP": 10476.0,
            "TV_p": 0.0,
            "AUP_p": -1.6845760405424428
        },
        {
            "D": "201209",
            "TV": 2.0,
            "AUP": 11649.0,
            "TV_p": 0.0,
            "AUP_p": 11.197021764032074
        },
        {
            "D": "201210",
            "TV": 0.0,
            "AUP": 11649.0,
            "TV_p": 0.0,
            "AUP_p": 0.0
        },
        {
            "D": "201211",
            "TV": 2.0,
            "AUP": 10888.0,
            "TV_p": 0.0,
            "AUP_p": -6.532749592239677
        },
        {
            "D": "201212",
            "TV": 2.0,
            "AUP": 11220.5,
            "TV_p": 0.0,
            "AUP_p": 3.0538207200587806
        },
        {
            "D": "201301",
            "TV": 3.0,
            "AUP": 11788.333,
            "TV_p": 50.0,
            "AUP_p": 5.060677625774257
        },
        {
            "D": "201302",
            "TV": 0.0,
            "AUP": 11788.333,
            "TV_p": 0.0,
            "AUP_p": 0.0
        },
        {
            "D": "201303",
            "TV": 3.0,
            "AUP": 11391.0,
            "TV_p": 0.0,
            "AUP_p": -3.3705641143325518
        },
        {
            "D": "201304",
            "TV": 0.0,
            "AUP": 11391.0,
            "TV_p": 0.0,
            "AUP_p": 0.0
        },
        {
            "D": "201305",
            "TV": 0.0,
            "AUP": 11391.0,
            "TV_p": 0.0,
            "AUP_p": 0.0
        },
        {
            "D": "201306",
            "TV": 1.0,
            "AUP": 13042.0,
            "TV_p": 0.0,
            "AUP_p": 14.493898691949786
        },
        {
            "D": "201307",
            "TV": 2.0,
            "AUP": 11943.5,
            "TV_p": 100.0,
            "AUP_p": -8.42278791596381
        },
        {
            "D": "201308",
            "TV": 1.0,
            "AUP": 11476.0,
            "TV_p": -50.0,
            "AUP_p": -3.9142629882362794
        },
        {
            "D": "201309",
            "TV": 0.0,
            "AUP": 11476.0,
            "TV_p": 0.0,
            "AUP_p": 0.0
        },
        {
            "D": "201310",
            "TV": 0.0,
            "AUP": 11476.0,
            "TV_p": 0.0,
            "AUP_p": 0.0
        },
        {
            "D": "201311",
            "TV": 1.0,
            "AUP": 10603.0,
            "TV_p": 0.0,
            "AUP_p": -7.6071802021610315
        },
        {
            "D": "201312",
            "TV": 0.0,
            "AUP": 10603.0,
            "TV_p": 0.0,
            "AUP_p": 0.0
        },
        {
            "D": "201401",
            "TV": 0.0,
            "AUP": 10603.0,
            "TV_p": 0.0,
            "AUP_p": 0.0
        },
        {
            "D": "201402",
            "TV": 0.0,
            "AUP": 10603.0,
            "TV_p": 0.0,
            "AUP_p": 0.0
        },
        {
            "D": "201403",
            "TV": 0.0,
            "AUP": 10603.0,
            "TV_p": 0.0,
            "AUP_p": 0.0
        },
        {
            "D": "201404",
            "TV": 0.0,
            "AUP": 10603.0,
            "TV_p": 0.0,
            "AUP_p": 0.0
        },
        {
            "D": "201405",
            "TV": 0.0,
            "AUP": 10603.0,
            "TV_p": 0.0,
            "AUP_p": 0.0
        },
        {
            "D": "201406",
            "TV": 2.0,
            "AUP": 11881.0,
            "TV_p": 0.0,
            "AUP_p": 12.053192492690748
        },
        {
            "D": "201407",
            "TV": 1.0,
            "AUP": 13535.0,
            "TV_p": -50.0,
            "AUP_p": 13.921387088628903
        },
        {
            "D": "201408",
            "TV": 1.0,
            "AUP": 13674.0,
            "TV_p": 0.0,
            "AUP_p": 1.0269671222755818
        },
        {
            "D": "201409",
            "TV": 1.0,
            "AUP": 14398.0,
            "TV_p": 0.0,
            "AUP_p": 5.294719906391692
        },
        {
            "D": "201410",
            "TV": 2.0,
            "AUP": 14184.5,
            "TV_p": 100.0,
            "AUP_p": -1.4828448395610503
        },
        {
            "D": "201411",
            "TV": 0.0,
            "AUP": 14184.5,
            "TV_p": 0.0,
            "AUP_p": 0.0
        },
        {
            "D": "201412",
            "TV": 2.0,
            "AUP": 14128.0,
            "TV_p": 0.0,
            "AUP_p": -0.3983221121646868
        },
        {
            "D": "201501",
            "TV": 0.0,
            "AUP": 14128.0,
            "TV_p": 0.0,
            "AUP_p": 0.0
        },
        {
            "D": "201502",
            "TV": 0.0,
            "AUP": 14128.0,
            "TV_p": 0.0,
            "AUP_p": 0.0
        },
        {
            "D": "201503",
            "TV": 0.0,
            "AUP": 14128.0,
            "TV_p": 0.0,
            "AUP_p": 0.0
        },
        {
            "D": "201504",
            "TV": 0.0,
            "AUP": 14128.0,
            "TV_p": 0.0,
            "AUP_p": 0.0
        },
        {
            "D": "201505",
            "TV": 0.0,
            "AUP": 14128.0,
            "TV_p": 0.0,
            "AUP_p": 0.0
        },
        {
            "D": "201506",
            "TV": 1.0,
            "AUP": 16418.0,
            "TV_p": 0.0,
            "AUP_p": 16.208946772366932
        },
        {
            "D": "201507",
            "TV": 1.0,
            "AUP": 16964.0,
            "TV_p": 0.0,
            "AUP_p": 3.325618223900597
        },
        {
            "D": "201508",
            "TV": 1.0,
            "AUP": 13260.0,
            "TV_p": 0.0,
            "AUP_p": -21.834473001650554
        },
        {
            "D": "201509",
            "TV": 0.0,
            "AUP": 13260.0,
            "TV_p": 0.0,
            "AUP_p": 0.0
        },
        {
            "D": "201510",
            "TV": 1.0,
            "AUP": 12057.0,
            "TV_p": 0.0,
            "AUP_p": -9.072398190045249
        },
        {
            "D": "201511",
            "TV": 0.0,
            "AUP": 12057.0,
            "TV_p": 0.0,
            "AUP_p": 0.0
        },
        {
            "D": "201512",
            "TV": 0.0,
            "AUP": 12057.0,
            "TV_p": 0.0,
            "AUP_p": 0.0
        },
        {
            "D": "201601",
            "TV": 0.0,
            "AUP": 12057.0,
            "TV_p": 0.0,
            "AUP_p": 0.0
        },
        {
            "D": "201602",
            "TV": 0.0,
            "AUP": 12057.0,
            "TV_p": 0.0,
            "AUP_p": 0.0
        },
        {
            "D": "201603",
            "TV": 0.0,
            "AUP": 12057.0,
            "TV_p": 0.0,
            "AUP_p": 0.0
        },
        {
            "D": "201604",
            "TV": 1.0,
            "AUP": 12039.0,
            "TV_p": 0.0,
            "AUP_p": -0.1492908683752177
        },
        {
            "D": "201605",
            "TV": 0.0,
            "AUP": 12039.0,
            "TV_p": 0.0,
            "AUP_p": 0.0
        },
        {
            "D": "201606",
            "TV": 0.0,
            "AUP": 12039.0,
            "TV_p": 0.0,
            "AUP_p": 0.0
        },
        {
            "D": "201607",
            "TV": 0.0,
            "AUP": 12039.0,
            "TV_p": 0.0,
            "AUP_p": 0.0
        },
        {
            "D": "201608",
            "TV": 2.0,
            "AUP": 13491.0,
            "TV_p": 0.0,
            "AUP_p": 12.060802392225268
        },
        {
            "D": "201609",
            "TV": 1.0,
            "AUP": 16087.0,
            "TV_p": -50.0,
            "AUP_p": 19.242457934919578
        },
        {
            "D": "201610",
            "TV": 0.0,
            "AUP": 16087.0,
            "TV_p": 0.0,
            "AUP_p": 0.0
        },
        {
            "D": "201611",
            "TV": 1.0,
            "AUP": 13404.0,
            "TV_p": 0.0,
            "AUP_p": -16.678063032262074
        },
        {
            "D": "201612",
            "TV": 1.0,
            "AUP": 12659.0,
            "TV_p": 0.0,
            "AUP_p": -5.558042375410325
        },
        {
            "D": "201701",
            "TV": 1.0,
            "AUP": 16409.0,
            "TV_p": 0.0,
            "AUP_p": 29.623192985227902
        },
        {
            "D": "201702",
            "TV": 0.0,
            "AUP": 16409.0,
            "TV_p": 0.0,
            "AUP_p": 0.0
        },
        {
            "D": "201703",
            "TV": 0.0,
            "AUP": 16409.0,
            "TV_p": 0.0,
            "AUP_p": 0.0
        },
        {
            "D": "201704",
            "TV": 0.0,
            "AUP": 16409.0,
            "TV_p": 0.0,
            "AUP_p": 0.0
        },
        {
            "D": "201705",
            "TV": 0.0,
            "AUP": 16409.0,
            "TV_p": 0.0,
            "AUP_p": 0.0
        },
        {
            "D": "201706",
            "TV": 2.0,
            "AUP": 16345.5,
            "TV_p": 0.0,
            "AUP_p": -0.3869827533670547
        },
        {
            "D": "201707",
            "TV": 0.0,
            "AUP": 16345.5,
            "TV_p": 0.0,
            "AUP_p": 0.0
        },
        {
            "D": "201708",
            "TV": 0.0,
            "AUP": 16345.5,
            "TV_p": 0.0,
            "AUP_p": 0.0
        },
        {
            "D": "201709",
            "TV": 1.0,
            "AUP": 15270.0,
            "TV_p": 0.0,
            "AUP_p": -6.579792603468845
        },
        {
            "D": "201710",
            "TV": 1.0,
            "AUP": 18017.0,
            "TV_p": 0.0,
            "AUP_p": 17.98952193844139
        },
        {
            "D": "201711",
            "TV": 2.0,
            "AUP": 14115.0,
            "TV_p": 100.0,
            "AUP_p": -21.65732363878559
        },
        {
            "D": "201712",
            "TV": 1.0,
            "AUP": 13127.0,
            "TV_p": -50.0,
            "AUP_p": -6.999645766914629
        },
        {
            "D": "201801",
            "TV": 0.0,
            "AUP": 13127.0,
            "TV_p": 0.0,
            "AUP_p": 0.0
        },
        {
            "D": "201802",
            "TV": 0.0,
            "AUP": 13127.0,
            "TV_p": 0.0,
            "AUP_p": 0.0
        },
        {
            "D": "201803",
            "TV": 2.0,
            "AUP": 18519.5,
            "TV_p": 0.0,
            "AUP_p": 41.07945455930525
        },
        {
            "D": "201804",
            "TV": 1.0,
            "AUP": 16082.0,
            "TV_p": -50.0,
            "AUP_p": -13.161802424471503
        },
        {
            "D": "201805",
            "TV": 2.0,
            "AUP": 19972.5,
            "TV_p": 100.0,
            "AUP_p": 24.19164283049372
        },
        {
            "D": "201806",
            "TV": 0.0,
            "AUP": 19972.5,
            "TV_p": 0.0,
            "AUP_p": 0.0
        },
        {
            "D": "201807",
            "TV": 1.0,
            "AUP": 21637.0,
            "TV_p": 0.0,
            "AUP_p": 8.3339591938916
        },
        {
            "D": "201808",
            "TV": 1.0,
            "AUP": 22224.0,
            "TV_p": 0.0,
            "AUP_p": 2.7129454175717522
        },
        {
            "D": "201809",
            "TV": 0.0,
            "AUP": 22224.0,
            "TV_p": 0.0,
            "AUP_p": 0.0
        },
        {
            "D": "201810",
            "TV": 0.0,
            "AUP": 22224.0,
            "TV_p": 0.0,
            "AUP_p": 0.0
        },
        {
            "D": "201811",
            "TV": 0.0,
            "AUP": 22224.0,
            "TV_p": 0.0,
            "AUP_p": 0.0
        },
        {
            "D": "201812",
            "TV": 0.0,
            "AUP": 22224.0,
            "TV_p": 0.0,
            "AUP_p": 0.0
        },
        {
            "D": "201901",
            "TV": 0.0,
            "AUP": 22224.0,
            "TV_p": 0.0,
            "AUP_p": 0.0
        },
        {
            "D": "201902",
            "TV": 0.0,
            "AUP": 22224.0,
            "TV_p": 0.0,
            "AUP_p": 0.0
        },
        {
            "D": "201903",
            "TV": 1.0,
            "AUP": 15250.0,
            "TV_p": 0.0,
            "AUP_p": -31.380489560835134
        },
        {
            "D": "201904",
            "TV": 2.0,
            "AUP": 18100.0,
            "TV_p": 100.0,
            "AUP_p": 18.688524590163937
        },
        {
            "D": "201905",
            "TV": 1.0,
            "AUP": 20511.0,
            "TV_p": -50.0,
            "AUP_p": 13.320441988950277
        },
        {
            "D": "201906",
            "TV": 1.0,
            "AUP": 20823.0,
            "TV_p": 0.0,
            "AUP_p": 1.521135000731315
        },
        {
            "D": "201907",
            "TV": 0.0,
            "AUP": 20823.0,
            "TV_p": 0.0,
            "AUP_p": 0.0
        },
        {
            "D": "201908",
            "TV": 1.0,
            "AUP": 18142.0,
            "TV_p": 0.0,
            "AUP_p": -12.875186092301782
        },
        {
            "D": "201909",
            "TV": 0.0,
            "AUP": 18142.0,
            "TV_p": 0.0,
            "AUP_p": 0.0
        },
        {
            "D": "201910",
            "TV": 1.0,
            "AUP": 18142.0,
            "TV_p": 0.0,
            "AUP_p": 0.0
        },
        {
            "D": "201911",
            "TV": 1.0,
            "AUP": 15731.0,
            "TV_p": 0.0,
            "AUP_p": -13.289604233270863
        },
        {
            "D": "201912",
            "TV": 0.0,
            "AUP": 15731.0,
            "TV_p": 0.0,
            "AUP_p": 0.0
        },
        {
            "D": "202001",
            "TV": 1.0,
            "AUP": 19076.0,
            "TV_p": 0.0,
            "AUP_p": 21.26374674210158
        },
        {
            "D": "202002",
            "TV": 1.0,
            "AUP": 20565.0,
            "TV_p": 0.0,
            "AUP_p": 7.805619626756133
        },
        {
            "D": "202003",
            "TV": 0.0,
            "AUP": 20565.0,
            "TV_p": 0.0,
            "AUP_p": 0.0
        },
        {
            "D": "202004",
            "TV": 1.0,
            "AUP": 21352.0,
            "TV_p": 0.0,
            "AUP_p": 3.826890347678094
        },
        {
            "D": "202005",
            "TV": 2.0,
            "AUP": 20576.0,
            "TV_p": 100.0,
            "AUP_p": -3.634319970026227
        },
        {
            "D": "202006",
            "TV": 1.0,
            "AUP": 20723.0,
            "TV_p": -50.0,
            "AUP_p": 0.7144245723172629
        },
        {
            "D": "202007",
            "TV": 1.0,
            "AUP": 16454.0,
            "TV_p": 0.0,
            "AUP_p": -20.60029918448101
        },
        {
            "D": "202008",
            "TV": 1.0,
            "AUP": 20600.0,
            "TV_p": 0.0,
            "AUP_p": 25.197520359790932
        },
        {
            "D": "202009",
            "TV": 0.0,
            "AUP": 20600.0,
            "TV_p": 0.0,
            "AUP_p": 0.0
        },
        {
            "D": "202010",
            "TV": 1.0,
            "AUP": 16434.0,
            "TV_p": 0.0,
            "AUP_p": -20.223300970873787
        },
        {
            "D": "202011",
            "TV": 0.0,
            "AUP": 16434.0,
            "TV_p": 0.0,
            "AUP_p": 0.0
        },
        {
            "D": "202012",
            "TV": 0.0,
            "AUP": 16434.0,
            "TV_p": 0.0,
            "AUP_p": 0.0
        },
        {
            "D": "202101",
            "TV": 2.0,
            "AUP": 17778.0,
            "TV_p": 0.0,
            "AUP_p": 8.178167214311792
        },
        {
            "D": "202102",
            "TV": 0.0,
            "AUP": 17778.0,
            "TV_p": 0.0,
            "AUP_p": 0.0
        },
        {
            "D": "202103",
            "TV": 0.0,
            "AUP": 17778.0,
            "TV_p": 0.0,
            "AUP_p": 0.0
        },
        {
            "D": "202104",
            "TV": 4.0,
            "AUP": 18519.25,
            "TV_p": 0.0,
            "AUP_p": 4.169479131510856
        },
        {
            "D": "202105",
            "TV": 2.0,
            "AUP": 20680.0,
            "TV_p": -50.0,
            "AUP_p": 11.667589130229356
        },
        {
            "D": "202106",
            "TV": 2.0,
            "AUP": 18331.5,
            "TV_p": 0.0,
            "AUP_p": -11.356382978723405
        },
        {
            "D": "202107",
            "TV": 0.0,
            "AUP": 18331.5,
            "TV_p": 0.0,
            "AUP_p": 0.0
        },
        {
            "D": "202108",
            "TV": 1.0,
            "AUP": 20163.0,
            "TV_p": 0.0,
            "AUP_p": 9.99099909990999
        },
        {
            "D": "202109",
            "TV": 2.0,
            "AUP": 20617.5,
            "TV_p": 100.0,
            "AUP_p": 2.254128849873531
        },
        {
            "D": "202110",
            "TV": 0.0,
            "AUP": 20617.5,
            "TV_p": 0.0,
            "AUP_p": 0.0
        },
        {
            "D": "202111",
            "TV": 0.0,
            "AUP": 20617.5,
            "TV_p": 0.0,
            "AUP_p": 0.0
        },
        {
            "D": "202112",
            "TV": 1.0,
            "AUP": 20552.0,
            "TV_p": 0.0,
            "AUP_p": -0.317691281678186
        },
        {
            "D": "202201",
            "TV": 0.0,
            "AUP": 20552.0,
            "TV_p": 0.0,
            "AUP_p": 0.0
        },
        {
            "D": "202202",
            "TV": 0.0,
            "AUP": 20552.0,
            "TV_p": 0.0,
            "AUP_p": 0.0
        },
        {
            "D": "202203",
            "TV": 0.0,
            "AUP": 20552.0,
            "TV_p": 0.0,
            "AUP_p": 0.0
        },
        {
            "D": "202204",
            "TV": 0.0,
            "AUP": 20552.0,
            "TV_p": 0.0,
            "AUP_p": 0.0
        },
        {
            "D": "202205",
            "TV": 1.0,
            "AUP": 17154.0,
            "TV_p": 0.0,
            "AUP_p": -16.53367068898404
        },
        {
            "D": "202206",
            "TV": 2.0,
            "AUP": 19237.0,
            "TV_p": 100.0,
            "AUP_p": 12.142940422058995
        },
        {
            "D": "202207",
            "TV": 0.0,
            "AUP": 19237.0,
            "TV_p": 0.0,
            "AUP_p": 0.0
        },
        {
            "D": "202208",
            "TV": 0.0,
            "AUP": 19237.0,
            "TV_p": 0.0,
            "AUP_p": 0.0
        },
        {
            "D": "202209",
            "TV": 0.0,
            "AUP": 19237.0,
            "TV_p": 0.0,
            "AUP_p": 0.0
        },
        {
            "D": "202210",
            "TV": 0.0,
            "AUP": 19237.0,
            "TV_p": 0.0,
            "AUP_p": 0.0
        },
        {
            "D": "202211",
            "TV": 0.0,
            "AUP": 19237.0,
            "TV_p": 0.0,
            "AUP_p": 0.0
        },
        {
            "D": "202212",
            "TV": 0.0,
            "AUP": 19237.0,
            "TV_p": 0.0,
            "AUP_p": 0.0
        },
        {
            "D": "202301",
            "TV": 0.0,
            "AUP": 19237.0,
            "TV_p": 0.0,
            "AUP_p": 0.0
        },
        {
            "D": "202302",
            "TV": 0.0,
            "AUP": 19237.0,
            "TV_p": 0.0,
            "AUP_p": 0.0
        },
        {
            "D": "202303",
            "TV": 0.0,
            "AUP": 19237.0,
            "TV_p": 0.0,
            "AUP_p": 0.0
        },
        {
            "D": "202304",
            "TV": 0.0,
            "AUP": 19237.0,
            "TV_p": 0.0,
            "AUP_p": 0.0
        },
        {
            "D": "202305",
            "TV": 0.0,
            "AUP": 19237.0,
            "TV_p": 0.0,
            "AUP_p": 0.0
        },
        {
            "D": "202306",
            "TV": 1.0,
            "AUP": 14141.0,
            "TV_p": 0.0,
            "AUP_p": -26.490617040079012
        },
        {
            "D": "202307",
            "TV": 0.0,
            "AUP": 14141.0,
            "TV_p": 0.0,
            "AUP_p": 0.0
        },
        {
            "D": "202308",
            "TV": 0.0,
            "AUP": 14141.0,
            "TV_p": 0.0,
            "AUP_p": 0.0
        },
        {
            "D": "202309",
            "TV": 0.0,
            "AUP": 14141.0,
            "TV_p": 0.0,
            "AUP_p": 0.0
        },
        {
            "D": "202310",
            "TV": 1.0,
            "AUP": 14418.0,
            "TV_p": 0.0,
            "AUP_p": 1.9588430804044976
        },
        {
            "D": "202311",
            "TV": 0.0,
            "AUP": 14418.0,
            "TV_p": 0.0,
            "AUP_p": 0.0
        },
        {
            "D": "202312",
            "TV": 1.0,
            "AUP": 14476.0,
            "TV_p": 0.0,
            "AUP_p": 0.40227493411014015
        },
        {
            "D": "202401",
            "TV": 0.0,
            "AUP": 14476.0,
            "TV_p": 0.0,
            "AUP_p": 0.0
        },
        {
            "D": "202402",
            "TV": 0.0,
            "AUP": 14476.0,
            "TV_p": 0.0,
            "AUP_p": 0.0
        },
        {
            "D": "202403",
            "TV": 0.0,
            "AUP": 14476.0,
            "TV_p": 0.0,
            "AUP_p": 0.0
        },
        {
            "D": "202404",
            "TV": 0.0,
            "AUP": 14476.0,
            "TV_p": 0.0,
            "AUP_p": 0.0
        },
        {
            "D": "202405",
            "TV": 0.0,
            "AUP": 14476.0,
            "TV_p": 0.0,
            "AUP_p": 0.0
        },
        {
            "D": "202406",
            "TV": 0.0,
            "AUP": 14476.0,
            "TV_p": 0.0,
            "AUP_p": 0.0
        },
        {
            "D": "202407",
            "TV": 0.0,
            "AUP": 14476.0,
            "TV_p": 0.0,
            "AUP_p": 0.0
        }
    ],
    "MinDate": "200908",
    "MaxDate": "202407"
}