{
    "List": [
        {
            "D": "201709",
            "TV": 2.0,
            "AUP": 12930.0,
            "TV_p": 0.0,
            "AUP_p": 0.0
        },
        {
            "D": "201710",
            "TV": 1.0,
            "AUP": 15000.0,
            "TV_p": -50.0,
            "AUP_p": 16.009280742459396
        },
        {
            "D": "201711",
            "TV": 2.0,
            "AUP": 6899.0,
            "TV_p": 100.0,
            "AUP_p": -54.00666666666667
        },
        {
            "D": "201712",
            "TV": 0.0,
            "AUP": 6899.0,
            "TV_p": 0.0,
            "AUP_p": 0.0
        },
        {
            "D": "201801",
            "TV": 1.0,
            "AUP": 13548.0,
            "TV_p": 0.0,
            "AUP_p": 96.3762864183215
        },
        {
            "D": "201802",
            "TV": 1.0,
            "AUP": 11507.0,
            "TV_p": 0.0,
            "AUP_p": -15.064954236787717
        },
        {
            "D": "201803",
            "TV": 0.0,
            "AUP": 11507.0,
            "TV_p": 0.0,
            "AUP_p": 0.0
        },
        {
            "D": "201804",
            "TV": 0.0,
            "AUP": 11507.0,
            "TV_p": 0.0,
            "AUP_p": 0.0
        },
        {
            "D": "201805",
            "TV": 3.0,
            "AUP": 14377.0,
            "TV_p": 0.0,
            "AUP_p": 24.941340053880246
        },
        {
            "D": "201806",
            "TV": 2.0,
            "AUP": 15052.0,
            "TV_p": -33.33333333333333,
            "AUP_p": 4.694998956666899
        },
        {
            "D": "201807",
            "TV": 2.0,
            "AUP": 15688.5,
            "TV_p": 0.0,
            "AUP_p": 4.228673930374701
        },
        {
            "D": "201808",
            "TV": 1.0,
            "AUP": 15728.0,
            "TV_p": -50.0,
            "AUP_p": 0.25177677916945534
        },
        {
            "D": "201809",
            "TV": 0.0,
            "AUP": 15728.0,
            "TV_p": 0.0,
            "AUP_p": 0.0
        },
        {
            "D": "201810",
            "TV": 2.0,
            "AUP": 15371.5,
            "TV_p": 0.0,
            "AUP_p": -2.2666581892166837
        },
        {
            "D": "201811",
            "TV": 4.0,
            "AUP": 15496.0,
            "TV_p": 100.0,
            "AUP_p": 0.8099404742543017
        },
        {
            "D": "201812",
            "TV": 0.0,
            "AUP": 15496.0,
            "TV_p": 0.0,
            "AUP_p": 0.0
        },
        {
            "D": "201901",
            "TV": 0.0,
            "AUP": 15496.0,
            "TV_p": 0.0,
            "AUP_p": 0.0
        },
        {
            "D": "201902",
            "TV": 0.0,
            "AUP": 15496.0,
            "TV_p": 0.0,
            "AUP_p": 0.0
        },
        {
            "D": "201903",
            "TV": 0.0,
            "AUP": 15496.0,
            "TV_p": 0.0,
            "AUP_p": 0.0
        },
        {
            "D": "201904",
            "TV": 1.0,
            "AUP": 15640.0,
            "TV_p": 0.0,
            "AUP_p": 0.9292720702116675
        },
        {
            "D": "201905",
            "TV": 3.0,
            "AUP": 16023.333,
            "TV_p": 200.0,
            "AUP_p": 2.450980390025579
        },
        {
            "D": "201906",
            "TV": 4.0,
            "AUP": 16094.75,
            "TV_p": 33.33333333333333,
            "AUP_p": 0.4457041834916904
        },
        {
            "D": "201907",
            "TV": 2.0,
            "AUP": 15774.0,
            "TV_p": -50.0,
            "AUP_p": -1.9928858789356778
        },
        {
            "D": "201908",
            "TV": 1.0,
            "AUP": 16085.0,
            "TV_p": -50.0,
            "AUP_p": 1.9715988335235197
        },
        {
            "D": "201909",
            "TV": 2.0,
            "AUP": 15492.0,
            "TV_p": 100.0,
            "AUP_p": -3.686664594342555
        },
        {
            "D": "201910",
            "TV": 1.0,
            "AUP": 14771.0,
            "TV_p": -50.0,
            "AUP_p": -4.654014975471211
        },
        {
            "D": "201911",
            "TV": 0.0,
            "AUP": 14771.0,
            "TV_p": 0.0,
            "AUP_p": 0.0
        },
        {
            "D": "201912",
            "TV": 0.0,
            "AUP": 14771.0,
            "TV_p": 0.0,
            "AUP_p": 0.0
        },
        {
            "D": "202001",
            "TV": 0.0,
            "AUP": 14771.0,
            "TV_p": 0.0,
            "AUP_p": 0.0
        },
        {
            "D": "202002",
            "TV": 2.0,
            "AUP": 15318.0,
            "TV_p": 0.0,
            "AUP_p": 3.703202220567328
        },
        {
            "D": "202003",
            "TV": 2.0,
            "AUP": 15019.5,
            "TV_p": 0.0,
            "AUP_p": -1.9486878182530358
        },
        {
            "D": "202004",
            "TV": 0.0,
            "AUP": 15019.5,
            "TV_p": 0.0,
            "AUP_p": 0.0
        },
        {
            "D": "202005",
            "TV": 2.0,
            "AUP": 15106.0,
            "TV_p": 0.0,
            "AUP_p": 0.575917973301375
        },
        {
            "D": "202006",
            "TV": 0.0,
            "AUP": 15106.0,
            "TV_p": 0.0,
            "AUP_p": 0.0
        },
        {
            "D": "202007",
            "TV": 0.0,
            "AUP": 15106.0,
            "TV_p": 0.0,
            "AUP_p": 0.0
        },
        {
            "D": "202008",
            "TV": 3.0,
            "AUP": 16560.333,
            "TV_p": 0.0,
            "AUP_p": 9.627518866675484
        },
        {
            "D": "202009",
            "TV": 4.0,
            "AUP": 14850.25,
            "TV_p": 33.33333333333333,
            "AUP_p": -10.326380514208253
        },
        {
            "D": "202010",
            "TV": 4.0,
            "AUP": 14909.75,
            "TV_p": 0.0,
            "AUP_p": 0.40066665544351104
        },
        {
            "D": "202011",
            "TV": 1.0,
            "AUP": 14990.0,
            "TV_p": -75.0,
            "AUP_p": 0.5382384010462952
        },
        {
            "D": "202012",
            "TV": 1.0,
            "AUP": 14713.0,
            "TV_p": 0.0,
            "AUP_p": -1.847898599066044
        },
        {
            "D": "202101",
            "TV": 1.0,
            "AUP": 15509.0,
            "TV_p": 0.0,
            "AUP_p": 5.410181472167471
        },
        {
            "D": "202102",
            "TV": 0.0,
            "AUP": 15509.0,
            "TV_p": 0.0,
            "AUP_p": 0.0
        },
        {
            "D": "202103",
            "TV": 5.0,
            "AUP": 15679.0,
            "TV_p": 0.0,
            "AUP_p": 1.0961377264813978
        },
        {
            "D": "202104",
            "TV": 1.0,
            "AUP": 16248.0,
            "TV_p": -80.0,
            "AUP_p": 3.629057975636201
        },
        {
            "D": "202105",
            "TV": 2.0,
            "AUP": 15215.0,
            "TV_p": 100.0,
            "AUP_p": -6.3577055637616935
        },
        {
            "D": "202106",
            "TV": 1.0,
            "AUP": 14655.0,
            "TV_p": -50.0,
            "AUP_p": -3.6805783766020372
        },
        {
            "D": "202107",
            "TV": 2.0,
            "AUP": 16220.0,
            "TV_p": 100.0,
            "AUP_p": 10.678949164107813
        },
        {
            "D": "202108",
            "TV": 3.0,
            "AUP": 15903.0,
            "TV_p": 50.0,
            "AUP_p": -1.9543773119605428
        },
        {
            "D": "202109",
            "TV": 2.0,
            "AUP": 16344.5,
            "TV_p": -33.33333333333333,
            "AUP_p": 2.7762057473432686
        },
        {
            "D": "202110",
            "TV": 0.0,
            "AUP": 16344.5,
            "TV_p": 0.0,
            "AUP_p": 0.0
        },
        {
            "D": "202111",
            "TV": 1.0,
            "AUP": 16699.0,
            "TV_p": 0.0,
            "AUP_p": 2.168925326562452
        },
        {
            "D": "202112",
            "TV": 1.0,
            "AUP": 16054.0,
            "TV_p": 0.0,
            "AUP_p": -3.862506736930355
        },
        {
            "D": "202201",
            "TV": 1.0,
            "AUP": 16570.0,
            "TV_p": 0.0,
            "AUP_p": 3.2141522362028154
        },
        {
            "D": "202202",
            "TV": 0.0,
            "AUP": 16570.0,
            "TV_p": 0.0,
            "AUP_p": 0.0
        },
        {
            "D": "202203",
            "TV": 1.0,
            "AUP": 15379.0,
            "TV_p": 0.0,
            "AUP_p": -7.187688593844296
        },
        {
            "D": "202204",
            "TV": 2.0,
            "AUP": 16571.5,
            "TV_p": 100.0,
            "AUP_p": 7.754080239287339
        },
        {
            "D": "202205",
            "TV": 1.0,
            "AUP": 15643.0,
            "TV_p": -50.0,
            "AUP_p": -5.602993090547023
        },
        {
            "D": "202206",
            "TV": 0.0,
            "AUP": 15643.0,
            "TV_p": 0.0,
            "AUP_p": 0.0
        },
        {
            "D": "202207",
            "TV": 0.0,
            "AUP": 15643.0,
            "TV_p": 0.0,
            "AUP_p": 0.0
        },
        {
            "D": "202208",
            "TV": 4.0,
            "AUP": 16466.333,
            "TV_p": 0.0,
            "AUP_p": 5.263267915361496
        },
        {
            "D": "202209",
            "TV": 1.0,
            "AUP": 16466.333,
            "TV_p": -75.0,
            "AUP_p": 0.0
        },
        {
            "D": "202210",
            "TV": 0.0,
            "AUP": 16466.333,
            "TV_p": 0.0,
            "AUP_p": 0.0
        },
        {
            "D": "202211",
            "TV": 0.0,
            "AUP": 16466.333,
            "TV_p": 0.0,
            "AUP_p": 0.0
        },
        {
            "D": "202212",
            "TV": 1.0,
            "AUP": 17341.0,
            "TV_p": 0.0,
            "AUP_p": 5.31185054984617
        },
        {
            "D": "202301",
            "TV": 1.0,
            "AUP": 17341.0,
            "TV_p": 0.0,
            "AUP_p": 0.0
        },
        {
            "D": "202302",
            "TV": 0.0,
            "AUP": 17341.0,
            "TV_p": 0.0,
            "AUP_p": 0.0
        },
        {
            "D": "202303",
            "TV": 0.0,
            "AUP": 17341.0,
            "TV_p": 0.0,
            "AUP_p": 0.0
        },
        {
            "D": "202304",
            "TV": 2.0,
            "AUP": 16183.0,
            "TV_p": 0.0,
            "AUP_p": -6.677815581569691
        },
        {
            "D": "202305",
            "TV": 2.0,
            "AUP": 14798.0,
            "TV_p": 0.0,
            "AUP_p": -8.558363715009577
        },
        {
            "D": "202306",
            "TV": 2.0,
            "AUP": 14798.0,
            "TV_p": 0.0,
            "AUP_p": 0.0
        },
        {
            "D": "202307",
            "TV": 2.0,
            "AUP": 14798.0,
            "TV_p": 0.0,
            "AUP_p": 0.0
        },
        {
            "D": "202308",
            "TV": 0.0,
            "AUP": 14798.0,
            "TV_p": 0.0,
            "AUP_p": 0.0
        },
        {
            "D": "202309",
            "TV": 0.0,
            "AUP": 14798.0,
            "TV_p": 0.0,
            "AUP_p": 0.0
        },
        {
            "D": "202310",
            "TV": 0.0,
            "AUP": 14798.0,
            "TV_p": 0.0,
            "AUP_p": 0.0
        },
        {
            "D": "202311",
            "TV": 0.0,
            "AUP": 14798.0,
            "TV_p": 0.0,
            "AUP_p": 0.0
        },
        {
            "D": "202312",
            "TV": 0.0,
            "AUP": 14798.0,
            "TV_p": 0.0,
            "AUP_p": 0.0
        },
        {
            "D": "202401",
            "TV": 0.0,
            "AUP": 14798.0,
            "TV_p": 0.0,
            "AUP_p": 0.0
        },
        {
            "D": "202402",
            "TV": 1.0,
            "AUP": 11264.0,
            "TV_p": 0.0,
            "AUP_p": -23.881605622381404
        },
        {
            "D": "202403",
            "TV": 0.0,
            "AUP": 11264.0,
            "TV_p": 0.0,
            "AUP_p": 0.0
        },
        {
            "D": "202404",
            "TV": 2.0,
            "AUP": 11729.5,
            "TV_p": 0.0,
            "AUP_p": 4.132634943181818
        },
        {
            "D": "202405",
            "TV": 0.0,
            "AUP": 11729.5,
            "TV_p": 0.0,
            "AUP_p": 0.0
        },
        {
            "D": "202406",
            "TV": 0.0,
            "AUP": 11729.5,
            "TV_p": 0.0,
            "AUP_p": 0.0
        },
        {
            "D": "202407",
            "TV": 1.0,
            "AUP": 11412.0,
            "TV_p": 0.0,
            "AUP_p": -2.7068502493712434
        }
    ],
    "MinDate": "201709",
    "MaxDate": "202407"
}