{
    "List": [
        {
            "D": "199601",
            "TV": 1.0,
            "AUP": 2222.0,
            "TV_p": -50.0,
            "AUP_p": -5.224994668372787
        },
        {
            "D": "199602",
            "TV": 2.0,
            "AUP": 1965.5,
            "TV_p": 100.0,
            "AUP_p": -11.543654365436543
        },
        {
            "D": "199603",
            "TV": 1.0,
            "AUP": 1795.0,
            "TV_p": -50.0,
            "AUP_p": -8.674637496820148
        },
        {
            "D": "199604",
            "TV": 2.0,
            "AUP": 1875.0,
            "TV_p": 100.0,
            "AUP_p": 4.456824512534819
        },
        {
            "D": "199605",
            "TV": 1.0,
            "AUP": 624.0,
            "TV_p": -50.0,
            "AUP_p": -66.72
        },
        {
            "D": "199606",
            "TV": 0.0,
            "AUP": 624.0,
            "TV_p": 0.0,
            "AUP_p": 0.0
        },
        {
            "D": "199607",
            "TV": 1.0,
            "AUP": 2654.0,
            "TV_p": 0.0,
            "AUP_p": 325.3205128205128
        },
        {
            "D": "199608",
            "TV": 0.0,
            "AUP": 2654.0,
            "TV_p": 0.0,
            "AUP_p": 0.0
        },
        {
            "D": "199609",
            "TV": 1.0,
            "AUP": 2167.0,
            "TV_p": 0.0,
            "AUP_p": -18.349660889223813
        },
        {
            "D": "199610",
            "TV": 0.0,
            "AUP": 2167.0,
            "TV_p": 0.0,
            "AUP_p": 0.0
        },
        {
            "D": "199611",
            "TV": 1.0,
            "AUP": 2340.0,
            "TV_p": 0.0,
            "AUP_p": 7.98338717120443
        },
        {
            "D": "199612",
            "TV": 0.0,
            "AUP": 2340.0,
            "TV_p": 0.0,
            "AUP_p": 0.0
        },
        {
            "D": "199701",
            "TV": 4.0,
            "AUP": 2468.75,
            "TV_p": 0.0,
            "AUP_p": 5.502136752136752
        },
        {
            "D": "199702",
            "TV": 2.0,
            "AUP": 2500.5,
            "TV_p": -50.0,
            "AUP_p": 1.2860759493670886
        },
        {
            "D": "199703",
            "TV": 0.0,
            "AUP": 2500.5,
            "TV_p": 0.0,
            "AUP_p": 0.0
        },
        {
            "D": "199704",
            "TV": 4.0,
            "AUP": 3059.5,
            "TV_p": 0.0,
            "AUP_p": 22.355528894221155
        },
        {
            "D": "199705",
            "TV": 1.0,
            "AUP": 2919.0,
            "TV_p": -75.0,
            "AUP_p": -4.592253636215068
        },
        {
            "D": "199706",
            "TV": 1.0,
            "AUP": 2340.0,
            "TV_p": 0.0,
            "AUP_p": -19.835560123329905
        },
        {
            "D": "199707",
            "TV": 0.0,
            "AUP": 2340.0,
            "TV_p": 0.0,
            "AUP_p": 0.0
        },
        {
            "D": "199708",
            "TV": 1.0,
            "AUP": 4909.0,
            "TV_p": 0.0,
            "AUP_p": 109.7863247863248
        },
        {
            "D": "199709",
            "TV": 2.0,
            "AUP": 3660.5,
            "TV_p": 100.0,
            "AUP_p": -25.432878386636787
        },
        {
            "D": "199710",
            "TV": 2.0,
            "AUP": 2292.5,
            "TV_p": 0.0,
            "AUP_p": -37.37194372353503
        },
        {
            "D": "199711",
            "TV": 1.0,
            "AUP": 3859.0,
            "TV_p": -50.0,
            "AUP_p": 68.33151581243185
        },
        {
            "D": "199712",
            "TV": 0.0,
            "AUP": 3859.0,
            "TV_p": 0.0,
            "AUP_p": 0.0
        },
        {
            "D": "199801",
            "TV": 1.0,
            "AUP": 2953.0,
            "TV_p": 0.0,
            "AUP_p": -23.477584866545737
        },
        {
            "D": "199802",
            "TV": 0.0,
            "AUP": 2953.0,
            "TV_p": 0.0,
            "AUP_p": 0.0
        },
        {
            "D": "199803",
            "TV": 0.0,
            "AUP": 2953.0,
            "TV_p": 0.0,
            "AUP_p": 0.0
        },
        {
            "D": "199804",
            "TV": 0.0,
            "AUP": 2953.0,
            "TV_p": 0.0,
            "AUP_p": 0.0
        },
        {
            "D": "199805",
            "TV": 0.0,
            "AUP": 2953.0,
            "TV_p": 0.0,
            "AUP_p": 0.0
        },
        {
            "D": "199806",
            "TV": 0.0,
            "AUP": 2953.0,
            "TV_p": 0.0,
            "AUP_p": 0.0
        },
        {
            "D": "199807",
            "TV": 1.0,
            "AUP": 1772.0,
            "TV_p": 0.0,
            "AUP_p": -39.99322722654927
        },
        {
            "D": "199808",
            "TV": 0.0,
            "AUP": 1772.0,
            "TV_p": 0.0,
            "AUP_p": 0.0
        },
        {
            "D": "199809",
            "TV": 2.0,
            "AUP": 2188.5,
            "TV_p": 0.0,
            "AUP_p": 23.50451467268623
        },
        {
            "D": "199810",
            "TV": 1.0,
            "AUP": 1984.0,
            "TV_p": -50.0,
            "AUP_p": -9.344299748686314
        },
        {
            "D": "199811",
            "TV": 0.0,
            "AUP": 1984.0,
            "TV_p": 0.0,
            "AUP_p": 0.0
        },
        {
            "D": "199812",
            "TV": 0.0,
            "AUP": 1984.0,
            "TV_p": 0.0,
            "AUP_p": 0.0
        },
        {
            "D": "199901",
            "TV": 0.0,
            "AUP": 1984.0,
            "TV_p": 0.0,
            "AUP_p": 0.0
        },
        {
            "D": "199902",
            "TV": 0.0,
            "AUP": 1984.0,
            "TV_p": 0.0,
            "AUP_p": 0.0
        },
        {
            "D": "199903",
            "TV": 6.0,
            "AUP": 2098.333,
            "TV_p": 0.0,
            "AUP_p": 5.762768800403228
        },
        {
            "D": "199904",
            "TV": 0.0,
            "AUP": 2098.333,
            "TV_p": 0.0,
            "AUP_p": 0.0
        },
        {
            "D": "199905",
            "TV": 0.0,
            "AUP": 2098.333,
            "TV_p": 0.0,
            "AUP_p": 0.0
        },
        {
            "D": "199906",
            "TV": 2.0,
            "AUP": 2029.0,
            "TV_p": 0.0,
            "AUP_p": -3.304209674869614
        },
        {
            "D": "199907",
            "TV": 3.0,
            "AUP": 1771.0,
            "TV_p": 50.0,
            "AUP_p": -12.715623459832429
        },
        {
            "D": "199908",
            "TV": 1.0,
            "AUP": 1623.0,
            "TV_p": -66.66666666666666,
            "AUP_p": -8.356860530773574
        },
        {
            "D": "199909",
            "TV": 0.0,
            "AUP": 1623.0,
            "TV_p": 0.0,
            "AUP_p": 0.0
        },
        {
            "D": "199910",
            "TV": 0.0,
            "AUP": 1623.0,
            "TV_p": 0.0,
            "AUP_p": 0.0
        },
        {
            "D": "199911",
            "TV": 1.0,
            "AUP": 1958.0,
            "TV_p": 0.0,
            "AUP_p": 20.640788662969808
        },
        {
            "D": "199912",
            "TV": 2.0,
            "AUP": 2099.5,
            "TV_p": 100.0,
            "AUP_p": 7.226762002042901
        },
        {
            "D": "200001",
            "TV": 1.0,
            "AUP": 1762.0,
            "TV_p": -50.0,
            "AUP_p": -16.07525601333651
        },
        {
            "D": "200002",
            "TV": 1.0,
            "AUP": 1392.0,
            "TV_p": 0.0,
            "AUP_p": -20.998864926220204
        },
        {
            "D": "200003",
            "TV": 2.0,
            "AUP": 1718.0,
            "TV_p": 100.0,
            "AUP_p": 23.419540229885058
        },
        {
            "D": "200004",
            "TV": 2.0,
            "AUP": 1844.5,
            "TV_p": 0.0,
            "AUP_p": 7.363213038416763
        },
        {
            "D": "200005",
            "TV": 1.0,
            "AUP": 1578.0,
            "TV_p": -50.0,
            "AUP_p": -14.448359989156954
        },
        {
            "D": "200006",
            "TV": 1.0,
            "AUP": 1485.0,
            "TV_p": 0.0,
            "AUP_p": -5.893536121673003
        },
        {
            "D": "200007",
            "TV": 1.0,
            "AUP": 1726.0,
            "TV_p": 0.0,
            "AUP_p": 16.22895622895623
        },
        {
            "D": "200008",
            "TV": 4.0,
            "AUP": 1696.0,
            "TV_p": 300.0,
            "AUP_p": -1.738122827346466
        },
        {
            "D": "200009",
            "TV": 2.0,
            "AUP": 1851.0,
            "TV_p": -50.0,
            "AUP_p": 9.139150943396226
        },
        {
            "D": "200010",
            "TV": 1.0,
            "AUP": 1187.0,
            "TV_p": -50.0,
            "AUP_p": -35.872501350621285
        },
        {
            "D": "200011",
            "TV": 2.0,
            "AUP": 1490.5,
            "TV_p": 100.0,
            "AUP_p": 25.568660488626787
        },
        {
            "D": "200012",
            "TV": 2.0,
            "AUP": 1492.5,
            "TV_p": 0.0,
            "AUP_p": 0.13418316001341832
        },
        {
            "D": "200101",
            "TV": 2.0,
            "AUP": 1319.5,
            "TV_p": 0.0,
            "AUP_p": -11.591289782244555
        },
        {
            "D": "200102",
            "TV": 3.0,
            "AUP": 1549.667,
            "TV_p": 50.0,
            "AUP_p": 17.443476013641536
        },
        {
            "D": "200103",
            "TV": 0.0,
            "AUP": 1549.667,
            "TV_p": 0.0,
            "AUP_p": 0.0
        },
        {
            "D": "200104",
            "TV": 3.0,
            "AUP": 1622.0,
            "TV_p": 0.0,
            "AUP_p": 4.667670511795078
        },
        {
            "D": "200105",
            "TV": 1.0,
            "AUP": 1520.0,
            "TV_p": -66.66666666666666,
            "AUP_p": -6.288532675709001
        },
        {
            "D": "200106",
            "TV": 1.0,
            "AUP": 1914.0,
            "TV_p": 0.0,
            "AUP_p": 25.921052631578945
        },
        {
            "D": "200107",
            "TV": 3.0,
            "AUP": 1401.0,
            "TV_p": 200.0,
            "AUP_p": -26.802507836990596
        },
        {
            "D": "200108",
            "TV": 2.0,
            "AUP": 1418.0,
            "TV_p": -33.33333333333333,
            "AUP_p": 1.2134189864382585
        },
        {
            "D": "200109",
            "TV": 2.0,
            "AUP": 1237.0,
            "TV_p": 0.0,
            "AUP_p": -12.764456981664315
        },
        {
            "D": "200110",
            "TV": 0.0,
            "AUP": 1237.0,
            "TV_p": 0.0,
            "AUP_p": 0.0
        },
        {
            "D": "200111",
            "TV": 1.0,
            "AUP": 1415.0,
            "TV_p": 0.0,
            "AUP_p": 14.38965238480194
        },
        {
            "D": "200112",
            "TV": 1.0,
            "AUP": 1136.0,
            "TV_p": 0.0,
            "AUP_p": -19.71731448763251
        },
        {
            "D": "200201",
            "TV": 1.0,
            "AUP": 1409.0,
            "TV_p": 0.0,
            "AUP_p": 24.031690140845072
        },
        {
            "D": "200202",
            "TV": 1.0,
            "AUP": 1356.0,
            "TV_p": 0.0,
            "AUP_p": -3.7615330021291693
        },
        {
            "D": "200203",
            "TV": 1.0,
            "AUP": 1253.0,
            "TV_p": 0.0,
            "AUP_p": -7.595870206489676
        },
        {
            "D": "200204",
            "TV": 1.0,
            "AUP": 1213.0,
            "TV_p": 0.0,
            "AUP_p": -3.192338387869114
        },
        {
            "D": "200205",
            "TV": 2.0,
            "AUP": 1174.0,
            "TV_p": 100.0,
            "AUP_p": -3.215169002473207
        },
        {
            "D": "200206",
            "TV": 1.0,
            "AUP": 1140.0,
            "TV_p": -50.0,
            "AUP_p": -2.8960817717206133
        },
        {
            "D": "200207",
            "TV": 1.0,
            "AUP": 1249.0,
            "TV_p": 0.0,
            "AUP_p": 9.56140350877193
        },
        {
            "D": "200208",
            "TV": 1.0,
            "AUP": 1495.0,
            "TV_p": 0.0,
            "AUP_p": 19.695756605284227
        },
        {
            "D": "200209",
            "TV": 0.0,
            "AUP": 1495.0,
            "TV_p": 0.0,
            "AUP_p": 0.0
        },
        {
            "D": "200210",
            "TV": 3.0,
            "AUP": 1403.667,
            "TV_p": 0.0,
            "AUP_p": -6.109253110367888
        },
        {
            "D": "200211",
            "TV": 4.0,
            "AUP": 953.0,
            "TV_p": 33.33333333333333,
            "AUP_p": -32.10638799910064
        },
        {
            "D": "200212",
            "TV": 1.0,
            "AUP": 1139.0,
            "TV_p": -75.0,
            "AUP_p": 19.517313746065057
        },
        {
            "D": "200301",
            "TV": 1.0,
            "AUP": 1130.0,
            "TV_p": 0.0,
            "AUP_p": -0.7901668129938543
        },
        {
            "D": "200302",
            "TV": 1.0,
            "AUP": 1153.0,
            "TV_p": 0.0,
            "AUP_p": 2.0353982300884956
        },
        {
            "D": "200303",
            "TV": 2.0,
            "AUP": 1178.0,
            "TV_p": 100.0,
            "AUP_p": 2.168256721595837
        },
        {
            "D": "200304",
            "TV": 2.0,
            "AUP": 1272.5,
            "TV_p": 0.0,
            "AUP_p": 8.022071307300509
        },
        {
            "D": "200305",
            "TV": 4.0,
            "AUP": 1206.75,
            "TV_p": 100.0,
            "AUP_p": -5.166994106090373
        },
        {
            "D": "200306",
            "TV": 1.0,
            "AUP": 1027.0,
            "TV_p": -75.0,
            "AUP_p": -14.89538015330433
        },
        {
            "D": "200307",
            "TV": 0.0,
            "AUP": 1027.0,
            "TV_p": 0.0,
            "AUP_p": 0.0
        },
        {
            "D": "200308",
            "TV": 3.0,
            "AUP": 1132.333,
            "TV_p": 0.0,
            "AUP_p": 10.256410223953266
        },
        {
            "D": "200309",
            "TV": 0.0,
            "AUP": 1132.333,
            "TV_p": 0.0,
            "AUP_p": 0.0
        },
        {
            "D": "200310",
            "TV": 1.0,
            "AUP": 999.0,
            "TV_p": 0.0,
            "AUP_p": -11.775095646680926
        },
        {
            "D": "200311",
            "TV": 1.0,
            "AUP": 899.0,
            "TV_p": 0.0,
            "AUP_p": -10.01001001001001
        },
        {
            "D": "200312",
            "TV": 3.0,
            "AUP": 1234.0,
            "TV_p": 200.0,
            "AUP_p": 37.263626251390434
        },
        {
            "D": "200401",
            "TV": 1.0,
            "AUP": 1532.0,
            "TV_p": -66.66666666666666,
            "AUP_p": 24.149108589951375
        },
        {
            "D": "200402",
            "TV": 1.0,
            "AUP": 1319.0,
            "TV_p": 0.0,
            "AUP_p": -13.903394255874673
        },
        {
            "D": "200403",
            "TV": 3.0,
            "AUP": 1546.0,
            "TV_p": 200.0,
            "AUP_p": 17.210007581501138
        },
        {
            "D": "200404",
            "TV": 4.0,
            "AUP": 1605.75,
            "TV_p": 33.33333333333333,
            "AUP_p": 3.8648124191461837
        },
        {
            "D": "200405",
            "TV": 1.0,
            "AUP": 1472.0,
            "TV_p": -75.0,
            "AUP_p": -8.329441071150551
        },
        {
            "D": "200406",
            "TV": 1.0,
            "AUP": 1176.0,
            "TV_p": 0.0,
            "AUP_p": -20.108695652173914
        },
        {
            "D": "200407",
            "TV": 1.0,
            "AUP": 1168.0,
            "TV_p": 0.0,
            "AUP_p": -0.6802721088435374
        },
        {
            "D": "200408",
            "TV": 2.0,
            "AUP": 1298.5,
            "TV_p": 100.0,
            "AUP_p": 11.172945205479452
        },
        {
            "D": "200409",
            "TV": 1.0,
            "AUP": 1516.0,
            "TV_p": -50.0,
            "AUP_p": 16.750096264921062
        },
        {
            "D": "200410",
            "TV": 2.0,
            "AUP": 1891.0,
            "TV_p": 100.0,
            "AUP_p": 24.736147757255935
        },
        {
            "D": "200411",
            "TV": 4.0,
            "AUP": 1691.75,
            "TV_p": 100.0,
            "AUP_p": -10.536753040719196
        },
        {
            "D": "200412",
            "TV": 1.0,
            "AUP": 1636.0,
            "TV_p": -75.0,
            "AUP_p": -3.2954041672824
        },
        {
            "D": "200501",
            "TV": 0.0,
            "AUP": 1636.0,
            "TV_p": 0.0,
            "AUP_p": 0.0
        },
        {
            "D": "200502",
            "TV": 2.0,
            "AUP": 1670.0,
            "TV_p": 0.0,
            "AUP_p": 2.078239608801956
        },
        {
            "D": "200503",
            "TV": 2.0,
            "AUP": 1231.0,
            "TV_p": 0.0,
            "AUP_p": -26.2874251497006
        },
        {
            "D": "200504",
            "TV": 2.0,
            "AUP": 1434.5,
            "TV_p": 0.0,
            "AUP_p": 16.53127538586515
        },
        {
            "D": "200505",
            "TV": 6.0,
            "AUP": 1867.833,
            "TV_p": 200.0,
            "AUP_p": 30.20797023353085
        },
        {
            "D": "200506",
            "TV": 3.0,
            "AUP": 2064.667,
            "TV_p": -50.0,
            "AUP_p": 10.538056555820125
        },
        {
            "D": "200507",
            "TV": 1.0,
            "AUP": 1255.0,
            "TV_p": -66.66666666666666,
            "AUP_p": -39.21536969299819
        },
        {
            "D": "200508",
            "TV": 3.0,
            "AUP": 1940.0,
            "TV_p": 200.0,
            "AUP_p": 54.581673306772906
        },
        {
            "D": "200509",
            "TV": 1.0,
            "AUP": 1922.0,
            "TV_p": -66.66666666666666,
            "AUP_p": -0.9278350515463918
        },
        {
            "D": "200510",
            "TV": 2.0,
            "AUP": 1691.5,
            "TV_p": 100.0,
            "AUP_p": -11.992715920915712
        },
        {
            "D": "200511",
            "TV": 1.0,
            "AUP": 1593.0,
            "TV_p": -50.0,
            "AUP_p": -5.823233816139521
        },
        {
            "D": "200512",
            "TV": 0.0,
            "AUP": 1593.0,
            "TV_p": 0.0,
            "AUP_p": 0.0
        },
        {
            "D": "200601",
            "TV": 3.0,
            "AUP": 2017.667,
            "TV_p": 0.0,
            "AUP_p": 26.658296672944136
        },
        {
            "D": "200602",
            "TV": 1.0,
            "AUP": 1552.0,
            "TV_p": -66.66666666666666,
            "AUP_p": -23.079464702818264
        },
        {
            "D": "200603",
            "TV": 2.0,
            "AUP": 1893.5,
            "TV_p": 100.0,
            "AUP_p": 22.003865979381445
        },
        {
            "D": "200604",
            "TV": 2.0,
            "AUP": 1919.0,
            "TV_p": 0.0,
            "AUP_p": 1.3467124372854502
        },
        {
            "D": "200605",
            "TV": 3.0,
            "AUP": 2198.667,
            "TV_p": 50.0,
            "AUP_p": 14.573562584679525
        },
        {
            "D": "200606",
            "TV": 4.0,
            "AUP": 2162.0,
            "TV_p": 33.33333333333333,
            "AUP_p": -1.6676773504147024
        },
        {
            "D": "200607",
            "TV": 1.0,
            "AUP": 1952.0,
            "TV_p": -75.0,
            "AUP_p": -9.71322849213691
        },
        {
            "D": "200608",
            "TV": 5.0,
            "AUP": 2078.8,
            "TV_p": 400.0,
            "AUP_p": 6.495901639344272
        },
        {
            "D": "200609",
            "TV": 2.0,
            "AUP": 1882.0,
            "TV_p": -60.0,
            "AUP_p": -9.46700019241871
        },
        {
            "D": "200610",
            "TV": 1.0,
            "AUP": 1882.0,
            "TV_p": -50.0,
            "AUP_p": 0.0
        },
        {
            "D": "200611",
            "TV": 2.0,
            "AUP": 2300.5,
            "TV_p": 100.0,
            "AUP_p": 22.236981934112645
        },
        {
            "D": "200612",
            "TV": 1.0,
            "AUP": 1998.0,
            "TV_p": -50.0,
            "AUP_p": -13.149315366224734
        },
        {
            "D": "200701",
            "TV": 4.0,
            "AUP": 2127.25,
            "TV_p": 300.0,
            "AUP_p": 6.468968968968969
        },
        {
            "D": "200702",
            "TV": 2.0,
            "AUP": 2711.0,
            "TV_p": -50.0,
            "AUP_p": 27.441532495005287
        },
        {
            "D": "200703",
            "TV": 2.0,
            "AUP": 2054.0,
            "TV_p": 0.0,
            "AUP_p": -24.234599778679456
        },
        {
            "D": "200704",
            "TV": 2.0,
            "AUP": 2084.5,
            "TV_p": 0.0,
            "AUP_p": 1.4849074975657255
        },
        {
            "D": "200705",
            "TV": 2.0,
            "AUP": 2087.5,
            "TV_p": 0.0,
            "AUP_p": 0.14391940513312546
        },
        {
            "D": "200706",
            "TV": 4.0,
            "AUP": 1973.25,
            "TV_p": 100.0,
            "AUP_p": -5.473053892215569
        },
        {
            "D": "200707",
            "TV": 2.0,
            "AUP": 1869.0,
            "TV_p": -50.0,
            "AUP_p": -5.283162295705055
        },
        {
            "D": "200708",
            "TV": 5.0,
            "AUP": 2409.6,
            "TV_p": 150.0,
            "AUP_p": 28.924558587479932
        },
        {
            "D": "200709",
            "TV": 3.0,
            "AUP": 2228.0,
            "TV_p": -40.0,
            "AUP_p": -7.536520584329345
        },
        {
            "D": "200710",
            "TV": 1.0,
            "AUP": 2249.0,
            "TV_p": -66.66666666666666,
            "AUP_p": 0.9425493716337522
        },
        {
            "D": "200711",
            "TV": 0.0,
            "AUP": 2249.0,
            "TV_p": 0.0,
            "AUP_p": 0.0
        },
        {
            "D": "200712",
            "TV": 2.0,
            "AUP": 2654.5,
            "TV_p": 0.0,
            "AUP_p": 18.030235660293464
        },
        {
            "D": "200801",
            "TV": 1.0,
            "AUP": 2839.0,
            "TV_p": -50.0,
            "AUP_p": 6.950461480504804
        },
        {
            "D": "200802",
            "TV": 2.0,
            "AUP": 2643.5,
            "TV_p": 100.0,
            "AUP_p": -6.88622754491018
        },
        {
            "D": "200803",
            "TV": 1.0,
            "AUP": 3866.0,
            "TV_p": -50.0,
            "AUP_p": 46.24550784944203
        },
        {
            "D": "200804",
            "TV": 3.0,
            "AUP": 2615.0,
            "TV_p": 200.0,
            "AUP_p": -32.359027418520434
        },
        {
            "D": "200805",
            "TV": 4.0,
            "AUP": 2888.667,
            "TV_p": 33.33333333333333,
            "AUP_p": 10.465264474187382
        },
        {
            "D": "200806",
            "TV": 1.0,
            "AUP": 2726.0,
            "TV_p": -75.0,
            "AUP_p": -5.631202378405542
        },
        {
            "D": "200807",
            "TV": 4.0,
            "AUP": 3122.0,
            "TV_p": 300.0,
            "AUP_p": 14.526779163609685
        },
        {
            "D": "200808",
            "TV": 3.0,
            "AUP": 2843.667,
            "TV_p": -25.0,
            "AUP_p": -8.915225304292118
        },
        {
            "D": "200809",
            "TV": 4.0,
            "AUP": 2651.667,
            "TV_p": 33.33333333333333,
            "AUP_p": -6.751846209530382
        },
        {
            "D": "200810",
            "TV": 0.0,
            "AUP": 2651.667,
            "TV_p": 0.0,
            "AUP_p": 0.0
        },
        {
            "D": "200811",
            "TV": 0.0,
            "AUP": 2651.667,
            "TV_p": 0.0,
            "AUP_p": 0.0
        },
        {
            "D": "200812",
            "TV": 1.0,
            "AUP": 1415.0,
            "TV_p": 0.0,
            "AUP_p": -46.6373349960119
        },
        {
            "D": "200901",
            "TV": 2.0,
            "AUP": 3040.0,
            "TV_p": 100.0,
            "AUP_p": 114.84098939929328
        },
        {
            "D": "200902",
            "TV": 1.0,
            "AUP": 2403.0,
            "TV_p": -50.0,
            "AUP_p": -20.95394736842105
        },
        {
            "D": "200903",
            "TV": 0.0,
            "AUP": 2403.0,
            "TV_p": 0.0,
            "AUP_p": 0.0
        },
        {
            "D": "200904",
            "TV": 3.0,
            "AUP": 2259.667,
            "TV_p": 0.0,
            "AUP_p": -5.964766292134828
        },
        {
            "D": "200905",
            "TV": 6.0,
            "AUP": 2658.333,
            "TV_p": 100.0,
            "AUP_p": 17.642720185172656
        },
        {
            "D": "200906",
            "TV": 2.0,
            "AUP": 2492.5,
            "TV_p": -66.66666666666666,
            "AUP_p": -6.238244502349625
        },
        {
            "D": "200907",
            "TV": 0.0,
            "AUP": 2492.5,
            "TV_p": 0.0,
            "AUP_p": 0.0
        },
        {
            "D": "200908",
            "TV": 1.0,
            "AUP": 2785.0,
            "TV_p": 0.0,
            "AUP_p": 11.735205616850552
        },
        {
            "D": "200909",
            "TV": 1.0,
            "AUP": 2834.0,
            "TV_p": 0.0,
            "AUP_p": 1.7594254937163374
        },
        {
            "D": "200910",
            "TV": 3.0,
            "AUP": 3242.0,
            "TV_p": 200.0,
            "AUP_p": 14.396612561750178
        },
        {
            "D": "200911",
            "TV": 6.0,
            "AUP": 3321.667,
            "TV_p": 100.0,
            "AUP_p": 2.457330845157313
        },
        {
            "D": "200912",
            "TV": 0.0,
            "AUP": 3321.667,
            "TV_p": 0.0,
            "AUP_p": 0.0
        },
        {
            "D": "201001",
            "TV": 2.0,
            "AUP": 3098.0,
            "TV_p": 0.0,
            "AUP_p": -6.733567467482906
        },
        {
            "D": "201002",
            "TV": 5.0,
            "AUP": 3421.2,
            "TV_p": 150.0,
            "AUP_p": 10.432537120723042
        },
        {
            "D": "201003",
            "TV": 1.0,
            "AUP": 3669.0,
            "TV_p": -80.0,
            "AUP_p": 7.243072606103127
        },
        {
            "D": "201004",
            "TV": 6.0,
            "AUP": 3563.333,
            "TV_p": 500.0,
            "AUP_p": -2.879985472880893
        },
        {
            "D": "201005",
            "TV": 2.0,
            "AUP": 3097.5,
            "TV_p": -66.66666666666666,
            "AUP_p": -13.072965380081664
        },
        {
            "D": "201006",
            "TV": 3.0,
            "AUP": 3151.0,
            "TV_p": 50.0,
            "AUP_p": 1.7271993543179982
        },
        {
            "D": "201007",
            "TV": 1.0,
            "AUP": 3596.0,
            "TV_p": -66.66666666666666,
            "AUP_p": 14.12250079339892
        },
        {
            "D": "201008",
            "TV": 1.0,
            "AUP": 3537.0,
            "TV_p": 0.0,
            "AUP_p": -1.6407119021134595
        },
        {
            "D": "201009",
            "TV": 2.0,
            "AUP": 3516.0,
            "TV_p": 100.0,
            "AUP_p": -0.5937234944868532
        },
        {
            "D": "201010",
            "TV": 1.0,
            "AUP": 4627.0,
            "TV_p": -50.0,
            "AUP_p": 31.59840728100114
        },
        {
            "D": "201011",
            "TV": 1.0,
            "AUP": 3995.0,
            "TV_p": 0.0,
            "AUP_p": -13.65895828830776
        },
        {
            "D": "201012",
            "TV": 2.0,
            "AUP": 4069.5,
            "TV_p": 100.0,
            "AUP_p": 1.8648310387984983
        },
        {
            "D": "201101",
            "TV": 2.0,
            "AUP": 4678.5,
            "TV_p": 0.0,
            "AUP_p": 14.964983413195723
        },
        {
            "D": "201102",
            "TV": 1.0,
            "AUP": 3803.0,
            "TV_p": -50.0,
            "AUP_p": -18.713262797905312
        },
        {
            "D": "201103",
            "TV": 2.0,
            "AUP": 4298.0,
            "TV_p": 100.0,
            "AUP_p": 13.016039968445964
        },
        {
            "D": "201104",
            "TV": 3.0,
            "AUP": 4201.667,
            "TV_p": 50.0,
            "AUP_p": -2.2413525825965546
        },
        {
            "D": "201105",
            "TV": 1.0,
            "AUP": 4453.0,
            "TV_p": -66.66666666666666,
            "AUP_p": 5.9817532893267344
        },
        {
            "D": "201106",
            "TV": 2.0,
            "AUP": 3485.0,
            "TV_p": 100.0,
            "AUP_p": -21.738154053447115
        },
        {
            "D": "201107",
            "TV": 1.0,
            "AUP": 4513.0,
            "TV_p": -50.0,
            "AUP_p": 29.49784791965567
        },
        {
            "D": "201108",
            "TV": 0.0,
            "AUP": 4513.0,
            "TV_p": 0.0,
            "AUP_p": 0.0
        },
        {
            "D": "201109",
            "TV": 2.0,
            "AUP": 4934.0,
            "TV_p": 0.0,
            "AUP_p": 9.328606248615113
        },
        {
            "D": "201110",
            "TV": 0.0,
            "AUP": 4934.0,
            "TV_p": 0.0,
            "AUP_p": 0.0
        },
        {
            "D": "201111",
            "TV": 0.0,
            "AUP": 4934.0,
            "TV_p": 0.0,
            "AUP_p": 0.0
        },
        {
            "D": "201112",
            "TV": 0.0,
            "AUP": 4934.0,
            "TV_p": 0.0,
            "AUP_p": 0.0
        },
        {
            "D": "201201",
            "TV": 2.0,
            "AUP": 4199.0,
            "TV_p": 0.0,
            "AUP_p": -14.896635589785165
        },
        {
            "D": "201202",
            "TV": 0.0,
            "AUP": 4199.0,
            "TV_p": 0.0,
            "AUP_p": 0.0
        },
        {
            "D": "201203",
            "TV": 2.0,
            "AUP": 5307.5,
            "TV_p": 0.0,
            "AUP_p": 26.399142653012618
        },
        {
            "D": "201204",
            "TV": 1.0,
            "AUP": 5633.0,
            "TV_p": -50.0,
            "AUP_p": 6.132830899670278
        },
        {
            "D": "201205",
            "TV": 0.0,
            "AUP": 5633.0,
            "TV_p": 0.0,
            "AUP_p": 0.0
        },
        {
            "D": "201206",
            "TV": 1.0,
            "AUP": 5318.0,
            "TV_p": 0.0,
            "AUP_p": -5.592046866678501
        },
        {
            "D": "201207",
            "TV": 0.0,
            "AUP": 5318.0,
            "TV_p": 0.0,
            "AUP_p": 0.0
        },
        {
            "D": "201208",
            "TV": 0.0,
            "AUP": 5318.0,
            "TV_p": 0.0,
            "AUP_p": 0.0
        },
        {
            "D": "201209",
            "TV": 1.0,
            "AUP": 5935.0,
            "TV_p": 0.0,
            "AUP_p": 11.60210605490786
        },
        {
            "D": "201210",
            "TV": 0.0,
            "AUP": 5935.0,
            "TV_p": 0.0,
            "AUP_p": 0.0
        },
        {
            "D": "201211",
            "TV": 3.0,
            "AUP": 5081.667,
            "TV_p": 0.0,
            "AUP_p": -14.377983723673124
        },
        {
            "D": "201212",
            "TV": 1.0,
            "AUP": 6371.0,
            "TV_p": -66.66666666666666,
            "AUP_p": 25.372253214217416
        },
        {
            "D": "201301",
            "TV": 4.0,
            "AUP": 6390.0,
            "TV_p": 300.0,
            "AUP_p": 0.2982263380944906
        },
        {
            "D": "201302",
            "TV": 2.0,
            "AUP": 7074.5,
            "TV_p": -50.0,
            "AUP_p": 10.71205007824726
        },
        {
            "D": "201303",
            "TV": 2.0,
            "AUP": 7215.0,
            "TV_p": 0.0,
            "AUP_p": 1.9860060781680684
        },
        {
            "D": "201304",
            "TV": 0.0,
            "AUP": 7215.0,
            "TV_p": 0.0,
            "AUP_p": 0.0
        },
        {
            "D": "201305",
            "TV": 1.0,
            "AUP": 7215.0,
            "TV_p": 0.0,
            "AUP_p": 0.0
        },
        {
            "D": "201306",
            "TV": 0.0,
            "AUP": 7215.0,
            "TV_p": 0.0,
            "AUP_p": 0.0
        },
        {
            "D": "201307",
            "TV": 1.0,
            "AUP": 6296.0,
            "TV_p": 0.0,
            "AUP_p": -12.737352737352737
        },
        {
            "D": "201308",
            "TV": 0.0,
            "AUP": 6296.0,
            "TV_p": 0.0,
            "AUP_p": 0.0
        },
        {
            "D": "201309",
            "TV": 0.0,
            "AUP": 6296.0,
            "TV_p": 0.0,
            "AUP_p": 0.0
        },
        {
            "D": "201310",
            "TV": 0.0,
            "AUP": 6296.0,
            "TV_p": 0.0,
            "AUP_p": 0.0
        },
        {
            "D": "201311",
            "TV": 1.0,
            "AUP": 6814.0,
            "TV_p": 0.0,
            "AUP_p": 8.227445997458705
        },
        {
            "D": "201312",
            "TV": 0.0,
            "AUP": 6814.0,
            "TV_p": 0.0,
            "AUP_p": 0.0
        },
        {
            "D": "201401",
            "TV": 2.0,
            "AUP": 7713.0,
            "TV_p": 0.0,
            "AUP_p": 13.193425300851189
        },
        {
            "D": "201402",
            "TV": 1.0,
            "AUP": 5940.0,
            "TV_p": -50.0,
            "AUP_p": -22.987164527421236
        },
        {
            "D": "201403",
            "TV": 1.0,
            "AUP": 5505.0,
            "TV_p": 0.0,
            "AUP_p": -7.3232323232323235
        },
        {
            "D": "201404",
            "TV": 0.0,
            "AUP": 5505.0,
            "TV_p": 0.0,
            "AUP_p": 0.0
        },
        {
            "D": "201405",
            "TV": 0.0,
            "AUP": 5505.0,
            "TV_p": 0.0,
            "AUP_p": 0.0
        },
        {
            "D": "201406",
            "TV": 0.0,
            "AUP": 5505.0,
            "TV_p": 0.0,
            "AUP_p": 0.0
        },
        {
            "D": "201407",
            "TV": 0.0,
            "AUP": 5505.0,
            "TV_p": 0.0,
            "AUP_p": 0.0
        },
        {
            "D": "201408",
            "TV": 0.0,
            "AUP": 5505.0,
            "TV_p": 0.0,
            "AUP_p": 0.0
        },
        {
            "D": "201409",
            "TV": 3.0,
            "AUP": 7178.667,
            "TV_p": 0.0,
            "AUP_p": 30.402664232515896
        },
        {
            "D": "201410",
            "TV": 1.0,
            "AUP": 6786.0,
            "TV_p": -66.66666666666666,
            "AUP_p": -5.469910838175141
        },
        {
            "D": "201411",
            "TV": 0.0,
            "AUP": 6786.0,
            "TV_p": 0.0,
            "AUP_p": 0.0
        },
        {
            "D": "201412",
            "TV": 0.0,
            "AUP": 6786.0,
            "TV_p": 0.0,
            "AUP_p": 0.0
        },
        {
            "D": "201501",
            "TV": 1.0,
            "AUP": 7330.0,
            "TV_p": 0.0,
            "AUP_p": 8.016504568228706
        },
        {
            "D": "201502",
            "TV": 1.0,
            "AUP": 6998.0,
            "TV_p": 0.0,
            "AUP_p": -4.529331514324693
        },
        {
            "D": "201503",
            "TV": 1.0,
            "AUP": 6998.0,
            "TV_p": 0.0,
            "AUP_p": 0.0
        },
        {
            "D": "201504",
            "TV": 2.0,
            "AUP": 7794.5,
            "TV_p": 100.0,
            "AUP_p": 11.381823378108031
        },
        {
            "D": "201505",
            "TV": 2.0,
            "AUP": 7992.0,
            "TV_p": 0.0,
            "AUP_p": 2.5338379626659826
        },
        {
            "D": "201506",
            "TV": 1.0,
            "AUP": 7723.0,
            "TV_p": -50.0,
            "AUP_p": -3.3658658658658656
        },
        {
            "D": "201507",
            "TV": 2.0,
            "AUP": 7311.5,
            "TV_p": 100.0,
            "AUP_p": -5.328240321118736
        },
        {
            "D": "201508",
            "TV": 2.0,
            "AUP": 7442.0,
            "TV_p": 0.0,
            "AUP_p": 1.7848594679614305
        },
        {
            "D": "201509",
            "TV": 0.0,
            "AUP": 7442.0,
            "TV_p": 0.0,
            "AUP_p": 0.0
        },
        {
            "D": "201510",
            "TV": 1.0,
            "AUP": 7715.0,
            "TV_p": 0.0,
            "AUP_p": 3.6683687180865356
        },
        {
            "D": "201511",
            "TV": 0.0,
            "AUP": 7715.0,
            "TV_p": 0.0,
            "AUP_p": 0.0
        },
        {
            "D": "201512",
            "TV": 0.0,
            "AUP": 7715.0,
            "TV_p": 0.0,
            "AUP_p": 0.0
        },
        {
            "D": "201601",
            "TV": 0.0,
            "AUP": 7715.0,
            "TV_p": 0.0,
            "AUP_p": 0.0
        },
        {
            "D": "201602",
            "TV": 1.0,
            "AUP": 7470.0,
            "TV_p": 0.0,
            "AUP_p": -3.175631885936488
        },
        {
            "D": "201603",
            "TV": 0.0,
            "AUP": 7470.0,
            "TV_p": 0.0,
            "AUP_p": 0.0
        },
        {
            "D": "201604",
            "TV": 1.0,
            "AUP": 8643.0,
            "TV_p": 0.0,
            "AUP_p": 15.70281124497992
        },
        {
            "D": "201605",
            "TV": 0.0,
            "AUP": 8643.0,
            "TV_p": 0.0,
            "AUP_p": 0.0
        },
        {
            "D": "201606",
            "TV": 0.0,
            "AUP": 8643.0,
            "TV_p": 0.0,
            "AUP_p": 0.0
        },
        {
            "D": "201607",
            "TV": 1.0,
            "AUP": 6654.0,
            "TV_p": 0.0,
            "AUP_p": -23.012842762929537
        },
        {
            "D": "201608",
            "TV": 1.0,
            "AUP": 6654.0,
            "TV_p": 0.0,
            "AUP_p": 0.0
        },
        {
            "D": "201609",
            "TV": 1.0,
            "AUP": 8419.0,
            "TV_p": 0.0,
            "AUP_p": 26.525398256687705
        },
        {
            "D": "201610",
            "TV": 2.0,
            "AUP": 7806.5,
            "TV_p": 100.0,
            "AUP_p": -7.2752108326404565
        },
        {
            "D": "201611",
            "TV": 1.0,
            "AUP": 8116.0,
            "TV_p": -50.0,
            "AUP_p": 3.964644847242682
        },
        {
            "D": "201612",
            "TV": 0.0,
            "AUP": 8116.0,
            "TV_p": 0.0,
            "AUP_p": 0.0
        },
        {
            "D": "201701",
            "TV": 1.0,
            "AUP": 7422.0,
            "TV_p": 0.0,
            "AUP_p": -8.551010349926072
        },
        {
            "D": "201702",
            "TV": 1.0,
            "AUP": 7646.0,
            "TV_p": 0.0,
            "AUP_p": 3.0180544327674483
        },
        {
            "D": "201703",
            "TV": 1.0,
            "AUP": 8120.0,
            "TV_p": 0.0,
            "AUP_p": 6.199319905833115
        },
        {
            "D": "201704",
            "TV": 0.0,
            "AUP": 8120.0,
            "TV_p": 0.0,
            "AUP_p": 0.0
        },
        {
            "D": "201705",
            "TV": 1.0,
            "AUP": 9290.0,
            "TV_p": 0.0,
            "AUP_p": 14.408866995073891
        },
        {
            "D": "201706",
            "TV": 1.0,
            "AUP": 8884.0,
            "TV_p": 0.0,
            "AUP_p": -4.3702906350914965
        },
        {
            "D": "201707",
            "TV": 2.0,
            "AUP": 8426.5,
            "TV_p": 100.0,
            "AUP_p": -5.14970733903647
        },
        {
            "D": "201708",
            "TV": 1.0,
            "AUP": 9025.0,
            "TV_p": -50.0,
            "AUP_p": 7.1025930101465615
        },
        {
            "D": "201709",
            "TV": 0.0,
            "AUP": 9025.0,
            "TV_p": 0.0,
            "AUP_p": 0.0
        },
        {
            "D": "201710",
            "TV": 1.0,
            "AUP": 8785.0,
            "TV_p": 0.0,
            "AUP_p": -2.6592797783933517
        },
        {
            "D": "201711",
            "TV": 0.0,
            "AUP": 8785.0,
            "TV_p": 0.0,
            "AUP_p": 0.0
        },
        {
            "D": "201712",
            "TV": 0.0,
            "AUP": 8785.0,
            "TV_p": 0.0,
            "AUP_p": 0.0
        },
        {
            "D": "201801",
            "TV": 2.0,
            "AUP": 9074.0,
            "TV_p": 0.0,
            "AUP_p": 3.289698349459306
        },
        {
            "D": "201802",
            "TV": 0.0,
            "AUP": 9074.0,
            "TV_p": 0.0,
            "AUP_p": 0.0
        },
        {
            "D": "201803",
            "TV": 0.0,
            "AUP": 9074.0,
            "TV_p": 0.0,
            "AUP_p": 0.0
        },
        {
            "D": "201804",
            "TV": 0.0,
            "AUP": 9074.0,
            "TV_p": 0.0,
            "AUP_p": 0.0
        },
        {
            "D": "201805",
            "TV": 1.0,
            "AUP": 9074.0,
            "TV_p": 0.0,
            "AUP_p": 0.0
        },
        {
            "D": "201806",
            "TV": 1.0,
            "AUP": 11439.0,
            "TV_p": 0.0,
            "AUP_p": 26.063478069208728
        },
        {
            "D": "201807",
            "TV": 0.0,
            "AUP": 11439.0,
            "TV_p": 0.0,
            "AUP_p": 0.0
        },
        {
            "D": "201808",
            "TV": 0.0,
            "AUP": 11439.0,
            "TV_p": 0.0,
            "AUP_p": 0.0
        },
        {
            "D": "201809",
            "TV": 0.0,
            "AUP": 11439.0,
            "TV_p": 0.0,
            "AUP_p": 0.0
        },
        {
            "D": "201810",
            "TV": 1.0,
            "AUP": 9108.0,
            "TV_p": 0.0,
            "AUP_p": -20.377655389457118
        },
        {
            "D": "201811",
            "TV": 1.0,
            "AUP": 9108.0,
            "TV_p": 0.0,
            "AUP_p": 0.0
        },
        {
            "D": "201812",
            "TV": 0.0,
            "AUP": 9108.0,
            "TV_p": 0.0,
            "AUP_p": 0.0
        },
        {
            "D": "201901",
            "TV": 1.0,
            "AUP": 8566.0,
            "TV_p": 0.0,
            "AUP_p": -5.950812472551603
        },
        {
            "D": "201902",
            "TV": 2.0,
            "AUP": 9029.5,
            "TV_p": 100.0,
            "AUP_p": 5.410926920382909
        },
        {
            "D": "201903",
            "TV": 2.0,
            "AUP": 8840.5,
            "TV_p": 0.0,
            "AUP_p": -2.0931391549919707
        },
        {
            "D": "201904",
            "TV": 0.0,
            "AUP": 8840.5,
            "TV_p": 0.0,
            "AUP_p": 0.0
        },
        {
            "D": "201905",
            "TV": 1.0,
            "AUP": 8674.0,
            "TV_p": 0.0,
            "AUP_p": -1.8833776370114814
        },
        {
            "D": "201906",
            "TV": 0.0,
            "AUP": 8674.0,
            "TV_p": 0.0,
            "AUP_p": 0.0
        },
        {
            "D": "201907",
            "TV": 1.0,
            "AUP": 10454.0,
            "TV_p": 0.0,
            "AUP_p": 20.521097532856814
        },
        {
            "D": "201908",
            "TV": 1.0,
            "AUP": 10454.0,
            "TV_p": 0.0,
            "AUP_p": 0.0
        },
        {
            "D": "201909",
            "TV": 0.0,
            "AUP": 10454.0,
            "TV_p": 0.0,
            "AUP_p": 0.0
        },
        {
            "D": "201910",
            "TV": 1.0,
            "AUP": 4128.0,
            "TV_p": 0.0,
            "AUP_p": -60.51272240290798
        },
        {
            "D": "201911",
            "TV": 1.0,
            "AUP": 8875.0,
            "TV_p": 0.0,
            "AUP_p": 114.9951550387597
        },
        {
            "D": "201912",
            "TV": 0.0,
            "AUP": 8875.0,
            "TV_p": 0.0,
            "AUP_p": 0.0
        },
        {
            "D": "202001",
            "TV": 0.0,
            "AUP": 8875.0,
            "TV_p": 0.0,
            "AUP_p": 0.0
        },
        {
            "D": "202002",
            "TV": 0.0,
            "AUP": 8875.0,
            "TV_p": 0.0,
            "AUP_p": 0.0
        },
        {
            "D": "202003",
            "TV": 0.0,
            "AUP": 8875.0,
            "TV_p": 0.0,
            "AUP_p": 0.0
        },
        {
            "D": "202004",
            "TV": 2.0,
            "AUP": 8110.5,
            "TV_p": 0.0,
            "AUP_p": -8.614084507042254
        },
        {
            "D": "202005",
            "TV": 1.0,
            "AUP": 10357.0,
            "TV_p": -50.0,
            "AUP_p": 27.69866222797608
        },
        {
            "D": "202006",
            "TV": 0.0,
            "AUP": 10357.0,
            "TV_p": 0.0,
            "AUP_p": 0.0
        },
        {
            "D": "202007",
            "TV": 1.0,
            "AUP": 9375.0,
            "TV_p": 0.0,
            "AUP_p": -9.481510089794341
        },
        {
            "D": "202008",
            "TV": 1.0,
            "AUP": 10070.0,
            "TV_p": 0.0,
            "AUP_p": 7.413333333333333
        },
        {
            "D": "202009",
            "TV": 2.0,
            "AUP": 8761.5,
            "TV_p": 100.0,
            "AUP_p": -12.994041708043694
        },
        {
            "D": "202010",
            "TV": 0.0,
            "AUP": 8761.5,
            "TV_p": 0.0,
            "AUP_p": 0.0
        },
        {
            "D": "202011",
            "TV": 0.0,
            "AUP": 8761.5,
            "TV_p": 0.0,
            "AUP_p": 0.0
        },
        {
            "D": "202012",
            "TV": 0.0,
            "AUP": 8761.5,
            "TV_p": 0.0,
            "AUP_p": 0.0
        },
        {
            "D": "202101",
            "TV": 0.0,
            "AUP": 8761.5,
            "TV_p": 0.0,
            "AUP_p": 0.0
        },
        {
            "D": "202102",
            "TV": 0.0,
            "AUP": 8761.5,
            "TV_p": 0.0,
            "AUP_p": 0.0
        },
        {
            "D": "202103",
            "TV": 0.0,
            "AUP": 8761.5,
            "TV_p": 0.0,
            "AUP_p": 0.0
        },
        {
            "D": "202104",
            "TV": 2.0,
            "AUP": 11394.5,
            "TV_p": 0.0,
            "AUP_p": 30.051931746847
        },
        {
            "D": "202105",
            "TV": 0.0,
            "AUP": 11394.5,
            "TV_p": 0.0,
            "AUP_p": 0.0
        },
        {
            "D": "202106",
            "TV": 0.0,
            "AUP": 11394.5,
            "TV_p": 0.0,
            "AUP_p": 0.0
        },
        {
            "D": "202107",
            "TV": 0.0,
            "AUP": 11394.5,
            "TV_p": 0.0,
            "AUP_p": 0.0
        },
        {
            "D": "202108",
            "TV": 0.0,
            "AUP": 11394.5,
            "TV_p": 0.0,
            "AUP_p": 0.0
        },
        {
            "D": "202109",
            "TV": 0.0,
            "AUP": 11394.5,
            "TV_p": 0.0,
            "AUP_p": 0.0
        },
        {
            "D": "202110",
            "TV": 0.0,
            "AUP": 11394.5,
            "TV_p": 0.0,
            "AUP_p": 0.0
        },
        {
            "D": "202111",
            "TV": 1.0,
            "AUP": 10070.0,
            "TV_p": 0.0,
            "AUP_p": -11.624029136864277
        },
        {
            "D": "202112",
            "TV": 1.0,
            "AUP": 11500.0,
            "TV_p": 0.0,
            "AUP_p": 14.200595829195631
        },
        {
            "D": "202201",
            "TV": 0.0,
            "AUP": 11500.0,
            "TV_p": 0.0,
            "AUP_p": 0.0
        },
        {
            "D": "202202",
            "TV": 0.0,
            "AUP": 11500.0,
            "TV_p": 0.0,
            "AUP_p": 0.0
        },
        {
            "D": "202203",
            "TV": 0.0,
            "AUP": 11500.0,
            "TV_p": 0.0,
            "AUP_p": 0.0
        },
        {
            "D": "202204",
            "TV": 0.0,
            "AUP": 11500.0,
            "TV_p": 0.0,
            "AUP_p": 0.0
        },
        {
            "D": "202205",
            "TV": 1.0,
            "AUP": 9386.0,
            "TV_p": 0.0,
            "AUP_p": -18.382608695652173
        },
        {
            "D": "202206",
            "TV": 2.0,
            "AUP": 9434.0,
            "TV_p": 100.0,
            "AUP_p": 0.5113999573833369
        },
        {
            "D": "202207",
            "TV": 0.0,
            "AUP": 9434.0,
            "TV_p": 0.0,
            "AUP_p": 0.0
        },
        {
            "D": "202208",
            "TV": 0.0,
            "AUP": 9434.0,
            "TV_p": 0.0,
            "AUP_p": 0.0
        },
        {
            "D": "202209",
            "TV": 1.0,
            "AUP": 9434.0,
            "TV_p": 0.0,
            "AUP_p": 0.0
        },
        {
            "D": "202210",
            "TV": 3.0,
            "AUP": 9566.0,
            "TV_p": 200.0,
            "AUP_p": 1.399194403222387
        },
        {
            "D": "202211",
            "TV": 1.0,
            "AUP": 8728.0,
            "TV_p": -66.66666666666666,
            "AUP_p": -8.760192347898808
        },
        {
            "D": "202212",
            "TV": 0.0,
            "AUP": 8728.0,
            "TV_p": 0.0,
            "AUP_p": 0.0
        },
        {
            "D": "202301",
            "TV": 0.0,
            "AUP": 8728.0,
            "TV_p": 0.0,
            "AUP_p": 0.0
        },
        {
            "D": "202302",
            "TV": 1.0,
            "AUP": 8728.0,
            "TV_p": 0.0,
            "AUP_p": 0.0
        },
        {
            "D": "202303",
            "TV": 0.0,
            "AUP": 8728.0,
            "TV_p": 0.0,
            "AUP_p": 0.0
        },
        {
            "D": "202304",
            "TV": 0.0,
            "AUP": 8728.0,
            "TV_p": 0.0,
            "AUP_p": 0.0
        },
        {
            "D": "202305",
            "TV": 2.0,
            "AUP": 9662.0,
            "TV_p": 0.0,
            "AUP_p": 10.701191567369387
        },
        {
            "D": "202306",
            "TV": 0.0,
            "AUP": 9662.0,
            "TV_p": 0.0,
            "AUP_p": 0.0
        },
        {
            "D": "202307",
            "TV": 0.0,
            "AUP": 9662.0,
            "TV_p": 0.0,
            "AUP_p": 0.0
        },
        {
            "D": "202308",
            "TV": 1.0,
            "AUP": 8883.0,
            "TV_p": 0.0,
            "AUP_p": -8.062512937280067
        },
        {
            "D": "202309",
            "TV": 0.0,
            "AUP": 8883.0,
            "TV_p": 0.0,
            "AUP_p": 0.0
        },
        {
            "D": "202310",
            "TV": 0.0,
            "AUP": 8883.0,
            "TV_p": 0.0,
            "AUP_p": 0.0
        },
        {
            "D": "202311",
            "TV": 1.0,
            "AUP": 8883.0,
            "TV_p": 0.0,
            "AUP_p": 0.0
        },
        {
            "D": "202312",
            "TV": 0.0,
            "AUP": 8883.0,
            "TV_p": 0.0,
            "AUP_p": 0.0
        },
        {
            "D": "202401",
            "TV": 0.0,
            "AUP": 8883.0,
            "TV_p": 0.0,
            "AUP_p": 0.0
        },
        {
            "D": "202402",
            "TV": 0.0,
            "AUP": 8883.0,
            "TV_p": 0.0,
            "AUP_p": 0.0
        },
        {
            "D": "202403",
            "TV": 0.0,
            "AUP": 8883.0,
            "TV_p": 0.0,
            "AUP_p": 0.0
        },
        {
            "D": "202404",
            "TV": 1.0,
            "AUP": 6849.0,
            "TV_p": 0.0,
            "AUP_p": -22.897669706180345
        },
        {
            "D": "202405",
            "TV": 0.0,
            "AUP": 6849.0,
            "TV_p": 0.0,
            "AUP_p": 0.0
        },
        {
            "D": "202406",
            "TV": 1.0,
            "AUP": 7534.0,
            "TV_p": 0.0,
            "AUP_p": 10.001460067163089
        },
        {
            "D": "202407",
            "TV": 0.0,
            "AUP": 7534.0,
            "TV_p": 0.0,
            "AUP_p": 0.0
        }
    ],
    "MinDate": "199601",
    "MaxDate": "202407"
}