{
    "List": [
        {
            "D": "199601",
            "TV": 0.0,
            "AUP": 2650.0,
            "TV_p": 0.0,
            "AUP_p": 0.0
        },
        {
            "D": "199602",
            "TV": 0.0,
            "AUP": 2650.0,
            "TV_p": 0.0,
            "AUP_p": 0.0
        },
        {
            "D": "199603",
            "TV": 0.0,
            "AUP": 2650.0,
            "TV_p": 0.0,
            "AUP_p": 0.0
        },
        {
            "D": "199604",
            "TV": 0.0,
            "AUP": 2650.0,
            "TV_p": 0.0,
            "AUP_p": 0.0
        },
        {
            "D": "199605",
            "TV": 0.0,
            "AUP": 2650.0,
            "TV_p": 0.0,
            "AUP_p": 0.0
        },
        {
            "D": "199606",
            "TV": 1.0,
            "AUP": 2388.0,
            "TV_p": 0.0,
            "AUP_p": -9.88679245283019
        },
        {
            "D": "199607",
            "TV": 1.0,
            "AUP": 2367.0,
            "TV_p": 0.0,
            "AUP_p": -0.8793969849246231
        },
        {
            "D": "199608",
            "TV": 0.0,
            "AUP": 2367.0,
            "TV_p": 0.0,
            "AUP_p": 0.0
        },
        {
            "D": "199609",
            "TV": 2.0,
            "AUP": 2141.0,
            "TV_p": 0.0,
            "AUP_p": -9.547950992817913
        },
        {
            "D": "199610",
            "TV": 2.0,
            "AUP": 2519.0,
            "TV_p": 0.0,
            "AUP_p": 17.655301261092948
        },
        {
            "D": "199611",
            "TV": 0.0,
            "AUP": 2519.0,
            "TV_p": 0.0,
            "AUP_p": 0.0
        },
        {
            "D": "199612",
            "TV": 2.0,
            "AUP": 2982.0,
            "TV_p": 0.0,
            "AUP_p": 18.38030964668519
        },
        {
            "D": "199701",
            "TV": 2.0,
            "AUP": 3088.0,
            "TV_p": 0.0,
            "AUP_p": 3.5546613011401744
        },
        {
            "D": "199702",
            "TV": 1.0,
            "AUP": 3703.0,
            "TV_p": -50.0,
            "AUP_p": 19.91580310880829
        },
        {
            "D": "199703",
            "TV": 0.0,
            "AUP": 3703.0,
            "TV_p": 0.0,
            "AUP_p": 0.0
        },
        {
            "D": "199704",
            "TV": 2.0,
            "AUP": 2785.0,
            "TV_p": 0.0,
            "AUP_p": -24.79071023494464
        },
        {
            "D": "199705",
            "TV": 0.0,
            "AUP": 2785.0,
            "TV_p": 0.0,
            "AUP_p": 0.0
        },
        {
            "D": "199706",
            "TV": 3.0,
            "AUP": 2864.667,
            "TV_p": 0.0,
            "AUP_p": 2.860562513464994
        },
        {
            "D": "199707",
            "TV": 1.0,
            "AUP": 2456.0,
            "TV_p": -66.66666666666666,
            "AUP_p": -14.265766794104206
        },
        {
            "D": "199708",
            "TV": 4.0,
            "AUP": 3472.333,
            "TV_p": 300.0,
            "AUP_p": 41.38165036644951
        },
        {
            "D": "199709",
            "TV": 3.0,
            "AUP": 2718.333,
            "TV_p": -25.0,
            "AUP_p": -21.714505137920177
        },
        {
            "D": "199710",
            "TV": 0.0,
            "AUP": 2718.333,
            "TV_p": 0.0,
            "AUP_p": 0.0
        },
        {
            "D": "199711",
            "TV": 1.0,
            "AUP": 3494.0,
            "TV_p": 0.0,
            "AUP_p": 28.534641340102347
        },
        {
            "D": "199712",
            "TV": 1.0,
            "AUP": 1685.0,
            "TV_p": 0.0,
            "AUP_p": -51.774470520892955
        },
        {
            "D": "199801",
            "TV": 0.0,
            "AUP": 1685.0,
            "TV_p": 0.0,
            "AUP_p": 0.0
        },
        {
            "D": "199802",
            "TV": 1.0,
            "AUP": 2407.0,
            "TV_p": 0.0,
            "AUP_p": 42.8486646884273
        },
        {
            "D": "199803",
            "TV": 0.0,
            "AUP": 2407.0,
            "TV_p": 0.0,
            "AUP_p": 0.0
        },
        {
            "D": "199804",
            "TV": 0.0,
            "AUP": 2407.0,
            "TV_p": 0.0,
            "AUP_p": 0.0
        },
        {
            "D": "199805",
            "TV": 0.0,
            "AUP": 2407.0,
            "TV_p": 0.0,
            "AUP_p": 0.0
        },
        {
            "D": "199806",
            "TV": 1.0,
            "AUP": 1963.0,
            "TV_p": 0.0,
            "AUP_p": -18.44619858745326
        },
        {
            "D": "199807",
            "TV": 0.0,
            "AUP": 1963.0,
            "TV_p": 0.0,
            "AUP_p": 0.0
        },
        {
            "D": "199808",
            "TV": 0.0,
            "AUP": 1963.0,
            "TV_p": 0.0,
            "AUP_p": 0.0
        },
        {
            "D": "199809",
            "TV": 0.0,
            "AUP": 1963.0,
            "TV_p": 0.0,
            "AUP_p": 0.0
        },
        {
            "D": "199810",
            "TV": 1.0,
            "AUP": 1283.0,
            "TV_p": 0.0,
            "AUP_p": -34.64085583290881
        },
        {
            "D": "199811",
            "TV": 0.0,
            "AUP": 1283.0,
            "TV_p": 0.0,
            "AUP_p": 0.0
        },
        {
            "D": "199812",
            "TV": 0.0,
            "AUP": 1283.0,
            "TV_p": 0.0,
            "AUP_p": 0.0
        },
        {
            "D": "199901",
            "TV": 1.0,
            "AUP": 2310.0,
            "TV_p": 0.0,
            "AUP_p": 80.04676539360874
        },
        {
            "D": "199902",
            "TV": 0.0,
            "AUP": 2310.0,
            "TV_p": 0.0,
            "AUP_p": 0.0
        },
        {
            "D": "199903",
            "TV": 1.0,
            "AUP": 2431.0,
            "TV_p": 0.0,
            "AUP_p": 5.238095238095238
        },
        {
            "D": "199904",
            "TV": 0.0,
            "AUP": 2431.0,
            "TV_p": 0.0,
            "AUP_p": 0.0
        },
        {
            "D": "199905",
            "TV": 0.0,
            "AUP": 2431.0,
            "TV_p": 0.0,
            "AUP_p": 0.0
        },
        {
            "D": "199906",
            "TV": 0.0,
            "AUP": 2431.0,
            "TV_p": 0.0,
            "AUP_p": 0.0
        },
        {
            "D": "199907",
            "TV": 0.0,
            "AUP": 2431.0,
            "TV_p": 0.0,
            "AUP_p": 0.0
        },
        {
            "D": "199908",
            "TV": 2.0,
            "AUP": 1914.5,
            "TV_p": 0.0,
            "AUP_p": -21.246400658165363
        },
        {
            "D": "199909",
            "TV": 0.0,
            "AUP": 1914.5,
            "TV_p": 0.0,
            "AUP_p": 0.0
        },
        {
            "D": "199910",
            "TV": 0.0,
            "AUP": 1914.5,
            "TV_p": 0.0,
            "AUP_p": 0.0
        },
        {
            "D": "199911",
            "TV": 0.0,
            "AUP": 1914.5,
            "TV_p": 0.0,
            "AUP_p": 0.0
        },
        {
            "D": "199912",
            "TV": 1.0,
            "AUP": 2014.0,
            "TV_p": 0.0,
            "AUP_p": 5.197179420214155
        },
        {
            "D": "200001",
            "TV": 0.0,
            "AUP": 2014.0,
            "TV_p": 0.0,
            "AUP_p": 0.0
        },
        {
            "D": "200002",
            "TV": 0.0,
            "AUP": 2014.0,
            "TV_p": 0.0,
            "AUP_p": 0.0
        },
        {
            "D": "200003",
            "TV": 1.0,
            "AUP": 1950.0,
            "TV_p": 0.0,
            "AUP_p": -3.1777557100297913
        },
        {
            "D": "200004",
            "TV": 0.0,
            "AUP": 1950.0,
            "TV_p": 0.0,
            "AUP_p": 0.0
        },
        {
            "D": "200005",
            "TV": 0.0,
            "AUP": 1950.0,
            "TV_p": 0.0,
            "AUP_p": 0.0
        },
        {
            "D": "200006",
            "TV": 0.0,
            "AUP": 1950.0,
            "TV_p": 0.0,
            "AUP_p": 0.0
        },
        {
            "D": "200007",
            "TV": 0.0,
            "AUP": 1950.0,
            "TV_p": 0.0,
            "AUP_p": 0.0
        },
        {
            "D": "200008",
            "TV": 0.0,
            "AUP": 1950.0,
            "TV_p": 0.0,
            "AUP_p": 0.0
        },
        {
            "D": "200009",
            "TV": 0.0,
            "AUP": 1950.0,
            "TV_p": 0.0,
            "AUP_p": 0.0
        },
        {
            "D": "200010",
            "TV": 1.0,
            "AUP": 2130.0,
            "TV_p": 0.0,
            "AUP_p": 9.230769230769232
        },
        {
            "D": "200011",
            "TV": 0.0,
            "AUP": 2130.0,
            "TV_p": 0.0,
            "AUP_p": 0.0
        },
        {
            "D": "200012",
            "TV": 0.0,
            "AUP": 2130.0,
            "TV_p": 0.0,
            "AUP_p": 0.0
        },
        {
            "D": "200101",
            "TV": 0.0,
            "AUP": 2130.0,
            "TV_p": 0.0,
            "AUP_p": 0.0
        },
        {
            "D": "200102",
            "TV": 0.0,
            "AUP": 2130.0,
            "TV_p": 0.0,
            "AUP_p": 0.0
        },
        {
            "D": "200103",
            "TV": 0.0,
            "AUP": 2130.0,
            "TV_p": 0.0,
            "AUP_p": 0.0
        },
        {
            "D": "200104",
            "TV": 1.0,
            "AUP": 1244.0,
            "TV_p": 0.0,
            "AUP_p": -41.5962441314554
        },
        {
            "D": "200105",
            "TV": 0.0,
            "AUP": 1244.0,
            "TV_p": 0.0,
            "AUP_p": 0.0
        },
        {
            "D": "200106",
            "TV": 0.0,
            "AUP": 1244.0,
            "TV_p": 0.0,
            "AUP_p": 0.0
        },
        {
            "D": "200107",
            "TV": 0.0,
            "AUP": 1244.0,
            "TV_p": 0.0,
            "AUP_p": 0.0
        },
        {
            "D": "200108",
            "TV": 0.0,
            "AUP": 1244.0,
            "TV_p": 0.0,
            "AUP_p": 0.0
        },
        {
            "D": "200109",
            "TV": 0.0,
            "AUP": 1244.0,
            "TV_p": 0.0,
            "AUP_p": 0.0
        },
        {
            "D": "200110",
            "TV": 0.0,
            "AUP": 1244.0,
            "TV_p": 0.0,
            "AUP_p": 0.0
        },
        {
            "D": "200111",
            "TV": 0.0,
            "AUP": 1244.0,
            "TV_p": 0.0,
            "AUP_p": 0.0
        },
        {
            "D": "200112",
            "TV": 1.0,
            "AUP": 1433.0,
            "TV_p": 0.0,
            "AUP_p": 15.192926045016078
        },
        {
            "D": "200201",
            "TV": 0.0,
            "AUP": 1433.0,
            "TV_p": 0.0,
            "AUP_p": 0.0
        },
        {
            "D": "200202",
            "TV": 0.0,
            "AUP": 1433.0,
            "TV_p": 0.0,
            "AUP_p": 0.0
        },
        {
            "D": "200203",
            "TV": 0.0,
            "AUP": 1433.0,
            "TV_p": 0.0,
            "AUP_p": 0.0
        },
        {
            "D": "200204",
            "TV": 1.0,
            "AUP": 1409.0,
            "TV_p": 0.0,
            "AUP_p": -1.6748080949057922
        },
        {
            "D": "200205",
            "TV": 1.0,
            "AUP": 1445.0,
            "TV_p": 0.0,
            "AUP_p": 2.55500354861604
        },
        {
            "D": "200206",
            "TV": 1.0,
            "AUP": 1528.0,
            "TV_p": 0.0,
            "AUP_p": 5.743944636678201
        },
        {
            "D": "200207",
            "TV": 0.0,
            "AUP": 1528.0,
            "TV_p": 0.0,
            "AUP_p": 0.0
        },
        {
            "D": "200208",
            "TV": 1.0,
            "AUP": 1224.0,
            "TV_p": 0.0,
            "AUP_p": -19.895287958115183
        },
        {
            "D": "200209",
            "TV": 0.0,
            "AUP": 1224.0,
            "TV_p": 0.0,
            "AUP_p": 0.0
        },
        {
            "D": "200210",
            "TV": 1.0,
            "AUP": 1555.0,
            "TV_p": 0.0,
            "AUP_p": 27.042483660130717
        },
        {
            "D": "200211",
            "TV": 1.0,
            "AUP": 1314.0,
            "TV_p": 0.0,
            "AUP_p": -15.498392282958198
        },
        {
            "D": "200212",
            "TV": 0.0,
            "AUP": 1314.0,
            "TV_p": 0.0,
            "AUP_p": 0.0
        },
        {
            "D": "200301",
            "TV": 1.0,
            "AUP": 1227.0,
            "TV_p": 0.0,
            "AUP_p": -6.621004566210045
        },
        {
            "D": "200302",
            "TV": 1.0,
            "AUP": 1215.0,
            "TV_p": 0.0,
            "AUP_p": -0.9779951100244498
        },
        {
            "D": "200303",
            "TV": 0.0,
            "AUP": 1215.0,
            "TV_p": 0.0,
            "AUP_p": 0.0
        },
        {
            "D": "200304",
            "TV": 1.0,
            "AUP": 1548.0,
            "TV_p": 0.0,
            "AUP_p": 27.40740740740741
        },
        {
            "D": "200305",
            "TV": 0.0,
            "AUP": 1548.0,
            "TV_p": 0.0,
            "AUP_p": 0.0
        },
        {
            "D": "200306",
            "TV": 0.0,
            "AUP": 1548.0,
            "TV_p": 0.0,
            "AUP_p": 0.0
        },
        {
            "D": "200307",
            "TV": 0.0,
            "AUP": 1548.0,
            "TV_p": 0.0,
            "AUP_p": 0.0
        },
        {
            "D": "200308",
            "TV": 0.0,
            "AUP": 1548.0,
            "TV_p": 0.0,
            "AUP_p": 0.0
        },
        {
            "D": "200309",
            "TV": 0.0,
            "AUP": 1548.0,
            "TV_p": 0.0,
            "AUP_p": 0.0
        },
        {
            "D": "200310",
            "TV": 2.0,
            "AUP": 1330.5,
            "TV_p": 0.0,
            "AUP_p": -14.050387596899224
        },
        {
            "D": "200311",
            "TV": 0.0,
            "AUP": 1330.5,
            "TV_p": 0.0,
            "AUP_p": 0.0
        },
        {
            "D": "200312",
            "TV": 3.0,
            "AUP": 1532.333,
            "TV_p": 0.0,
            "AUP_p": 15.169735663284484
        },
        {
            "D": "200401",
            "TV": 0.0,
            "AUP": 1532.333,
            "TV_p": 0.0,
            "AUP_p": 0.0
        },
        {
            "D": "200402",
            "TV": 1.0,
            "AUP": 2138.0,
            "TV_p": 0.0,
            "AUP_p": 39.52577771144785
        },
        {
            "D": "200403",
            "TV": 2.0,
            "AUP": 1576.5,
            "TV_p": 100.0,
            "AUP_p": -26.262862488306826
        },
        {
            "D": "200404",
            "TV": 0.0,
            "AUP": 1576.5,
            "TV_p": 0.0,
            "AUP_p": 0.0
        },
        {
            "D": "200405",
            "TV": 0.0,
            "AUP": 1576.5,
            "TV_p": 0.0,
            "AUP_p": 0.0
        },
        {
            "D": "200406",
            "TV": 0.0,
            "AUP": 1576.5,
            "TV_p": 0.0,
            "AUP_p": 0.0
        },
        {
            "D": "200407",
            "TV": 1.0,
            "AUP": 1324.0,
            "TV_p": 0.0,
            "AUP_p": -16.016492229622582
        },
        {
            "D": "200408",
            "TV": 0.0,
            "AUP": 1324.0,
            "TV_p": 0.0,
            "AUP_p": 0.0
        },
        {
            "D": "200409",
            "TV": 1.0,
            "AUP": 1791.0,
            "TV_p": 0.0,
            "AUP_p": 35.27190332326284
        },
        {
            "D": "200410",
            "TV": 1.0,
            "AUP": 1503.0,
            "TV_p": 0.0,
            "AUP_p": -16.08040201005025
        },
        {
            "D": "200411",
            "TV": 1.0,
            "AUP": 1527.0,
            "TV_p": 0.0,
            "AUP_p": 1.5968063872255487
        },
        {
            "D": "200412",
            "TV": 0.0,
            "AUP": 1527.0,
            "TV_p": 0.0,
            "AUP_p": 0.0
        },
        {
            "D": "200501",
            "TV": 1.0,
            "AUP": 1795.0,
            "TV_p": 0.0,
            "AUP_p": 17.550753110674524
        },
        {
            "D": "200502",
            "TV": 0.0,
            "AUP": 1795.0,
            "TV_p": 0.0,
            "AUP_p": 0.0
        },
        {
            "D": "200503",
            "TV": 1.0,
            "AUP": 1968.0,
            "TV_p": 0.0,
            "AUP_p": 9.637883008356546
        },
        {
            "D": "200504",
            "TV": 1.0,
            "AUP": 2283.0,
            "TV_p": 0.0,
            "AUP_p": 16.00609756097561
        },
        {
            "D": "200505",
            "TV": 0.0,
            "AUP": 2283.0,
            "TV_p": 0.0,
            "AUP_p": 0.0
        },
        {
            "D": "200506",
            "TV": 0.0,
            "AUP": 2283.0,
            "TV_p": 0.0,
            "AUP_p": 0.0
        },
        {
            "D": "200507",
            "TV": 0.0,
            "AUP": 2283.0,
            "TV_p": 0.0,
            "AUP_p": 0.0
        },
        {
            "D": "200508",
            "TV": 1.0,
            "AUP": 2113.0,
            "TV_p": 0.0,
            "AUP_p": -7.4463425317564615
        },
        {
            "D": "200509",
            "TV": 0.0,
            "AUP": 2113.0,
            "TV_p": 0.0,
            "AUP_p": 0.0
        },
        {
            "D": "200510",
            "TV": 0.0,
            "AUP": 2113.0,
            "TV_p": 0.0,
            "AUP_p": 0.0
        },
        {
            "D": "200511",
            "TV": 0.0,
            "AUP": 2113.0,
            "TV_p": 0.0,
            "AUP_p": 0.0
        },
        {
            "D": "200512",
            "TV": 2.0,
            "AUP": 1884.0,
            "TV_p": 0.0,
            "AUP_p": -10.837671557027923
        },
        {
            "D": "200601",
            "TV": 1.0,
            "AUP": 1877.0,
            "TV_p": -50.0,
            "AUP_p": -0.3715498938428875
        },
        {
            "D": "200602",
            "TV": 0.0,
            "AUP": 1877.0,
            "TV_p": 0.0,
            "AUP_p": 0.0
        },
        {
            "D": "200603",
            "TV": 0.0,
            "AUP": 1877.0,
            "TV_p": 0.0,
            "AUP_p": 0.0
        },
        {
            "D": "200604",
            "TV": 1.0,
            "AUP": 2407.0,
            "TV_p": 0.0,
            "AUP_p": 28.23654768247203
        },
        {
            "D": "200605",
            "TV": 0.0,
            "AUP": 2407.0,
            "TV_p": 0.0,
            "AUP_p": 0.0
        },
        {
            "D": "200606",
            "TV": 0.0,
            "AUP": 2407.0,
            "TV_p": 0.0,
            "AUP_p": 0.0
        },
        {
            "D": "200607",
            "TV": 0.0,
            "AUP": 2407.0,
            "TV_p": 0.0,
            "AUP_p": 0.0
        },
        {
            "D": "200608",
            "TV": 0.0,
            "AUP": 2407.0,
            "TV_p": 0.0,
            "AUP_p": 0.0
        },
        {
            "D": "200609",
            "TV": 0.0,
            "AUP": 2407.0,
            "TV_p": 0.0,
            "AUP_p": 0.0
        },
        {
            "D": "200610",
            "TV": 1.0,
            "AUP": 2070.0,
            "TV_p": 0.0,
            "AUP_p": -14.000830909846282
        },
        {
            "D": "200611",
            "TV": 1.0,
            "AUP": 1815.0,
            "TV_p": 0.0,
            "AUP_p": -12.318840579710146
        },
        {
            "D": "200612",
            "TV": 0.0,
            "AUP": 1815.0,
            "TV_p": 0.0,
            "AUP_p": 0.0
        },
        {
            "D": "200701",
            "TV": 1.0,
            "AUP": 2006.0,
            "TV_p": 0.0,
            "AUP_p": 10.523415977961433
        },
        {
            "D": "200702",
            "TV": 1.0,
            "AUP": 2647.0,
            "TV_p": 0.0,
            "AUP_p": 31.954137587238286
        },
        {
            "D": "200703",
            "TV": 2.0,
            "AUP": 2594.5,
            "TV_p": 100.0,
            "AUP_p": -1.9833774083868532
        },
        {
            "D": "200704",
            "TV": 0.0,
            "AUP": 2594.5,
            "TV_p": 0.0,
            "AUP_p": 0.0
        },
        {
            "D": "200705",
            "TV": 0.0,
            "AUP": 2594.5,
            "TV_p": 0.0,
            "AUP_p": 0.0
        },
        {
            "D": "200706",
            "TV": 0.0,
            "AUP": 2594.5,
            "TV_p": 0.0,
            "AUP_p": 0.0
        },
        {
            "D": "200707",
            "TV": 0.0,
            "AUP": 2594.5,
            "TV_p": 0.0,
            "AUP_p": 0.0
        },
        {
            "D": "200708",
            "TV": 0.0,
            "AUP": 2594.5,
            "TV_p": 0.0,
            "AUP_p": 0.0
        },
        {
            "D": "200709",
            "TV": 1.0,
            "AUP": 1876.0,
            "TV_p": 0.0,
            "AUP_p": -27.693197147812683
        },
        {
            "D": "200710",
            "TV": 0.0,
            "AUP": 1876.0,
            "TV_p": 0.0,
            "AUP_p": 0.0
        },
        {
            "D": "200711",
            "TV": 1.0,
            "AUP": 1911.0,
            "TV_p": 0.0,
            "AUP_p": 1.8656716417910446
        },
        {
            "D": "200712",
            "TV": 0.0,
            "AUP": 1911.0,
            "TV_p": 0.0,
            "AUP_p": 0.0
        },
        {
            "D": "200801",
            "TV": 0.0,
            "AUP": 1911.0,
            "TV_p": 0.0,
            "AUP_p": 0.0
        },
        {
            "D": "200802",
            "TV": 2.0,
            "AUP": 3079.5,
            "TV_p": 0.0,
            "AUP_p": 61.14599686028257
        },
        {
            "D": "200803",
            "TV": 0.0,
            "AUP": 3079.5,
            "TV_p": 0.0,
            "AUP_p": 0.0
        },
        {
            "D": "200804",
            "TV": 0.0,
            "AUP": 3079.5,
            "TV_p": 0.0,
            "AUP_p": 0.0
        },
        {
            "D": "200805",
            "TV": 0.0,
            "AUP": 3079.5,
            "TV_p": 0.0,
            "AUP_p": 0.0
        },
        {
            "D": "200806",
            "TV": 0.0,
            "AUP": 3079.5,
            "TV_p": 0.0,
            "AUP_p": 0.0
        },
        {
            "D": "200807",
            "TV": 0.0,
            "AUP": 3079.5,
            "TV_p": 0.0,
            "AUP_p": 0.0
        },
        {
            "D": "200808",
            "TV": 0.0,
            "AUP": 3079.5,
            "TV_p": 0.0,
            "AUP_p": 0.0
        },
        {
            "D": "200809",
            "TV": 1.0,
            "AUP": 3148.0,
            "TV_p": 0.0,
            "AUP_p": 2.2243870758239974
        },
        {
            "D": "200810",
            "TV": 1.0,
            "AUP": 3518.0,
            "TV_p": 0.0,
            "AUP_p": 11.753494282083862
        },
        {
            "D": "200811",
            "TV": 0.0,
            "AUP": 3518.0,
            "TV_p": 0.0,
            "AUP_p": 0.0
        },
        {
            "D": "200812",
            "TV": 0.0,
            "AUP": 3518.0,
            "TV_p": 0.0,
            "AUP_p": 0.0
        },
        {
            "D": "200901",
            "TV": 0.0,
            "AUP": 3518.0,
            "TV_p": 0.0,
            "AUP_p": 0.0
        },
        {
            "D": "200902",
            "TV": 1.0,
            "AUP": 2765.0,
            "TV_p": 0.0,
            "AUP_p": -21.404206935758953
        },
        {
            "D": "200903",
            "TV": 0.0,
            "AUP": 2765.0,
            "TV_p": 0.0,
            "AUP_p": 0.0
        },
        {
            "D": "200904",
            "TV": 0.0,
            "AUP": 2765.0,
            "TV_p": 0.0,
            "AUP_p": 0.0
        },
        {
            "D": "200905",
            "TV": 0.0,
            "AUP": 2765.0,
            "TV_p": 0.0,
            "AUP_p": 0.0
        },
        {
            "D": "200906",
            "TV": 1.0,
            "AUP": 2624.0,
            "TV_p": 0.0,
            "AUP_p": -5.099457504520796
        },
        {
            "D": "200907",
            "TV": 0.0,
            "AUP": 2624.0,
            "TV_p": 0.0,
            "AUP_p": 0.0
        },
        {
            "D": "200908",
            "TV": 0.0,
            "AUP": 2624.0,
            "TV_p": 0.0,
            "AUP_p": 0.0
        },
        {
            "D": "200909",
            "TV": 0.0,
            "AUP": 2624.0,
            "TV_p": 0.0,
            "AUP_p": 0.0
        },
        {
            "D": "200910",
            "TV": 0.0,
            "AUP": 2624.0,
            "TV_p": 0.0,
            "AUP_p": 0.0
        },
        {
            "D": "200911",
            "TV": 1.0,
            "AUP": 4203.0,
            "TV_p": 0.0,
            "AUP_p": 60.175304878048784
        },
        {
            "D": "200912",
            "TV": 0.0,
            "AUP": 4203.0,
            "TV_p": 0.0,
            "AUP_p": 0.0
        },
        {
            "D": "201001",
            "TV": 1.0,
            "AUP": 4077.0,
            "TV_p": 0.0,
            "AUP_p": -2.9978586723768736
        },
        {
            "D": "201002",
            "TV": 1.0,
            "AUP": 3821.0,
            "TV_p": 0.0,
            "AUP_p": -6.279126808928133
        },
        {
            "D": "201003",
            "TV": 0.0,
            "AUP": 3821.0,
            "TV_p": 0.0,
            "AUP_p": 0.0
        },
        {
            "D": "201004",
            "TV": 1.0,
            "AUP": 4826.0,
            "TV_p": 0.0,
            "AUP_p": 26.30201517927244
        },
        {
            "D": "201005",
            "TV": 0.0,
            "AUP": 4826.0,
            "TV_p": 0.0,
            "AUP_p": 0.0
        },
        {
            "D": "201006",
            "TV": 1.0,
            "AUP": 3479.0,
            "TV_p": 0.0,
            "AUP_p": -27.911313717364276
        },
        {
            "D": "201007",
            "TV": 0.0,
            "AUP": 3479.0,
            "TV_p": 0.0,
            "AUP_p": 0.0
        },
        {
            "D": "201008",
            "TV": 0.0,
            "AUP": 3479.0,
            "TV_p": 0.0,
            "AUP_p": 0.0
        },
        {
            "D": "201009",
            "TV": 1.0,
            "AUP": 4898.0,
            "TV_p": 0.0,
            "AUP_p": 40.78758263868928
        },
        {
            "D": "201010",
            "TV": 0.0,
            "AUP": 4898.0,
            "TV_p": 0.0,
            "AUP_p": 0.0
        },
        {
            "D": "201011",
            "TV": 0.0,
            "AUP": 4898.0,
            "TV_p": 0.0,
            "AUP_p": 0.0
        },
        {
            "D": "201012",
            "TV": 1.0,
            "AUP": 4299.0,
            "TV_p": 0.0,
            "AUP_p": -12.229481420988158
        },
        {
            "D": "201101",
            "TV": 0.0,
            "AUP": 4299.0,
            "TV_p": 0.0,
            "AUP_p": 0.0
        },
        {
            "D": "201102",
            "TV": 0.0,
            "AUP": 4299.0,
            "TV_p": 0.0,
            "AUP_p": 0.0
        },
        {
            "D": "201103",
            "TV": 0.0,
            "AUP": 4299.0,
            "TV_p": 0.0,
            "AUP_p": 0.0
        },
        {
            "D": "201104",
            "TV": 0.0,
            "AUP": 4299.0,
            "TV_p": 0.0,
            "AUP_p": 0.0
        },
        {
            "D": "201105",
            "TV": 0.0,
            "AUP": 4299.0,
            "TV_p": 0.0,
            "AUP_p": 0.0
        },
        {
            "D": "201106",
            "TV": 2.0,
            "AUP": 5016.5,
            "TV_p": 0.0,
            "AUP_p": 16.689927890207024
        },
        {
            "D": "201107",
            "TV": 0.0,
            "AUP": 5016.5,
            "TV_p": 0.0,
            "AUP_p": 0.0
        },
        {
            "D": "201108",
            "TV": 1.0,
            "AUP": 5054.0,
            "TV_p": 0.0,
            "AUP_p": 0.7475331406359015
        },
        {
            "D": "201109",
            "TV": 0.0,
            "AUP": 5054.0,
            "TV_p": 0.0,
            "AUP_p": 0.0
        },
        {
            "D": "201110",
            "TV": 0.0,
            "AUP": 5054.0,
            "TV_p": 0.0,
            "AUP_p": 0.0
        },
        {
            "D": "201111",
            "TV": 0.0,
            "AUP": 5054.0,
            "TV_p": 0.0,
            "AUP_p": 0.0
        },
        {
            "D": "201112",
            "TV": 1.0,
            "AUP": 4776.0,
            "TV_p": 0.0,
            "AUP_p": -5.5005935892362485
        },
        {
            "D": "201201",
            "TV": 0.0,
            "AUP": 4776.0,
            "TV_p": 0.0,
            "AUP_p": 0.0
        },
        {
            "D": "201202",
            "TV": 1.0,
            "AUP": 4814.0,
            "TV_p": 0.0,
            "AUP_p": 0.7956448911222781
        },
        {
            "D": "201203",
            "TV": 1.0,
            "AUP": 4809.0,
            "TV_p": 0.0,
            "AUP_p": -0.1038637307852098
        },
        {
            "D": "201204",
            "TV": 1.0,
            "AUP": 4809.0,
            "TV_p": 0.0,
            "AUP_p": 0.0
        },
        {
            "D": "201205",
            "TV": 0.0,
            "AUP": 4809.0,
            "TV_p": 0.0,
            "AUP_p": 0.0
        },
        {
            "D": "201206",
            "TV": 2.0,
            "AUP": 6167.0,
            "TV_p": 0.0,
            "AUP_p": 28.238719068413392
        },
        {
            "D": "201207",
            "TV": 0.0,
            "AUP": 6167.0,
            "TV_p": 0.0,
            "AUP_p": 0.0
        },
        {
            "D": "201208",
            "TV": 0.0,
            "AUP": 6167.0,
            "TV_p": 0.0,
            "AUP_p": 0.0
        },
        {
            "D": "201209",
            "TV": 0.0,
            "AUP": 6167.0,
            "TV_p": 0.0,
            "AUP_p": 0.0
        },
        {
            "D": "201210",
            "TV": 2.0,
            "AUP": 5433.5,
            "TV_p": 0.0,
            "AUP_p": -11.89395167828766
        },
        {
            "D": "201211",
            "TV": 0.0,
            "AUP": 5433.5,
            "TV_p": 0.0,
            "AUP_p": 0.0
        },
        {
            "D": "201212",
            "TV": 1.0,
            "AUP": 5105.0,
            "TV_p": 0.0,
            "AUP_p": -6.04582681512837
        },
        {
            "D": "201301",
            "TV": 0.0,
            "AUP": 5105.0,
            "TV_p": 0.0,
            "AUP_p": 0.0
        },
        {
            "D": "201302",
            "TV": 1.0,
            "AUP": 6759.0,
            "TV_p": 0.0,
            "AUP_p": 32.39960822722821
        },
        {
            "D": "201303",
            "TV": 0.0,
            "AUP": 6759.0,
            "TV_p": 0.0,
            "AUP_p": 0.0
        },
        {
            "D": "201304",
            "TV": 0.0,
            "AUP": 6759.0,
            "TV_p": 0.0,
            "AUP_p": 0.0
        },
        {
            "D": "201305",
            "TV": 0.0,
            "AUP": 6759.0,
            "TV_p": 0.0,
            "AUP_p": 0.0
        },
        {
            "D": "201306",
            "TV": 2.0,
            "AUP": 7323.0,
            "TV_p": 0.0,
            "AUP_p": 8.344429649356414
        },
        {
            "D": "201307",
            "TV": 0.0,
            "AUP": 7323.0,
            "TV_p": 0.0,
            "AUP_p": 0.0
        },
        {
            "D": "201308",
            "TV": 0.0,
            "AUP": 7323.0,
            "TV_p": 0.0,
            "AUP_p": 0.0
        },
        {
            "D": "201309",
            "TV": 0.0,
            "AUP": 7323.0,
            "TV_p": 0.0,
            "AUP_p": 0.0
        },
        {
            "D": "201310",
            "TV": 0.0,
            "AUP": 7323.0,
            "TV_p": 0.0,
            "AUP_p": 0.0
        },
        {
            "D": "201311",
            "TV": 0.0,
            "AUP": 7323.0,
            "TV_p": 0.0,
            "AUP_p": 0.0
        },
        {
            "D": "201312",
            "TV": 0.0,
            "AUP": 7323.0,
            "TV_p": 0.0,
            "AUP_p": 0.0
        },
        {
            "D": "201401",
            "TV": 0.0,
            "AUP": 7323.0,
            "TV_p": 0.0,
            "AUP_p": 0.0
        },
        {
            "D": "201402",
            "TV": 0.0,
            "AUP": 7323.0,
            "TV_p": 0.0,
            "AUP_p": 0.0
        },
        {
            "D": "201403",
            "TV": 0.0,
            "AUP": 7323.0,
            "TV_p": 0.0,
            "AUP_p": 0.0
        },
        {
            "D": "201404",
            "TV": 0.0,
            "AUP": 7323.0,
            "TV_p": 0.0,
            "AUP_p": 0.0
        },
        {
            "D": "201405",
            "TV": 0.0,
            "AUP": 7323.0,
            "TV_p": 0.0,
            "AUP_p": 0.0
        },
        {
            "D": "201406",
            "TV": 0.0,
            "AUP": 7323.0,
            "TV_p": 0.0,
            "AUP_p": 0.0
        },
        {
            "D": "201407",
            "TV": 0.0,
            "AUP": 7323.0,
            "TV_p": 0.0,
            "AUP_p": 0.0
        },
        {
            "D": "201408",
            "TV": 0.0,
            "AUP": 7323.0,
            "TV_p": 0.0,
            "AUP_p": 0.0
        },
        {
            "D": "201409",
            "TV": 1.0,
            "AUP": 6739.0,
            "TV_p": 0.0,
            "AUP_p": -7.9748736856479585
        },
        {
            "D": "201410",
            "TV": 0.0,
            "AUP": 6739.0,
            "TV_p": 0.0,
            "AUP_p": 0.0
        },
        {
            "D": "201411",
            "TV": 0.0,
            "AUP": 6739.0,
            "TV_p": 0.0,
            "AUP_p": 0.0
        },
        {
            "D": "201412",
            "TV": 0.0,
            "AUP": 6739.0,
            "TV_p": 0.0,
            "AUP_p": 0.0
        },
        {
            "D": "201501",
            "TV": 1.0,
            "AUP": 8001.0,
            "TV_p": 0.0,
            "AUP_p": 18.726814067369048
        },
        {
            "D": "201502",
            "TV": 0.0,
            "AUP": 8001.0,
            "TV_p": 0.0,
            "AUP_p": 0.0
        },
        {
            "D": "201503",
            "TV": 0.0,
            "AUP": 8001.0,
            "TV_p": 0.0,
            "AUP_p": 0.0
        },
        {
            "D": "201504",
            "TV": 0.0,
            "AUP": 8001.0,
            "TV_p": 0.0,
            "AUP_p": 0.0
        },
        {
            "D": "201505",
            "TV": 0.0,
            "AUP": 8001.0,
            "TV_p": 0.0,
            "AUP_p": 0.0
        },
        {
            "D": "201506",
            "TV": 1.0,
            "AUP": 8608.0,
            "TV_p": 0.0,
            "AUP_p": 7.58655168103987
        },
        {
            "D": "201507",
            "TV": 0.0,
            "AUP": 8608.0,
            "TV_p": 0.0,
            "AUP_p": 0.0
        },
        {
            "D": "201508",
            "TV": 0.0,
            "AUP": 8608.0,
            "TV_p": 0.0,
            "AUP_p": 0.0
        },
        {
            "D": "201509",
            "TV": 1.0,
            "AUP": 8046.0,
            "TV_p": 0.0,
            "AUP_p": -6.528810408921933
        },
        {
            "D": "201510",
            "TV": 0.0,
            "AUP": 8046.0,
            "TV_p": 0.0,
            "AUP_p": 0.0
        },
        {
            "D": "201511",
            "TV": 0.0,
            "AUP": 8046.0,
            "TV_p": 0.0,
            "AUP_p": 0.0
        },
        {
            "D": "201512",
            "TV": 0.0,
            "AUP": 8046.0,
            "TV_p": 0.0,
            "AUP_p": 0.0
        },
        {
            "D": "201601",
            "TV": 0.0,
            "AUP": 8046.0,
            "TV_p": 0.0,
            "AUP_p": 0.0
        },
        {
            "D": "201602",
            "TV": 0.0,
            "AUP": 8046.0,
            "TV_p": 0.0,
            "AUP_p": 0.0
        },
        {
            "D": "201603",
            "TV": 0.0,
            "AUP": 8046.0,
            "TV_p": 0.0,
            "AUP_p": 0.0
        },
        {
            "D": "201604",
            "TV": 0.0,
            "AUP": 8046.0,
            "TV_p": 0.0,
            "AUP_p": 0.0
        },
        {
            "D": "201605",
            "TV": 0.0,
            "AUP": 8046.0,
            "TV_p": 0.0,
            "AUP_p": 0.0
        },
        {
            "D": "201606",
            "TV": 0.0,
            "AUP": 8046.0,
            "TV_p": 0.0,
            "AUP_p": 0.0
        },
        {
            "D": "201607",
            "TV": 1.0,
            "AUP": 6499.0,
            "TV_p": 0.0,
            "AUP_p": -19.22694506587124
        },
        {
            "D": "201608",
            "TV": 1.0,
            "AUP": 6558.0,
            "TV_p": 0.0,
            "AUP_p": 0.9078319741498692
        },
        {
            "D": "201609",
            "TV": 2.0,
            "AUP": 6919.5,
            "TV_p": 100.0,
            "AUP_p": 5.512351326623971
        },
        {
            "D": "201610",
            "TV": 1.0,
            "AUP": 6919.5,
            "TV_p": -50.0,
            "AUP_p": 0.0
        },
        {
            "D": "201611",
            "TV": 0.0,
            "AUP": 6919.5,
            "TV_p": 0.0,
            "AUP_p": 0.0
        },
        {
            "D": "201612",
            "TV": 0.0,
            "AUP": 6919.5,
            "TV_p": 0.0,
            "AUP_p": 0.0
        },
        {
            "D": "201701",
            "TV": 0.0,
            "AUP": 6919.5,
            "TV_p": 0.0,
            "AUP_p": 0.0
        },
        {
            "D": "201702",
            "TV": 1.0,
            "AUP": 10899.0,
            "TV_p": 0.0,
            "AUP_p": 57.5113808801214
        },
        {
            "D": "201703",
            "TV": 0.0,
            "AUP": 10899.0,
            "TV_p": 0.0,
            "AUP_p": 0.0
        },
        {
            "D": "201704",
            "TV": 1.0,
            "AUP": 9921.0,
            "TV_p": 0.0,
            "AUP_p": -8.973300302780071
        },
        {
            "D": "201705",
            "TV": 1.0,
            "AUP": 9194.0,
            "TV_p": 0.0,
            "AUP_p": -7.327890333635723
        },
        {
            "D": "201706",
            "TV": 0.0,
            "AUP": 9194.0,
            "TV_p": 0.0,
            "AUP_p": 0.0
        },
        {
            "D": "201707",
            "TV": 0.0,
            "AUP": 9194.0,
            "TV_p": 0.0,
            "AUP_p": 0.0
        },
        {
            "D": "201708",
            "TV": 1.0,
            "AUP": 9266.0,
            "TV_p": 0.0,
            "AUP_p": 0.7831194257124212
        },
        {
            "D": "201709",
            "TV": 0.0,
            "AUP": 9266.0,
            "TV_p": 0.0,
            "AUP_p": 0.0
        },
        {
            "D": "201710",
            "TV": 1.0,
            "AUP": 11584.0,
            "TV_p": 0.0,
            "AUP_p": 25.016188214979497
        },
        {
            "D": "201711",
            "TV": 0.0,
            "AUP": 11584.0,
            "TV_p": 0.0,
            "AUP_p": 0.0
        },
        {
            "D": "201712",
            "TV": 0.0,
            "AUP": 11584.0,
            "TV_p": 0.0,
            "AUP_p": 0.0
        },
        {
            "D": "201801",
            "TV": 0.0,
            "AUP": 11584.0,
            "TV_p": 0.0,
            "AUP_p": 0.0
        },
        {
            "D": "201802",
            "TV": 1.0,
            "AUP": 9954.0,
            "TV_p": 0.0,
            "AUP_p": -14.071132596685082
        },
        {
            "D": "201803",
            "TV": 0.0,
            "AUP": 9954.0,
            "TV_p": 0.0,
            "AUP_p": 0.0
        },
        {
            "D": "201804",
            "TV": 2.0,
            "AUP": 10556.0,
            "TV_p": 0.0,
            "AUP_p": 6.047819971870605
        },
        {
            "D": "201805",
            "TV": 0.0,
            "AUP": 10556.0,
            "TV_p": 0.0,
            "AUP_p": 0.0
        },
        {
            "D": "201806",
            "TV": 1.0,
            "AUP": 9394.0,
            "TV_p": 0.0,
            "AUP_p": -11.007957559681698
        },
        {
            "D": "201807",
            "TV": 0.0,
            "AUP": 9394.0,
            "TV_p": 0.0,
            "AUP_p": 0.0
        },
        {
            "D": "201808",
            "TV": 0.0,
            "AUP": 9394.0,
            "TV_p": 0.0,
            "AUP_p": 0.0
        },
        {
            "D": "201809",
            "TV": 0.0,
            "AUP": 9394.0,
            "TV_p": 0.0,
            "AUP_p": 0.0
        },
        {
            "D": "201810",
            "TV": 0.0,
            "AUP": 9394.0,
            "TV_p": 0.0,
            "AUP_p": 0.0
        },
        {
            "D": "201811",
            "TV": 0.0,
            "AUP": 9394.0,
            "TV_p": 0.0,
            "AUP_p": 0.0
        },
        {
            "D": "201812",
            "TV": 0.0,
            "AUP": 9394.0,
            "TV_p": 0.0,
            "AUP_p": 0.0
        },
        {
            "D": "201901",
            "TV": 0.0,
            "AUP": 9394.0,
            "TV_p": 0.0,
            "AUP_p": 0.0
        },
        {
            "D": "201902",
            "TV": 0.0,
            "AUP": 9394.0,
            "TV_p": 0.0,
            "AUP_p": 0.0
        },
        {
            "D": "201903",
            "TV": 0.0,
            "AUP": 9394.0,
            "TV_p": 0.0,
            "AUP_p": 0.0
        },
        {
            "D": "201904",
            "TV": 1.0,
            "AUP": 9394.0,
            "TV_p": 0.0,
            "AUP_p": 0.0
        },
        {
            "D": "201905",
            "TV": 0.0,
            "AUP": 9394.0,
            "TV_p": 0.0,
            "AUP_p": 0.0
        },
        {
            "D": "201906",
            "TV": 0.0,
            "AUP": 9394.0,
            "TV_p": 0.0,
            "AUP_p": 0.0
        },
        {
            "D": "201907",
            "TV": 0.0,
            "AUP": 9394.0,
            "TV_p": 0.0,
            "AUP_p": 0.0
        },
        {
            "D": "201908",
            "TV": 0.0,
            "AUP": 9394.0,
            "TV_p": 0.0,
            "AUP_p": 0.0
        },
        {
            "D": "201909",
            "TV": 0.0,
            "AUP": 9394.0,
            "TV_p": 0.0,
            "AUP_p": 0.0
        },
        {
            "D": "201910",
            "TV": 0.0,
            "AUP": 9394.0,
            "TV_p": 0.0,
            "AUP_p": 0.0
        },
        {
            "D": "201911",
            "TV": 1.0,
            "AUP": 9394.0,
            "TV_p": 0.0,
            "AUP_p": 0.0
        },
        {
            "D": "201912",
            "TV": 0.0,
            "AUP": 9394.0,
            "TV_p": 0.0,
            "AUP_p": 0.0
        },
        {
            "D": "202001",
            "TV": 0.0,
            "AUP": 9394.0,
            "TV_p": 0.0,
            "AUP_p": 0.0
        },
        {
            "D": "202002",
            "TV": 0.0,
            "AUP": 9394.0,
            "TV_p": 0.0,
            "AUP_p": 0.0
        },
        {
            "D": "202003",
            "TV": 0.0,
            "AUP": 9394.0,
            "TV_p": 0.0,
            "AUP_p": 0.0
        },
        {
            "D": "202004",
            "TV": 0.0,
            "AUP": 9394.0,
            "TV_p": 0.0,
            "AUP_p": 0.0
        },
        {
            "D": "202005",
            "TV": 1.0,
            "AUP": 9394.0,
            "TV_p": 0.0,
            "AUP_p": 0.0
        },
        {
            "D": "202006",
            "TV": 3.0,
            "AUP": 10209.0,
            "TV_p": 200.0,
            "AUP_p": 8.675750479029167
        },
        {
            "D": "202007",
            "TV": 0.0,
            "AUP": 10209.0,
            "TV_p": 0.0,
            "AUP_p": 0.0
        },
        {
            "D": "202008",
            "TV": 0.0,
            "AUP": 10209.0,
            "TV_p": 0.0,
            "AUP_p": 0.0
        },
        {
            "D": "202009",
            "TV": 0.0,
            "AUP": 10209.0,
            "TV_p": 0.0,
            "AUP_p": 0.0
        },
        {
            "D": "202010",
            "TV": 0.0,
            "AUP": 10209.0,
            "TV_p": 0.0,
            "AUP_p": 0.0
        },
        {
            "D": "202011",
            "TV": 0.0,
            "AUP": 10209.0,
            "TV_p": 0.0,
            "AUP_p": 0.0
        },
        {
            "D": "202012",
            "TV": 0.0,
            "AUP": 10209.0,
            "TV_p": 0.0,
            "AUP_p": 0.0
        },
        {
            "D": "202101",
            "TV": 0.0,
            "AUP": 10209.0,
            "TV_p": 0.0,
            "AUP_p": 0.0
        },
        {
            "D": "202102",
            "TV": 0.0,
            "AUP": 10209.0,
            "TV_p": 0.0,
            "AUP_p": 0.0
        },
        {
            "D": "202103",
            "TV": 0.0,
            "AUP": 10209.0,
            "TV_p": 0.0,
            "AUP_p": 0.0
        },
        {
            "D": "202104",
            "TV": 1.0,
            "AUP": 10209.0,
            "TV_p": 0.0,
            "AUP_p": 0.0
        },
        {
            "D": "202105",
            "TV": 0.0,
            "AUP": 10209.0,
            "TV_p": 0.0,
            "AUP_p": 0.0
        },
        {
            "D": "202106",
            "TV": 0.0,
            "AUP": 10209.0,
            "TV_p": 0.0,
            "AUP_p": 0.0
        },
        {
            "D": "202107",
            "TV": 1.0,
            "AUP": 10204.0,
            "TV_p": 0.0,
            "AUP_p": -0.04897639337839161
        },
        {
            "D": "202108",
            "TV": 0.0,
            "AUP": 10204.0,
            "TV_p": 0.0,
            "AUP_p": 0.0
        },
        {
            "D": "202109",
            "TV": 0.0,
            "AUP": 10204.0,
            "TV_p": 0.0,
            "AUP_p": 0.0
        },
        {
            "D": "202110",
            "TV": 0.0,
            "AUP": 10204.0,
            "TV_p": 0.0,
            "AUP_p": 0.0
        },
        {
            "D": "202111",
            "TV": 0.0,
            "AUP": 10204.0,
            "TV_p": 0.0,
            "AUP_p": 0.0
        },
        {
            "D": "202112",
            "TV": 1.0,
            "AUP": 10204.0,
            "TV_p": 0.0,
            "AUP_p": 0.0
        },
        {
            "D": "202201",
            "TV": 1.0,
            "AUP": 9141.0,
            "TV_p": 0.0,
            "AUP_p": -10.417483339866719
        },
        {
            "D": "202202",
            "TV": 0.0,
            "AUP": 9141.0,
            "TV_p": 0.0,
            "AUP_p": 0.0
        },
        {
            "D": "202203",
            "TV": 0.0,
            "AUP": 9141.0,
            "TV_p": 0.0,
            "AUP_p": 0.0
        },
        {
            "D": "202204",
            "TV": 0.0,
            "AUP": 9141.0,
            "TV_p": 0.0,
            "AUP_p": 0.0
        },
        {
            "D": "202205",
            "TV": 1.0,
            "AUP": 9841.0,
            "TV_p": 0.0,
            "AUP_p": 7.65780549174051
        },
        {
            "D": "202206",
            "TV": 0.0,
            "AUP": 9841.0,
            "TV_p": 0.0,
            "AUP_p": 0.0
        },
        {
            "D": "202207",
            "TV": 0.0,
            "AUP": 9841.0,
            "TV_p": 0.0,
            "AUP_p": 0.0
        },
        {
            "D": "202208",
            "TV": 0.0,
            "AUP": 9841.0,
            "TV_p": 0.0,
            "AUP_p": 0.0
        },
        {
            "D": "202209",
            "TV": 0.0,
            "AUP": 9841.0,
            "TV_p": 0.0,
            "AUP_p": 0.0
        },
        {
            "D": "202210",
            "TV": 0.0,
            "AUP": 9841.0,
            "TV_p": 0.0,
            "AUP_p": 0.0
        },
        {
            "D": "202211",
            "TV": 1.0,
            "AUP": 9841.0,
            "TV_p": 0.0,
            "AUP_p": 0.0
        },
        {
            "D": "202212",
            "TV": 0.0,
            "AUP": 9841.0,
            "TV_p": 0.0,
            "AUP_p": 0.0
        },
        {
            "D": "202301",
            "TV": 0.0,
            "AUP": 9841.0,
            "TV_p": 0.0,
            "AUP_p": 0.0
        },
        {
            "D": "202302",
            "TV": 1.0,
            "AUP": 9841.0,
            "TV_p": 0.0,
            "AUP_p": 0.0
        },
        {
            "D": "202303",
            "TV": 0.0,
            "AUP": 9841.0,
            "TV_p": 0.0,
            "AUP_p": 0.0
        },
        {
            "D": "202304",
            "TV": 0.0,
            "AUP": 9841.0,
            "TV_p": 0.0,
            "AUP_p": 0.0
        },
        {
            "D": "202305",
            "TV": 0.0,
            "AUP": 9841.0,
            "TV_p": 0.0,
            "AUP_p": 0.0
        },
        {
            "D": "202306",
            "TV": 1.0,
            "AUP": 7165.0,
            "TV_p": 0.0,
            "AUP_p": -27.192358500152423
        },
        {
            "D": "202307",
            "TV": 0.0,
            "AUP": 7165.0,
            "TV_p": 0.0,
            "AUP_p": 0.0
        },
        {
            "D": "202308",
            "TV": 1.0,
            "AUP": 7165.0,
            "TV_p": 0.0,
            "AUP_p": 0.0
        },
        {
            "D": "202309",
            "TV": 0.0,
            "AUP": 7165.0,
            "TV_p": 0.0,
            "AUP_p": 0.0
        },
        {
            "D": "202310",
            "TV": 1.0,
            "AUP": 7165.0,
            "TV_p": 0.0,
            "AUP_p": 0.0
        },
        {
            "D": "202311",
            "TV": 1.0,
            "AUP": 7165.0,
            "TV_p": 0.0,
            "AUP_p": 0.0
        },
        {
            "D": "202312",
            "TV": 0.0,
            "AUP": 7165.0,
            "TV_p": 0.0,
            "AUP_p": 0.0
        },
        {
            "D": "202401",
            "TV": 0.0,
            "AUP": 7165.0,
            "TV_p": 0.0,
            "AUP_p": 0.0
        },
        {
            "D": "202402",
            "TV": 0.0,
            "AUP": 7165.0,
            "TV_p": 0.0,
            "AUP_p": 0.0
        },
        {
            "D": "202403",
            "TV": 1.0,
            "AUP": 6747.0,
            "TV_p": 0.0,
            "AUP_p": -5.8339148639218426
        },
        {
            "D": "202404",
            "TV": 0.0,
            "AUP": 6747.0,
            "TV_p": 0.0,
            "AUP_p": 0.0
        },
        {
            "D": "202405",
            "TV": 0.0,
            "AUP": 6747.0,
            "TV_p": 0.0,
            "AUP_p": 0.0
        },
        {
            "D": "202406",
            "TV": 3.0,
            "AUP": 7198.333,
            "TV_p": 0.0,
            "AUP_p": 6.689387876093073
        },
        {
            "D": "202407",
            "TV": 0.0,
            "AUP": 7198.333,
            "TV_p": 0.0,
            "AUP_p": 0.0
        }
    ],
    "MinDate": "199601",
    "MaxDate": "202407"
}