{
    "List": [
        {
            "D": "199601",
            "TV": 2.0,
            "AUP": 2005.0,
            "TV_p": -33.33333333333333,
            "AUP_p": 0.049900199600798396
        },
        {
            "D": "199602",
            "TV": 3.0,
            "AUP": 1521.0,
            "TV_p": 50.0,
            "AUP_p": -24.139650872817956
        },
        {
            "D": "199603",
            "TV": 1.0,
            "AUP": 2173.0,
            "TV_p": -66.66666666666666,
            "AUP_p": 42.86653517422748
        },
        {
            "D": "199604",
            "TV": 4.0,
            "AUP": 1979.25,
            "TV_p": 300.0,
            "AUP_p": -8.916244822825586
        },
        {
            "D": "199605",
            "TV": 8.0,
            "AUP": 1853.429,
            "TV_p": 100.0,
            "AUP_p": -6.357025590501457
        },
        {
            "D": "199606",
            "TV": 1.0,
            "AUP": 1765.0,
            "TV_p": -87.5,
            "AUP_p": -4.771080600764082
        },
        {
            "D": "199607",
            "TV": 6.0,
            "AUP": 1899.167,
            "TV_p": 500.0,
            "AUP_p": 7.60151082152975
        },
        {
            "D": "199608",
            "TV": 5.0,
            "AUP": 1775.8,
            "TV_p": -16.666666666666664,
            "AUP_p": -6.495831472223203
        },
        {
            "D": "199609",
            "TV": 6.0,
            "AUP": 2012.6,
            "TV_p": 20.0,
            "AUP_p": 13.334835003941883
        },
        {
            "D": "199610",
            "TV": 5.0,
            "AUP": 2003.6,
            "TV_p": -16.666666666666664,
            "AUP_p": -0.4471827486832953
        },
        {
            "D": "199611",
            "TV": 6.0,
            "AUP": 2243.667,
            "TV_p": 20.0,
            "AUP_p": 11.981766120982241
        },
        {
            "D": "199612",
            "TV": 2.0,
            "AUP": 2283.0,
            "TV_p": -66.66666666666666,
            "AUP_p": 1.7530827816826835
        },
        {
            "D": "199701",
            "TV": 4.0,
            "AUP": 2362.5,
            "TV_p": 100.0,
            "AUP_p": 3.4822601839684624
        },
        {
            "D": "199702",
            "TV": 2.0,
            "AUP": 2470.5,
            "TV_p": -50.0,
            "AUP_p": 4.571428571428571
        },
        {
            "D": "199703",
            "TV": 2.0,
            "AUP": 3231.0,
            "TV_p": 0.0,
            "AUP_p": 30.783242258652095
        },
        {
            "D": "199704",
            "TV": 7.0,
            "AUP": 3121.429,
            "TV_p": 250.0,
            "AUP_p": -3.3912543794490895
        },
        {
            "D": "199705",
            "TV": 4.0,
            "AUP": 3059.25,
            "TV_p": -42.857142857142854,
            "AUP_p": -1.9919908332254426
        },
        {
            "D": "199706",
            "TV": 4.0,
            "AUP": 3235.25,
            "TV_p": 0.0,
            "AUP_p": 5.753044046743483
        },
        {
            "D": "199707",
            "TV": 1.0,
            "AUP": 2984.0,
            "TV_p": -75.0,
            "AUP_p": -7.766014991113515
        },
        {
            "D": "199708",
            "TV": 2.0,
            "AUP": 2529.5,
            "TV_p": 100.0,
            "AUP_p": -15.231233243967829
        },
        {
            "D": "199709",
            "TV": 2.0,
            "AUP": 2748.5,
            "TV_p": 0.0,
            "AUP_p": 8.657837517295908
        },
        {
            "D": "199710",
            "TV": 3.0,
            "AUP": 3390.0,
            "TV_p": 50.0,
            "AUP_p": 23.34000363834819
        },
        {
            "D": "199711",
            "TV": 5.0,
            "AUP": 3281.6,
            "TV_p": 66.66666666666666,
            "AUP_p": -3.1976401179941027
        },
        {
            "D": "199712",
            "TV": 0.0,
            "AUP": 3281.6,
            "TV_p": 0.0,
            "AUP_p": 0.0
        },
        {
            "D": "199801",
            "TV": 0.0,
            "AUP": 3281.6,
            "TV_p": 0.0,
            "AUP_p": 0.0
        },
        {
            "D": "199802",
            "TV": 0.0,
            "AUP": 3281.6,
            "TV_p": 0.0,
            "AUP_p": 0.0
        },
        {
            "D": "199803",
            "TV": 0.0,
            "AUP": 3281.6,
            "TV_p": 0.0,
            "AUP_p": 0.0
        },
        {
            "D": "199804",
            "TV": 1.0,
            "AUP": 2664.0,
            "TV_p": 0.0,
            "AUP_p": -18.82008776206728
        },
        {
            "D": "199805",
            "TV": 1.0,
            "AUP": 2270.0,
            "TV_p": 0.0,
            "AUP_p": -14.78978978978979
        },
        {
            "D": "199806",
            "TV": 1.0,
            "AUP": 2401.0,
            "TV_p": 0.0,
            "AUP_p": 5.770925110132159
        },
        {
            "D": "199807",
            "TV": 2.0,
            "AUP": 2306.0,
            "TV_p": 100.0,
            "AUP_p": -3.9566847147022077
        },
        {
            "D": "199808",
            "TV": 1.0,
            "AUP": 2750.0,
            "TV_p": -50.0,
            "AUP_p": 19.25411968777103
        },
        {
            "D": "199809",
            "TV": 1.0,
            "AUP": 1585.0,
            "TV_p": 0.0,
            "AUP_p": -42.36363636363637
        },
        {
            "D": "199810",
            "TV": 3.0,
            "AUP": 1780.667,
            "TV_p": 200.0,
            "AUP_p": 12.344900063091488
        },
        {
            "D": "199811",
            "TV": 2.0,
            "AUP": 2151.5,
            "TV_p": -33.33333333333333,
            "AUP_p": 20.82553355328548
        },
        {
            "D": "199812",
            "TV": 0.0,
            "AUP": 2151.5,
            "TV_p": 0.0,
            "AUP_p": 0.0
        },
        {
            "D": "199901",
            "TV": 3.0,
            "AUP": 1904.667,
            "TV_p": 0.0,
            "AUP_p": -11.472616035324188
        },
        {
            "D": "199902",
            "TV": 0.0,
            "AUP": 1904.667,
            "TV_p": 0.0,
            "AUP_p": 0.0
        },
        {
            "D": "199903",
            "TV": 0.0,
            "AUP": 1904.667,
            "TV_p": 0.0,
            "AUP_p": 0.0
        },
        {
            "D": "199904",
            "TV": 0.0,
            "AUP": 1904.667,
            "TV_p": 0.0,
            "AUP_p": 0.0
        },
        {
            "D": "199905",
            "TV": 1.0,
            "AUP": 2294.0,
            "TV_p": 0.0,
            "AUP_p": 20.441022093259015
        },
        {
            "D": "199906",
            "TV": 0.0,
            "AUP": 2294.0,
            "TV_p": 0.0,
            "AUP_p": 0.0
        },
        {
            "D": "199907",
            "TV": 1.0,
            "AUP": 1001.0,
            "TV_p": 0.0,
            "AUP_p": -56.36442894507411
        },
        {
            "D": "199908",
            "TV": 1.0,
            "AUP": 2203.0,
            "TV_p": 0.0,
            "AUP_p": 120.07992007992007
        },
        {
            "D": "199909",
            "TV": 1.0,
            "AUP": 2047.0,
            "TV_p": 0.0,
            "AUP_p": -7.0812528370404
        },
        {
            "D": "199910",
            "TV": 2.0,
            "AUP": 1818.0,
            "TV_p": 100.0,
            "AUP_p": -11.187103077674646
        },
        {
            "D": "199911",
            "TV": 1.0,
            "AUP": 1365.0,
            "TV_p": -50.0,
            "AUP_p": -24.917491749174918
        },
        {
            "D": "199912",
            "TV": 1.0,
            "AUP": 1897.0,
            "TV_p": 0.0,
            "AUP_p": 38.97435897435898
        },
        {
            "D": "200001",
            "TV": 0.0,
            "AUP": 1897.0,
            "TV_p": 0.0,
            "AUP_p": 0.0
        },
        {
            "D": "200002",
            "TV": 1.0,
            "AUP": 690.0,
            "TV_p": 0.0,
            "AUP_p": -63.62677912493411
        },
        {
            "D": "200003",
            "TV": 1.0,
            "AUP": 1536.0,
            "TV_p": 0.0,
            "AUP_p": 122.60869565217392
        },
        {
            "D": "200004",
            "TV": 2.0,
            "AUP": 1801.0,
            "TV_p": 100.0,
            "AUP_p": 17.252604166666664
        },
        {
            "D": "200005",
            "TV": 3.0,
            "AUP": 1569.0,
            "TV_p": 50.0,
            "AUP_p": -12.881732370905052
        },
        {
            "D": "200006",
            "TV": 2.0,
            "AUP": 1761.5,
            "TV_p": -33.33333333333333,
            "AUP_p": 12.26896112173359
        },
        {
            "D": "200007",
            "TV": 0.0,
            "AUP": 1761.5,
            "TV_p": 0.0,
            "AUP_p": 0.0
        },
        {
            "D": "200008",
            "TV": 0.0,
            "AUP": 1761.5,
            "TV_p": 0.0,
            "AUP_p": 0.0
        },
        {
            "D": "200009",
            "TV": 0.0,
            "AUP": 1761.5,
            "TV_p": 0.0,
            "AUP_p": 0.0
        },
        {
            "D": "200010",
            "TV": 5.0,
            "AUP": 1409.0,
            "TV_p": 0.0,
            "AUP_p": -20.01135395969344
        },
        {
            "D": "200011",
            "TV": 0.0,
            "AUP": 1409.0,
            "TV_p": 0.0,
            "AUP_p": 0.0
        },
        {
            "D": "200012",
            "TV": 5.0,
            "AUP": 1387.8,
            "TV_p": 0.0,
            "AUP_p": -1.504613200851671
        },
        {
            "D": "200101",
            "TV": 0.0,
            "AUP": 1387.8,
            "TV_p": 0.0,
            "AUP_p": 0.0
        },
        {
            "D": "200102",
            "TV": 3.0,
            "AUP": 1705.667,
            "TV_p": 0.0,
            "AUP_p": 22.904356967862814
        },
        {
            "D": "200103",
            "TV": 3.0,
            "AUP": 1218.5,
            "TV_p": 0.0,
            "AUP_p": -28.561657193105987
        },
        {
            "D": "200104",
            "TV": 0.0,
            "AUP": 1218.5,
            "TV_p": 0.0,
            "AUP_p": 0.0
        },
        {
            "D": "200105",
            "TV": 1.0,
            "AUP": 1077.0,
            "TV_p": 0.0,
            "AUP_p": -11.612638489946656
        },
        {
            "D": "200106",
            "TV": 0.0,
            "AUP": 1077.0,
            "TV_p": 0.0,
            "AUP_p": 0.0
        },
        {
            "D": "200107",
            "TV": 0.0,
            "AUP": 1077.0,
            "TV_p": 0.0,
            "AUP_p": 0.0
        },
        {
            "D": "200108",
            "TV": 0.0,
            "AUP": 1077.0,
            "TV_p": 0.0,
            "AUP_p": 0.0
        },
        {
            "D": "200109",
            "TV": 0.0,
            "AUP": 1077.0,
            "TV_p": 0.0,
            "AUP_p": 0.0
        },
        {
            "D": "200110",
            "TV": 1.0,
            "AUP": 1091.0,
            "TV_p": 0.0,
            "AUP_p": 1.2999071494893222
        },
        {
            "D": "200111",
            "TV": 5.0,
            "AUP": 1203.2,
            "TV_p": 400.0,
            "AUP_p": 10.28414298808433
        },
        {
            "D": "200112",
            "TV": 2.0,
            "AUP": 1137.5,
            "TV_p": -60.0,
            "AUP_p": -5.460438829787238
        },
        {
            "D": "200201",
            "TV": 0.0,
            "AUP": 1137.5,
            "TV_p": 0.0,
            "AUP_p": 0.0
        },
        {
            "D": "200202",
            "TV": 0.0,
            "AUP": 1137.5,
            "TV_p": 0.0,
            "AUP_p": 0.0
        },
        {
            "D": "200203",
            "TV": 2.0,
            "AUP": 1494.5,
            "TV_p": 0.0,
            "AUP_p": 31.384615384615383
        },
        {
            "D": "200204",
            "TV": 2.0,
            "AUP": 1286.5,
            "TV_p": 0.0,
            "AUP_p": -13.917698226831716
        },
        {
            "D": "200205",
            "TV": 3.0,
            "AUP": 1363.667,
            "TV_p": 50.0,
            "AUP_p": 5.998186241741164
        },
        {
            "D": "200206",
            "TV": 1.0,
            "AUP": 1140.0,
            "TV_p": -66.66666666666666,
            "AUP_p": -16.401857695625456
        },
        {
            "D": "200207",
            "TV": 0.0,
            "AUP": 1140.0,
            "TV_p": 0.0,
            "AUP_p": 0.0
        },
        {
            "D": "200208",
            "TV": 1.0,
            "AUP": 1509.0,
            "TV_p": 0.0,
            "AUP_p": 32.36842105263158
        },
        {
            "D": "200209",
            "TV": 0.0,
            "AUP": 1509.0,
            "TV_p": 0.0,
            "AUP_p": 0.0
        },
        {
            "D": "200210",
            "TV": 2.0,
            "AUP": 1221.5,
            "TV_p": 0.0,
            "AUP_p": -19.052352551358513
        },
        {
            "D": "200211",
            "TV": 1.0,
            "AUP": 1049.0,
            "TV_p": -50.0,
            "AUP_p": -14.121981170691772
        },
        {
            "D": "200212",
            "TV": 0.0,
            "AUP": 1049.0,
            "TV_p": 0.0,
            "AUP_p": 0.0
        },
        {
            "D": "200301",
            "TV": 0.0,
            "AUP": 1049.0,
            "TV_p": 0.0,
            "AUP_p": 0.0
        },
        {
            "D": "200302",
            "TV": 1.0,
            "AUP": 1067.0,
            "TV_p": 0.0,
            "AUP_p": 1.7159199237368923
        },
        {
            "D": "200303",
            "TV": 2.0,
            "AUP": 1279.0,
            "TV_p": 100.0,
            "AUP_p": 19.868791002811623
        },
        {
            "D": "200304",
            "TV": 1.0,
            "AUP": 832.0,
            "TV_p": -50.0,
            "AUP_p": -34.94917904612979
        },
        {
            "D": "200305",
            "TV": 2.0,
            "AUP": 1217.5,
            "TV_p": 100.0,
            "AUP_p": 46.33413461538461
        },
        {
            "D": "200306",
            "TV": 1.0,
            "AUP": 1132.0,
            "TV_p": -50.0,
            "AUP_p": -7.022587268993839
        },
        {
            "D": "200307",
            "TV": 0.0,
            "AUP": 1132.0,
            "TV_p": 0.0,
            "AUP_p": 0.0
        },
        {
            "D": "200308",
            "TV": 0.0,
            "AUP": 1132.0,
            "TV_p": 0.0,
            "AUP_p": 0.0
        },
        {
            "D": "200309",
            "TV": 3.0,
            "AUP": 1346.667,
            "TV_p": 0.0,
            "AUP_p": 18.963486395759723
        },
        {
            "D": "200310",
            "TV": 3.0,
            "AUP": 1232.0,
            "TV_p": 0.0,
            "AUP_p": -8.514851439858843
        },
        {
            "D": "200311",
            "TV": 1.0,
            "AUP": 1091.0,
            "TV_p": -66.66666666666666,
            "AUP_p": -11.444805194805195
        },
        {
            "D": "200312",
            "TV": 3.0,
            "AUP": 1631.333,
            "TV_p": 200.0,
            "AUP_p": 49.52642832263978
        },
        {
            "D": "200401",
            "TV": 1.0,
            "AUP": 1349.0,
            "TV_p": -66.66666666666666,
            "AUP_p": -17.306906399122788
        },
        {
            "D": "200402",
            "TV": 4.0,
            "AUP": 1426.5,
            "TV_p": 300.0,
            "AUP_p": 5.744996293550778
        },
        {
            "D": "200403",
            "TV": 2.0,
            "AUP": 1505.0,
            "TV_p": -50.0,
            "AUP_p": 5.5029793200140205
        },
        {
            "D": "200404",
            "TV": 0.0,
            "AUP": 1505.0,
            "TV_p": 0.0,
            "AUP_p": 0.0
        },
        {
            "D": "200405",
            "TV": 2.0,
            "AUP": 1322.5,
            "TV_p": 0.0,
            "AUP_p": -12.12624584717608
        },
        {
            "D": "200406",
            "TV": 1.0,
            "AUP": 1660.0,
            "TV_p": -50.0,
            "AUP_p": 25.51984877126654
        },
        {
            "D": "200407",
            "TV": 1.0,
            "AUP": 1856.0,
            "TV_p": 0.0,
            "AUP_p": 11.80722891566265
        },
        {
            "D": "200408",
            "TV": 1.0,
            "AUP": 1426.0,
            "TV_p": 0.0,
            "AUP_p": -23.16810344827586
        },
        {
            "D": "200409",
            "TV": 0.0,
            "AUP": 1426.0,
            "TV_p": 0.0,
            "AUP_p": 0.0
        },
        {
            "D": "200410",
            "TV": 3.0,
            "AUP": 1768.0,
            "TV_p": 0.0,
            "AUP_p": 23.983169705469845
        },
        {
            "D": "200411",
            "TV": 1.0,
            "AUP": 1099.0,
            "TV_p": -66.66666666666666,
            "AUP_p": -37.8393665158371
        },
        {
            "D": "200412",
            "TV": 2.0,
            "AUP": 1205.0,
            "TV_p": 100.0,
            "AUP_p": 9.64513193812557
        },
        {
            "D": "200501",
            "TV": 3.0,
            "AUP": 1742.0,
            "TV_p": 50.0,
            "AUP_p": 44.5643153526971
        },
        {
            "D": "200502",
            "TV": 3.0,
            "AUP": 1597.667,
            "TV_p": 0.0,
            "AUP_p": -8.285495637198617
        },
        {
            "D": "200503",
            "TV": 3.0,
            "AUP": 1565.5,
            "TV_p": 0.0,
            "AUP_p": -2.0133527652882806
        },
        {
            "D": "200504",
            "TV": 1.0,
            "AUP": 1743.0,
            "TV_p": -66.66666666666666,
            "AUP_p": 11.338230597253274
        },
        {
            "D": "200505",
            "TV": 1.0,
            "AUP": 1743.0,
            "TV_p": 0.0,
            "AUP_p": 0.0
        },
        {
            "D": "200506",
            "TV": 3.0,
            "AUP": 1828.667,
            "TV_p": 200.0,
            "AUP_p": 4.914897647733796
        },
        {
            "D": "200507",
            "TV": 1.0,
            "AUP": 1828.667,
            "TV_p": -66.66666666666666,
            "AUP_p": 0.0
        },
        {
            "D": "200508",
            "TV": 9.0,
            "AUP": 1753.778,
            "TV_p": 800.0,
            "AUP_p": -4.095272823221029
        },
        {
            "D": "200509",
            "TV": 2.0,
            "AUP": 1466.5,
            "TV_p": -77.77777777777779,
            "AUP_p": -16.38051187371158
        },
        {
            "D": "200510",
            "TV": 3.0,
            "AUP": 1815.667,
            "TV_p": 50.0,
            "AUP_p": 23.809523764064103
        },
        {
            "D": "200511",
            "TV": 2.0,
            "AUP": 1515.0,
            "TV_p": -33.33333333333333,
            "AUP_p": -16.55957404683664
        },
        {
            "D": "200512",
            "TV": 1.0,
            "AUP": 2845.0,
            "TV_p": -50.0,
            "AUP_p": 87.78877887788778
        },
        {
            "D": "200601",
            "TV": 0.0,
            "AUP": 2845.0,
            "TV_p": 0.0,
            "AUP_p": 0.0
        },
        {
            "D": "200602",
            "TV": 5.0,
            "AUP": 1930.8,
            "TV_p": 0.0,
            "AUP_p": -32.13356766256591
        },
        {
            "D": "200603",
            "TV": 2.0,
            "AUP": 2017.5,
            "TV_p": -60.0,
            "AUP_p": 4.490366687383471
        },
        {
            "D": "200604",
            "TV": 0.0,
            "AUP": 2017.5,
            "TV_p": 0.0,
            "AUP_p": 0.0
        },
        {
            "D": "200605",
            "TV": 2.0,
            "AUP": 2421.0,
            "TV_p": 0.0,
            "AUP_p": 20.0
        },
        {
            "D": "200606",
            "TV": 3.0,
            "AUP": 2037.0,
            "TV_p": 50.0,
            "AUP_p": -15.861214374225527
        },
        {
            "D": "200607",
            "TV": 1.0,
            "AUP": 2207.0,
            "TV_p": -66.66666666666666,
            "AUP_p": 8.345606283750612
        },
        {
            "D": "200608",
            "TV": 3.0,
            "AUP": 1941.667,
            "TV_p": 200.0,
            "AUP_p": -12.022353149071135
        },
        {
            "D": "200609",
            "TV": 1.0,
            "AUP": 2382.0,
            "TV_p": -66.66666666666666,
            "AUP_p": 22.678111630104066
        },
        {
            "D": "200610",
            "TV": 1.0,
            "AUP": 2146.0,
            "TV_p": 0.0,
            "AUP_p": -9.907640638119227
        },
        {
            "D": "200611",
            "TV": 1.0,
            "AUP": 2033.0,
            "TV_p": 0.0,
            "AUP_p": -5.265610438024231
        },
        {
            "D": "200612",
            "TV": 0.0,
            "AUP": 2033.0,
            "TV_p": 0.0,
            "AUP_p": 0.0
        },
        {
            "D": "200701",
            "TV": 1.0,
            "AUP": 2596.0,
            "TV_p": 0.0,
            "AUP_p": 27.69306443679292
        },
        {
            "D": "200702",
            "TV": 1.0,
            "AUP": 2699.0,
            "TV_p": 0.0,
            "AUP_p": 3.9676425269645605
        },
        {
            "D": "200703",
            "TV": 3.0,
            "AUP": 2091.333,
            "TV_p": 200.0,
            "AUP_p": -22.514511559836976
        },
        {
            "D": "200704",
            "TV": 1.0,
            "AUP": 1498.0,
            "TV_p": -66.66666666666666,
            "AUP_p": -28.371055136814004
        },
        {
            "D": "200705",
            "TV": 2.0,
            "AUP": 2066.0,
            "TV_p": 100.0,
            "AUP_p": 37.917222963951936
        },
        {
            "D": "200706",
            "TV": 3.0,
            "AUP": 1985.0,
            "TV_p": 50.0,
            "AUP_p": -3.920619554695063
        },
        {
            "D": "200707",
            "TV": 0.0,
            "AUP": 1985.0,
            "TV_p": 0.0,
            "AUP_p": 0.0
        },
        {
            "D": "200708",
            "TV": 1.0,
            "AUP": 2267.0,
            "TV_p": 0.0,
            "AUP_p": 14.20654911838791
        },
        {
            "D": "200709",
            "TV": 0.0,
            "AUP": 2267.0,
            "TV_p": 0.0,
            "AUP_p": 0.0
        },
        {
            "D": "200710",
            "TV": 2.0,
            "AUP": 2305.5,
            "TV_p": 0.0,
            "AUP_p": 1.698279664755183
        },
        {
            "D": "200711",
            "TV": 3.0,
            "AUP": 1946.333,
            "TV_p": 50.0,
            "AUP_p": -15.578688657558013
        },
        {
            "D": "200712",
            "TV": 2.0,
            "AUP": 2579.0,
            "TV_p": -33.33333333333333,
            "AUP_p": 32.50556604427223
        },
        {
            "D": "200801",
            "TV": 2.0,
            "AUP": 2304.5,
            "TV_p": 0.0,
            "AUP_p": -10.643660333462583
        },
        {
            "D": "200802",
            "TV": 2.0,
            "AUP": 2431.0,
            "TV_p": 0.0,
            "AUP_p": 5.4892601431980905
        },
        {
            "D": "200803",
            "TV": 1.0,
            "AUP": 2724.0,
            "TV_p": -50.0,
            "AUP_p": 12.052653229123818
        },
        {
            "D": "200804",
            "TV": 5.0,
            "AUP": 2678.4,
            "TV_p": 400.0,
            "AUP_p": -1.6740088105726838
        },
        {
            "D": "200805",
            "TV": 4.0,
            "AUP": 2939.5,
            "TV_p": -20.0,
            "AUP_p": 9.748357228195934
        },
        {
            "D": "200806",
            "TV": 2.0,
            "AUP": 3279.5,
            "TV_p": -50.0,
            "AUP_p": 11.566592957986051
        },
        {
            "D": "200807",
            "TV": 2.0,
            "AUP": 2321.0,
            "TV_p": 0.0,
            "AUP_p": -29.227016313462418
        },
        {
            "D": "200808",
            "TV": 1.0,
            "AUP": 2428.0,
            "TV_p": -50.0,
            "AUP_p": 4.610081861266695
        },
        {
            "D": "200809",
            "TV": 2.0,
            "AUP": 2552.5,
            "TV_p": 100.0,
            "AUP_p": 5.127677100494234
        },
        {
            "D": "200810",
            "TV": 3.0,
            "AUP": 3071.0,
            "TV_p": 50.0,
            "AUP_p": 20.313418217433888
        },
        {
            "D": "200811",
            "TV": 3.0,
            "AUP": 1691.667,
            "TV_p": 0.0,
            "AUP_p": -44.91479433409313
        },
        {
            "D": "200812",
            "TV": 0.0,
            "AUP": 1691.667,
            "TV_p": 0.0,
            "AUP_p": 0.0
        },
        {
            "D": "200901",
            "TV": 2.0,
            "AUP": 2611.0,
            "TV_p": 0.0,
            "AUP_p": 54.34482764703243
        },
        {
            "D": "200902",
            "TV": 3.0,
            "AUP": 2442.0,
            "TV_p": 50.0,
            "AUP_p": -6.4726158559938725
        },
        {
            "D": "200903",
            "TV": 0.0,
            "AUP": 2442.0,
            "TV_p": 0.0,
            "AUP_p": 0.0
        },
        {
            "D": "200904",
            "TV": 4.0,
            "AUP": 2648.25,
            "TV_p": 0.0,
            "AUP_p": 8.445945945945946
        },
        {
            "D": "200905",
            "TV": 1.0,
            "AUP": 2992.0,
            "TV_p": -75.0,
            "AUP_p": 12.980269989615783
        },
        {
            "D": "200906",
            "TV": 3.0,
            "AUP": 2602.333,
            "TV_p": 200.0,
            "AUP_p": -13.02361854946524
        },
        {
            "D": "200907",
            "TV": 3.0,
            "AUP": 2500.333,
            "TV_p": 0.0,
            "AUP_p": -3.9195593702983937
        },
        {
            "D": "200908",
            "TV": 1.0,
            "AUP": 2469.0,
            "TV_p": -66.66666666666666,
            "AUP_p": -1.2531662313362455
        },
        {
            "D": "200909",
            "TV": 6.0,
            "AUP": 3338.5,
            "TV_p": 500.0,
            "AUP_p": 35.21668691778048
        },
        {
            "D": "200910",
            "TV": 5.0,
            "AUP": 2679.6,
            "TV_p": -16.666666666666664,
            "AUP_p": -19.736408566721583
        },
        {
            "D": "200911",
            "TV": 3.0,
            "AUP": 3059.667,
            "TV_p": -40.0,
            "AUP_p": 14.18370898641589
        },
        {
            "D": "200912",
            "TV": 2.0,
            "AUP": 3453.5,
            "TV_p": -33.33333333333333,
            "AUP_p": 12.87177254883359
        },
        {
            "D": "201001",
            "TV": 2.0,
            "AUP": 3404.5,
            "TV_p": 0.0,
            "AUP_p": -1.4188504415810048
        },
        {
            "D": "201002",
            "TV": 4.0,
            "AUP": 3519.5,
            "TV_p": 100.0,
            "AUP_p": 3.3778822147158176
        },
        {
            "D": "201003",
            "TV": 3.0,
            "AUP": 3101.667,
            "TV_p": -25.0,
            "AUP_p": -11.871951527205567
        },
        {
            "D": "201004",
            "TV": 1.0,
            "AUP": 4150.0,
            "TV_p": -66.66666666666666,
            "AUP_p": 33.79903280683482
        },
        {
            "D": "201005",
            "TV": 5.0,
            "AUP": 3738.8,
            "TV_p": 400.0,
            "AUP_p": -9.908433734939754
        },
        {
            "D": "201006",
            "TV": 0.0,
            "AUP": 3738.8,
            "TV_p": 0.0,
            "AUP_p": 0.0
        },
        {
            "D": "201007",
            "TV": 2.0,
            "AUP": 3658.5,
            "TV_p": 0.0,
            "AUP_p": -2.1477479405156785
        },
        {
            "D": "201008",
            "TV": 5.0,
            "AUP": 3487.4,
            "TV_p": 150.0,
            "AUP_p": -4.676780101134343
        },
        {
            "D": "201009",
            "TV": 3.0,
            "AUP": 4134.333,
            "TV_p": -40.0,
            "AUP_p": 18.550591644204836
        },
        {
            "D": "201010",
            "TV": 0.0,
            "AUP": 4134.333,
            "TV_p": 0.0,
            "AUP_p": 0.0
        },
        {
            "D": "201011",
            "TV": 3.0,
            "AUP": 3046.0,
            "TV_p": 0.0,
            "AUP_p": -26.324276378805468
        },
        {
            "D": "201012",
            "TV": 2.0,
            "AUP": 5560.0,
            "TV_p": -33.33333333333333,
            "AUP_p": 82.53447143795141
        },
        {
            "D": "201101",
            "TV": 2.0,
            "AUP": 4484.5,
            "TV_p": 0.0,
            "AUP_p": -19.343525179856115
        },
        {
            "D": "201102",
            "TV": 2.0,
            "AUP": 4246.5,
            "TV_p": 0.0,
            "AUP_p": -5.307169138142491
        },
        {
            "D": "201103",
            "TV": 1.0,
            "AUP": 3247.0,
            "TV_p": -50.0,
            "AUP_p": -23.537030495702343
        },
        {
            "D": "201104",
            "TV": 1.0,
            "AUP": 4994.0,
            "TV_p": 0.0,
            "AUP_p": 53.80351093316907
        },
        {
            "D": "201105",
            "TV": 3.0,
            "AUP": 4755.0,
            "TV_p": 200.0,
            "AUP_p": -4.785742891469764
        },
        {
            "D": "201106",
            "TV": 5.0,
            "AUP": 4736.8,
            "TV_p": 66.66666666666666,
            "AUP_p": -0.3827549947423726
        },
        {
            "D": "201107",
            "TV": 2.0,
            "AUP": 4766.0,
            "TV_p": -60.0,
            "AUP_p": 0.6164499239993205
        },
        {
            "D": "201108",
            "TV": 1.0,
            "AUP": 5120.0,
            "TV_p": -50.0,
            "AUP_p": 7.427612253462022
        },
        {
            "D": "201109",
            "TV": 2.0,
            "AUP": 4267.5,
            "TV_p": 100.0,
            "AUP_p": -16.650390625
        },
        {
            "D": "201110",
            "TV": 1.0,
            "AUP": 4223.0,
            "TV_p": -50.0,
            "AUP_p": -1.0427650849443468
        },
        {
            "D": "201111",
            "TV": 0.0,
            "AUP": 4223.0,
            "TV_p": 0.0,
            "AUP_p": 0.0
        },
        {
            "D": "201112",
            "TV": 1.0,
            "AUP": 4666.0,
            "TV_p": 0.0,
            "AUP_p": 10.490172862893678
        },
        {
            "D": "201201",
            "TV": 1.0,
            "AUP": 2131.0,
            "TV_p": 0.0,
            "AUP_p": -54.329189884269184
        },
        {
            "D": "201202",
            "TV": 0.0,
            "AUP": 2131.0,
            "TV_p": 0.0,
            "AUP_p": 0.0
        },
        {
            "D": "201203",
            "TV": 3.0,
            "AUP": 4398.333,
            "TV_p": 0.0,
            "AUP_p": 106.39762238385732
        },
        {
            "D": "201204",
            "TV": 1.0,
            "AUP": 5754.0,
            "TV_p": -66.66666666666666,
            "AUP_p": 30.822281177023296
        },
        {
            "D": "201205",
            "TV": 0.0,
            "AUP": 5754.0,
            "TV_p": 0.0,
            "AUP_p": 0.0
        },
        {
            "D": "201206",
            "TV": 1.0,
            "AUP": 4106.0,
            "TV_p": 0.0,
            "AUP_p": -28.640945429266594
        },
        {
            "D": "201207",
            "TV": 2.0,
            "AUP": 4834.0,
            "TV_p": 100.0,
            "AUP_p": 17.730150998538726
        },
        {
            "D": "201208",
            "TV": 2.0,
            "AUP": 4622.0,
            "TV_p": 0.0,
            "AUP_p": -4.385601985932975
        },
        {
            "D": "201209",
            "TV": 2.0,
            "AUP": 5184.5,
            "TV_p": 0.0,
            "AUP_p": 12.170056252704457
        },
        {
            "D": "201210",
            "TV": 2.0,
            "AUP": 4624.0,
            "TV_p": 0.0,
            "AUP_p": -10.811071463014756
        },
        {
            "D": "201211",
            "TV": 1.0,
            "AUP": 4787.0,
            "TV_p": -50.0,
            "AUP_p": 3.5250865051903113
        },
        {
            "D": "201212",
            "TV": 0.0,
            "AUP": 4787.0,
            "TV_p": 0.0,
            "AUP_p": 0.0
        },
        {
            "D": "201301",
            "TV": 0.0,
            "AUP": 4787.0,
            "TV_p": 0.0,
            "AUP_p": 0.0
        },
        {
            "D": "201302",
            "TV": 1.0,
            "AUP": 4787.0,
            "TV_p": 0.0,
            "AUP_p": 0.0
        },
        {
            "D": "201303",
            "TV": 1.0,
            "AUP": 6407.0,
            "TV_p": 0.0,
            "AUP_p": 33.84165448088573
        },
        {
            "D": "201304",
            "TV": 0.0,
            "AUP": 6407.0,
            "TV_p": 0.0,
            "AUP_p": 0.0
        },
        {
            "D": "201305",
            "TV": 1.0,
            "AUP": 5577.0,
            "TV_p": 0.0,
            "AUP_p": -12.954580927110973
        },
        {
            "D": "201306",
            "TV": 2.0,
            "AUP": 6177.5,
            "TV_p": 100.0,
            "AUP_p": 10.767437690514614
        },
        {
            "D": "201307",
            "TV": 0.0,
            "AUP": 6177.5,
            "TV_p": 0.0,
            "AUP_p": 0.0
        },
        {
            "D": "201308",
            "TV": 1.0,
            "AUP": 4787.0,
            "TV_p": 0.0,
            "AUP_p": -22.509105625252936
        },
        {
            "D": "201309",
            "TV": 0.0,
            "AUP": 4787.0,
            "TV_p": 0.0,
            "AUP_p": 0.0
        },
        {
            "D": "201310",
            "TV": 1.0,
            "AUP": 5517.0,
            "TV_p": 0.0,
            "AUP_p": 15.249634426571964
        },
        {
            "D": "201311",
            "TV": 0.0,
            "AUP": 5517.0,
            "TV_p": 0.0,
            "AUP_p": 0.0
        },
        {
            "D": "201312",
            "TV": 1.0,
            "AUP": 6257.0,
            "TV_p": 0.0,
            "AUP_p": 13.413086822548486
        },
        {
            "D": "201401",
            "TV": 2.0,
            "AUP": 6744.5,
            "TV_p": 100.0,
            "AUP_p": 7.791273773373822
        },
        {
            "D": "201402",
            "TV": 0.0,
            "AUP": 6744.5,
            "TV_p": 0.0,
            "AUP_p": 0.0
        },
        {
            "D": "201403",
            "TV": 2.0,
            "AUP": 6036.0,
            "TV_p": 0.0,
            "AUP_p": -10.504855808436504
        },
        {
            "D": "201404",
            "TV": 2.0,
            "AUP": 6614.0,
            "TV_p": 0.0,
            "AUP_p": 9.575878064943671
        },
        {
            "D": "201405",
            "TV": 1.0,
            "AUP": 6522.0,
            "TV_p": -50.0,
            "AUP_p": -1.3909888116117326
        },
        {
            "D": "201406",
            "TV": 2.0,
            "AUP": 6767.0,
            "TV_p": 100.0,
            "AUP_p": 3.756516406010426
        },
        {
            "D": "201407",
            "TV": 2.0,
            "AUP": 6585.5,
            "TV_p": 0.0,
            "AUP_p": -2.682133885030294
        },
        {
            "D": "201408",
            "TV": 1.0,
            "AUP": 7068.0,
            "TV_p": -50.0,
            "AUP_p": 7.3267026042062104
        },
        {
            "D": "201409",
            "TV": 1.0,
            "AUP": 5880.0,
            "TV_p": 0.0,
            "AUP_p": -16.808149405772497
        },
        {
            "D": "201410",
            "TV": 2.0,
            "AUP": 7152.5,
            "TV_p": 100.0,
            "AUP_p": 21.641156462585034
        },
        {
            "D": "201411",
            "TV": 0.0,
            "AUP": 7152.5,
            "TV_p": 0.0,
            "AUP_p": 0.0
        },
        {
            "D": "201412",
            "TV": 0.0,
            "AUP": 7152.5,
            "TV_p": 0.0,
            "AUP_p": 0.0
        },
        {
            "D": "201501",
            "TV": 1.0,
            "AUP": 7558.0,
            "TV_p": 0.0,
            "AUP_p": 5.6693463823837815
        },
        {
            "D": "201502",
            "TV": 1.0,
            "AUP": 6803.0,
            "TV_p": 0.0,
            "AUP_p": -9.989415189203493
        },
        {
            "D": "201503",
            "TV": 1.0,
            "AUP": 5096.0,
            "TV_p": 0.0,
            "AUP_p": -25.091871233279434
        },
        {
            "D": "201504",
            "TV": 0.0,
            "AUP": 5096.0,
            "TV_p": 0.0,
            "AUP_p": 0.0
        },
        {
            "D": "201505",
            "TV": 0.0,
            "AUP": 5096.0,
            "TV_p": 0.0,
            "AUP_p": 0.0
        },
        {
            "D": "201506",
            "TV": 0.0,
            "AUP": 5096.0,
            "TV_p": 0.0,
            "AUP_p": 0.0
        },
        {
            "D": "201507",
            "TV": 1.0,
            "AUP": 7951.0,
            "TV_p": 0.0,
            "AUP_p": 56.02433281004709
        },
        {
            "D": "201508",
            "TV": 0.0,
            "AUP": 7951.0,
            "TV_p": 0.0,
            "AUP_p": 0.0
        },
        {
            "D": "201509",
            "TV": 1.0,
            "AUP": 7642.0,
            "TV_p": 0.0,
            "AUP_p": -3.8863036096088543
        },
        {
            "D": "201510",
            "TV": 0.0,
            "AUP": 7642.0,
            "TV_p": 0.0,
            "AUP_p": 0.0
        },
        {
            "D": "201511",
            "TV": 1.0,
            "AUP": 7942.0,
            "TV_p": 0.0,
            "AUP_p": 3.9256739073540956
        },
        {
            "D": "201512",
            "TV": 1.0,
            "AUP": 8173.0,
            "TV_p": 0.0,
            "AUP_p": 2.9085872576177287
        },
        {
            "D": "201601",
            "TV": 0.0,
            "AUP": 8173.0,
            "TV_p": 0.0,
            "AUP_p": 0.0
        },
        {
            "D": "201602",
            "TV": 0.0,
            "AUP": 8173.0,
            "TV_p": 0.0,
            "AUP_p": 0.0
        },
        {
            "D": "201603",
            "TV": 1.0,
            "AUP": 9740.0,
            "TV_p": 0.0,
            "AUP_p": 19.17288633304784
        },
        {
            "D": "201604",
            "TV": 0.0,
            "AUP": 9740.0,
            "TV_p": 0.0,
            "AUP_p": 0.0
        },
        {
            "D": "201605",
            "TV": 1.0,
            "AUP": 9740.0,
            "TV_p": 0.0,
            "AUP_p": 0.0
        },
        {
            "D": "201606",
            "TV": 0.0,
            "AUP": 9740.0,
            "TV_p": 0.0,
            "AUP_p": 0.0
        },
        {
            "D": "201607",
            "TV": 1.0,
            "AUP": 7443.0,
            "TV_p": 0.0,
            "AUP_p": -23.583162217659137
        },
        {
            "D": "201608",
            "TV": 0.0,
            "AUP": 7443.0,
            "TV_p": 0.0,
            "AUP_p": 0.0
        },
        {
            "D": "201609",
            "TV": 0.0,
            "AUP": 7443.0,
            "TV_p": 0.0,
            "AUP_p": 0.0
        },
        {
            "D": "201610",
            "TV": 1.0,
            "AUP": 6077.0,
            "TV_p": 0.0,
            "AUP_p": -18.3528147252452
        },
        {
            "D": "201611",
            "TV": 1.0,
            "AUP": 9107.0,
            "TV_p": 0.0,
            "AUP_p": 49.86012835280566
        },
        {
            "D": "201612",
            "TV": 2.0,
            "AUP": 7298.5,
            "TV_p": 100.0,
            "AUP_p": -19.85835071922697
        },
        {
            "D": "201701",
            "TV": 1.0,
            "AUP": 10208.0,
            "TV_p": -50.0,
            "AUP_p": 39.86435568952524
        },
        {
            "D": "201702",
            "TV": 0.0,
            "AUP": 10208.0,
            "TV_p": 0.0,
            "AUP_p": 0.0
        },
        {
            "D": "201703",
            "TV": 0.0,
            "AUP": 10208.0,
            "TV_p": 0.0,
            "AUP_p": 0.0
        },
        {
            "D": "201704",
            "TV": 1.0,
            "AUP": 9859.0,
            "TV_p": 0.0,
            "AUP_p": -3.418887147335423
        },
        {
            "D": "201705",
            "TV": 0.0,
            "AUP": 9859.0,
            "TV_p": 0.0,
            "AUP_p": 0.0
        },
        {
            "D": "201706",
            "TV": 1.0,
            "AUP": 7159.0,
            "TV_p": 0.0,
            "AUP_p": -27.38614463941576
        },
        {
            "D": "201707",
            "TV": 1.0,
            "AUP": 6993.0,
            "TV_p": 0.0,
            "AUP_p": -2.31875960329655
        },
        {
            "D": "201708",
            "TV": 0.0,
            "AUP": 6993.0,
            "TV_p": 0.0,
            "AUP_p": 0.0
        },
        {
            "D": "201709",
            "TV": 1.0,
            "AUP": 9130.0,
            "TV_p": 0.0,
            "AUP_p": 30.55913055913056
        },
        {
            "D": "201710",
            "TV": 1.0,
            "AUP": 9605.0,
            "TV_p": 0.0,
            "AUP_p": 5.2026286966046005
        },
        {
            "D": "201711",
            "TV": 1.0,
            "AUP": 7945.0,
            "TV_p": 0.0,
            "AUP_p": -17.28266527850078
        },
        {
            "D": "201712",
            "TV": 2.0,
            "AUP": 10313.0,
            "TV_p": 100.0,
            "AUP_p": 29.804908747640024
        },
        {
            "D": "201801",
            "TV": 3.0,
            "AUP": 9158.333,
            "TV_p": 50.0,
            "AUP_p": -11.196224832735378
        },
        {
            "D": "201802",
            "TV": 1.0,
            "AUP": 8424.0,
            "TV_p": -66.66666666666666,
            "AUP_p": -8.018198358799575
        },
        {
            "D": "201803",
            "TV": 1.0,
            "AUP": 9267.0,
            "TV_p": 0.0,
            "AUP_p": 10.007122507122507
        },
        {
            "D": "201804",
            "TV": 3.0,
            "AUP": 9283.667,
            "TV_p": 200.0,
            "AUP_p": 0.17984963850220317
        },
        {
            "D": "201805",
            "TV": 2.0,
            "AUP": 10641.5,
            "TV_p": -33.33333333333333,
            "AUP_p": 14.62604575165173
        },
        {
            "D": "201806",
            "TV": 0.0,
            "AUP": 10641.5,
            "TV_p": 0.0,
            "AUP_p": 0.0
        },
        {
            "D": "201807",
            "TV": 0.0,
            "AUP": 10641.5,
            "TV_p": 0.0,
            "AUP_p": 0.0
        },
        {
            "D": "201808",
            "TV": 0.0,
            "AUP": 10641.5,
            "TV_p": 0.0,
            "AUP_p": 0.0
        },
        {
            "D": "201809",
            "TV": 0.0,
            "AUP": 10641.5,
            "TV_p": 0.0,
            "AUP_p": 0.0
        },
        {
            "D": "201810",
            "TV": 1.0,
            "AUP": 10501.0,
            "TV_p": 0.0,
            "AUP_p": -1.320302588920735
        },
        {
            "D": "201811",
            "TV": 2.0,
            "AUP": 8311.5,
            "TV_p": 100.0,
            "AUP_p": -20.8503952004571
        },
        {
            "D": "201812",
            "TV": 0.0,
            "AUP": 8311.5,
            "TV_p": 0.0,
            "AUP_p": 0.0
        },
        {
            "D": "201901",
            "TV": 1.0,
            "AUP": 10792.0,
            "TV_p": 0.0,
            "AUP_p": 29.84419178247007
        },
        {
            "D": "201902",
            "TV": 0.0,
            "AUP": 10792.0,
            "TV_p": 0.0,
            "AUP_p": 0.0
        },
        {
            "D": "201903",
            "TV": 1.0,
            "AUP": 10938.0,
            "TV_p": 0.0,
            "AUP_p": 1.352853965900667
        },
        {
            "D": "201904",
            "TV": 1.0,
            "AUP": 10896.0,
            "TV_p": 0.0,
            "AUP_p": -0.38398244651673064
        },
        {
            "D": "201905",
            "TV": 0.0,
            "AUP": 10896.0,
            "TV_p": 0.0,
            "AUP_p": 0.0
        },
        {
            "D": "201906",
            "TV": 0.0,
            "AUP": 10896.0,
            "TV_p": 0.0,
            "AUP_p": 0.0
        },
        {
            "D": "201907",
            "TV": 1.0,
            "AUP": 10308.0,
            "TV_p": 0.0,
            "AUP_p": -5.39647577092511
        },
        {
            "D": "201908",
            "TV": 3.0,
            "AUP": 10480.0,
            "TV_p": 200.0,
            "AUP_p": 1.6686069072564997
        },
        {
            "D": "201909",
            "TV": 1.0,
            "AUP": 10480.0,
            "TV_p": -66.66666666666666,
            "AUP_p": 0.0
        },
        {
            "D": "201910",
            "TV": 0.0,
            "AUP": 10480.0,
            "TV_p": 0.0,
            "AUP_p": 0.0
        },
        {
            "D": "201911",
            "TV": 0.0,
            "AUP": 10480.0,
            "TV_p": 0.0,
            "AUP_p": 0.0
        },
        {
            "D": "201912",
            "TV": 0.0,
            "AUP": 10480.0,
            "TV_p": 0.0,
            "AUP_p": 0.0
        },
        {
            "D": "202001",
            "TV": 0.0,
            "AUP": 10480.0,
            "TV_p": 0.0,
            "AUP_p": 0.0
        },
        {
            "D": "202002",
            "TV": 0.0,
            "AUP": 10480.0,
            "TV_p": 0.0,
            "AUP_p": 0.0
        },
        {
            "D": "202003",
            "TV": 0.0,
            "AUP": 10480.0,
            "TV_p": 0.0,
            "AUP_p": 0.0
        },
        {
            "D": "202004",
            "TV": 2.0,
            "AUP": 11451.0,
            "TV_p": 0.0,
            "AUP_p": 9.26526717557252
        },
        {
            "D": "202005",
            "TV": 4.0,
            "AUP": 10111.0,
            "TV_p": 100.0,
            "AUP_p": -11.7020347567898
        },
        {
            "D": "202006",
            "TV": 1.0,
            "AUP": 10111.0,
            "TV_p": -75.0,
            "AUP_p": 0.0
        },
        {
            "D": "202007",
            "TV": 1.0,
            "AUP": 10111.0,
            "TV_p": 0.0,
            "AUP_p": 0.0
        },
        {
            "D": "202008",
            "TV": 0.0,
            "AUP": 10111.0,
            "TV_p": 0.0,
            "AUP_p": 0.0
        },
        {
            "D": "202009",
            "TV": 1.0,
            "AUP": 10111.0,
            "TV_p": 0.0,
            "AUP_p": 0.0
        },
        {
            "D": "202010",
            "TV": 0.0,
            "AUP": 10111.0,
            "TV_p": 0.0,
            "AUP_p": 0.0
        },
        {
            "D": "202011",
            "TV": 0.0,
            "AUP": 10111.0,
            "TV_p": 0.0,
            "AUP_p": 0.0
        },
        {
            "D": "202012",
            "TV": 1.0,
            "AUP": 10111.0,
            "TV_p": 0.0,
            "AUP_p": 0.0
        },
        {
            "D": "202101",
            "TV": 2.0,
            "AUP": 10300.5,
            "TV_p": 100.0,
            "AUP_p": 1.8741964197408763
        },
        {
            "D": "202102",
            "TV": 1.0,
            "AUP": 12766.0,
            "TV_p": -50.0,
            "AUP_p": 23.935731275180817
        },
        {
            "D": "202103",
            "TV": 1.0,
            "AUP": 9625.0,
            "TV_p": 0.0,
            "AUP_p": -24.604417985273383
        },
        {
            "D": "202104",
            "TV": 0.0,
            "AUP": 9625.0,
            "TV_p": 0.0,
            "AUP_p": 0.0
        },
        {
            "D": "202105",
            "TV": 0.0,
            "AUP": 9625.0,
            "TV_p": 0.0,
            "AUP_p": 0.0
        },
        {
            "D": "202106",
            "TV": 1.0,
            "AUP": 9875.0,
            "TV_p": 0.0,
            "AUP_p": 2.5974025974025974
        },
        {
            "D": "202107",
            "TV": 2.0,
            "AUP": 9971.0,
            "TV_p": 100.0,
            "AUP_p": 0.9721518987341773
        },
        {
            "D": "202108",
            "TV": 0.0,
            "AUP": 9971.0,
            "TV_p": 0.0,
            "AUP_p": 0.0
        },
        {
            "D": "202109",
            "TV": 2.0,
            "AUP": 10985.0,
            "TV_p": 0.0,
            "AUP_p": 10.16949152542373
        },
        {
            "D": "202110",
            "TV": 0.0,
            "AUP": 10985.0,
            "TV_p": 0.0,
            "AUP_p": 0.0
        },
        {
            "D": "202111",
            "TV": 0.0,
            "AUP": 10985.0,
            "TV_p": 0.0,
            "AUP_p": 0.0
        },
        {
            "D": "202112",
            "TV": 1.0,
            "AUP": 8982.0,
            "TV_p": 0.0,
            "AUP_p": -18.233955393718706
        },
        {
            "D": "202201",
            "TV": 1.0,
            "AUP": 9695.0,
            "TV_p": 0.0,
            "AUP_p": 7.938098419060342
        },
        {
            "D": "202202",
            "TV": 1.0,
            "AUP": 9417.0,
            "TV_p": 0.0,
            "AUP_p": -2.8674574522949974
        },
        {
            "D": "202203",
            "TV": 0.0,
            "AUP": 9417.0,
            "TV_p": 0.0,
            "AUP_p": 0.0
        },
        {
            "D": "202204",
            "TV": 1.0,
            "AUP": 9417.0,
            "TV_p": 0.0,
            "AUP_p": 0.0
        },
        {
            "D": "202205",
            "TV": 1.0,
            "AUP": 10206.0,
            "TV_p": 0.0,
            "AUP_p": 8.378464479133482
        },
        {
            "D": "202206",
            "TV": 3.0,
            "AUP": 9421.5,
            "TV_p": 200.0,
            "AUP_p": -7.686654908877132
        },
        {
            "D": "202207",
            "TV": 1.0,
            "AUP": 9421.5,
            "TV_p": -66.66666666666666,
            "AUP_p": 0.0
        },
        {
            "D": "202208",
            "TV": 1.0,
            "AUP": 9358.0,
            "TV_p": 0.0,
            "AUP_p": -0.6739903412407791
        },
        {
            "D": "202209",
            "TV": 0.0,
            "AUP": 9358.0,
            "TV_p": 0.0,
            "AUP_p": 0.0
        },
        {
            "D": "202210",
            "TV": 0.0,
            "AUP": 9358.0,
            "TV_p": 0.0,
            "AUP_p": 0.0
        },
        {
            "D": "202211",
            "TV": 1.0,
            "AUP": 7450.0,
            "TV_p": 0.0,
            "AUP_p": -20.38897200256465
        },
        {
            "D": "202212",
            "TV": 0.0,
            "AUP": 7450.0,
            "TV_p": 0.0,
            "AUP_p": 0.0
        },
        {
            "D": "202301",
            "TV": 1.0,
            "AUP": 8000.0,
            "TV_p": 0.0,
            "AUP_p": 7.38255033557047
        },
        {
            "D": "202302",
            "TV": 1.0,
            "AUP": 8000.0,
            "TV_p": 0.0,
            "AUP_p": 0.0
        },
        {
            "D": "202303",
            "TV": 1.0,
            "AUP": 8146.0,
            "TV_p": 0.0,
            "AUP_p": 1.825
        },
        {
            "D": "202304",
            "TV": 0.0,
            "AUP": 8146.0,
            "TV_p": 0.0,
            "AUP_p": 0.0
        },
        {
            "D": "202305",
            "TV": 1.0,
            "AUP": 10160.0,
            "TV_p": 0.0,
            "AUP_p": 24.72379081757918
        },
        {
            "D": "202306",
            "TV": 1.0,
            "AUP": 8533.0,
            "TV_p": 0.0,
            "AUP_p": -16.013779527559056
        },
        {
            "D": "202307",
            "TV": 2.0,
            "AUP": 8250.0,
            "TV_p": 100.0,
            "AUP_p": -3.316535802179773
        },
        {
            "D": "202308",
            "TV": 2.0,
            "AUP": 8250.0,
            "TV_p": 0.0,
            "AUP_p": 0.0
        },
        {
            "D": "202309",
            "TV": 0.0,
            "AUP": 8250.0,
            "TV_p": 0.0,
            "AUP_p": 0.0
        },
        {
            "D": "202310",
            "TV": 0.0,
            "AUP": 8250.0,
            "TV_p": 0.0,
            "AUP_p": 0.0
        },
        {
            "D": "202311",
            "TV": 1.0,
            "AUP": 8250.0,
            "TV_p": 0.0,
            "AUP_p": 0.0
        },
        {
            "D": "202312",
            "TV": 1.0,
            "AUP": 8250.0,
            "TV_p": 0.0,
            "AUP_p": 0.0
        },
        {
            "D": "202401",
            "TV": 0.0,
            "AUP": 8250.0,
            "TV_p": 0.0,
            "AUP_p": 0.0
        },
        {
            "D": "202402",
            "TV": 0.0,
            "AUP": 8250.0,
            "TV_p": 0.0,
            "AUP_p": 0.0
        },
        {
            "D": "202403",
            "TV": 2.0,
            "AUP": 7224.0,
            "TV_p": 0.0,
            "AUP_p": -12.436363636363636
        },
        {
            "D": "202404",
            "TV": 1.0,
            "AUP": 9060.0,
            "TV_p": -50.0,
            "AUP_p": 25.41528239202658
        },
        {
            "D": "202405",
            "TV": 0.0,
            "AUP": 9060.0,
            "TV_p": 0.0,
            "AUP_p": 0.0
        },
        {
            "D": "202406",
            "TV": 0.0,
            "AUP": 9060.0,
            "TV_p": 0.0,
            "AUP_p": 0.0
        },
        {
            "D": "202407",
            "TV": 1.0,
            "AUP": 7224.0,
            "TV_p": 0.0,
            "AUP_p": -20.264900662251655
        }
    ],
    "MinDate": "199601",
    "MaxDate": "202407"
}