{
    "List": [
        {
            "D": "199601",
            "TV": 1.0,
            "AUP": 1762.0,
            "TV_p": 0.0,
            "AUP_p": -49.49842361708226
        },
        {
            "D": "199602",
            "TV": 1.0,
            "AUP": 3541.0,
            "TV_p": 0.0,
            "AUP_p": 100.96481271282633
        },
        {
            "D": "199603",
            "TV": 0.0,
            "AUP": 3541.0,
            "TV_p": 0.0,
            "AUP_p": 0.0
        },
        {
            "D": "199604",
            "TV": 0.0,
            "AUP": 3541.0,
            "TV_p": 0.0,
            "AUP_p": 0.0
        },
        {
            "D": "199605",
            "TV": 2.0,
            "AUP": 3972.0,
            "TV_p": 0.0,
            "AUP_p": 12.171702908782828
        },
        {
            "D": "199606",
            "TV": 0.0,
            "AUP": 3972.0,
            "TV_p": 0.0,
            "AUP_p": 0.0
        },
        {
            "D": "199607",
            "TV": 1.0,
            "AUP": 3334.0,
            "TV_p": 0.0,
            "AUP_p": -16.062437059415913
        },
        {
            "D": "199608",
            "TV": 0.0,
            "AUP": 3334.0,
            "TV_p": 0.0,
            "AUP_p": 0.0
        },
        {
            "D": "199609",
            "TV": 0.0,
            "AUP": 3334.0,
            "TV_p": 0.0,
            "AUP_p": 0.0
        },
        {
            "D": "199610",
            "TV": 0.0,
            "AUP": 3334.0,
            "TV_p": 0.0,
            "AUP_p": 0.0
        },
        {
            "D": "199611",
            "TV": 0.0,
            "AUP": 3334.0,
            "TV_p": 0.0,
            "AUP_p": 0.0
        },
        {
            "D": "199612",
            "TV": 1.0,
            "AUP": 3352.0,
            "TV_p": 0.0,
            "AUP_p": 0.5398920215956808
        },
        {
            "D": "199701",
            "TV": 0.0,
            "AUP": 3352.0,
            "TV_p": 0.0,
            "AUP_p": 0.0
        },
        {
            "D": "199702",
            "TV": 0.0,
            "AUP": 3352.0,
            "TV_p": 0.0,
            "AUP_p": 0.0
        },
        {
            "D": "199703",
            "TV": 0.0,
            "AUP": 3352.0,
            "TV_p": 0.0,
            "AUP_p": 0.0
        },
        {
            "D": "199704",
            "TV": 0.0,
            "AUP": 3352.0,
            "TV_p": 0.0,
            "AUP_p": 0.0
        },
        {
            "D": "199705",
            "TV": 0.0,
            "AUP": 3352.0,
            "TV_p": 0.0,
            "AUP_p": 0.0
        },
        {
            "D": "199706",
            "TV": 1.0,
            "AUP": 2834.0,
            "TV_p": 0.0,
            "AUP_p": -15.453460620525059
        },
        {
            "D": "199707",
            "TV": 0.0,
            "AUP": 2834.0,
            "TV_p": 0.0,
            "AUP_p": 0.0
        },
        {
            "D": "199708",
            "TV": 0.0,
            "AUP": 2834.0,
            "TV_p": 0.0,
            "AUP_p": 0.0
        },
        {
            "D": "199709",
            "TV": 0.0,
            "AUP": 2834.0,
            "TV_p": 0.0,
            "AUP_p": 0.0
        },
        {
            "D": "199710",
            "TV": 0.0,
            "AUP": 2834.0,
            "TV_p": 0.0,
            "AUP_p": 0.0
        },
        {
            "D": "199711",
            "TV": 0.0,
            "AUP": 2834.0,
            "TV_p": 0.0,
            "AUP_p": 0.0
        },
        {
            "D": "199712",
            "TV": 0.0,
            "AUP": 2834.0,
            "TV_p": 0.0,
            "AUP_p": 0.0
        },
        {
            "D": "199801",
            "TV": 0.0,
            "AUP": 2834.0,
            "TV_p": 0.0,
            "AUP_p": 0.0
        },
        {
            "D": "199802",
            "TV": 0.0,
            "AUP": 2834.0,
            "TV_p": 0.0,
            "AUP_p": 0.0
        },
        {
            "D": "199803",
            "TV": 0.0,
            "AUP": 2834.0,
            "TV_p": 0.0,
            "AUP_p": 0.0
        },
        {
            "D": "199804",
            "TV": 1.0,
            "AUP": 3839.0,
            "TV_p": 0.0,
            "AUP_p": 35.46224417784051
        },
        {
            "D": "199805",
            "TV": 0.0,
            "AUP": 3839.0,
            "TV_p": 0.0,
            "AUP_p": 0.0
        },
        {
            "D": "199806",
            "TV": 0.0,
            "AUP": 3839.0,
            "TV_p": 0.0,
            "AUP_p": 0.0
        },
        {
            "D": "199807",
            "TV": 0.0,
            "AUP": 3839.0,
            "TV_p": 0.0,
            "AUP_p": 0.0
        },
        {
            "D": "199808",
            "TV": 0.0,
            "AUP": 3839.0,
            "TV_p": 0.0,
            "AUP_p": 0.0
        },
        {
            "D": "199809",
            "TV": 0.0,
            "AUP": 3839.0,
            "TV_p": 0.0,
            "AUP_p": 0.0
        },
        {
            "D": "199810",
            "TV": 1.0,
            "AUP": 3509.0,
            "TV_p": 0.0,
            "AUP_p": -8.595988538681947
        },
        {
            "D": "199811",
            "TV": 1.0,
            "AUP": 1896.0,
            "TV_p": 0.0,
            "AUP_p": -45.967512111712736
        },
        {
            "D": "199812",
            "TV": 0.0,
            "AUP": 1896.0,
            "TV_p": 0.0,
            "AUP_p": 0.0
        },
        {
            "D": "199901",
            "TV": 0.0,
            "AUP": 1896.0,
            "TV_p": 0.0,
            "AUP_p": 0.0
        },
        {
            "D": "199902",
            "TV": 0.0,
            "AUP": 1896.0,
            "TV_p": 0.0,
            "AUP_p": 0.0
        },
        {
            "D": "199903",
            "TV": 0.0,
            "AUP": 1896.0,
            "TV_p": 0.0,
            "AUP_p": 0.0
        },
        {
            "D": "199904",
            "TV": 0.0,
            "AUP": 1896.0,
            "TV_p": 0.0,
            "AUP_p": 0.0
        },
        {
            "D": "199905",
            "TV": 0.0,
            "AUP": 1896.0,
            "TV_p": 0.0,
            "AUP_p": 0.0
        },
        {
            "D": "199906",
            "TV": 0.0,
            "AUP": 1896.0,
            "TV_p": 0.0,
            "AUP_p": 0.0
        },
        {
            "D": "199907",
            "TV": 0.0,
            "AUP": 1896.0,
            "TV_p": 0.0,
            "AUP_p": 0.0
        },
        {
            "D": "199908",
            "TV": 0.0,
            "AUP": 1896.0,
            "TV_p": 0.0,
            "AUP_p": 0.0
        },
        {
            "D": "199909",
            "TV": 0.0,
            "AUP": 1896.0,
            "TV_p": 0.0,
            "AUP_p": 0.0
        },
        {
            "D": "199910",
            "TV": 0.0,
            "AUP": 1896.0,
            "TV_p": 0.0,
            "AUP_p": 0.0
        },
        {
            "D": "199911",
            "TV": 0.0,
            "AUP": 1896.0,
            "TV_p": 0.0,
            "AUP_p": 0.0
        },
        {
            "D": "199912",
            "TV": 0.0,
            "AUP": 1896.0,
            "TV_p": 0.0,
            "AUP_p": 0.0
        },
        {
            "D": "200001",
            "TV": 0.0,
            "AUP": 1896.0,
            "TV_p": 0.0,
            "AUP_p": 0.0
        },
        {
            "D": "200002",
            "TV": 0.0,
            "AUP": 1896.0,
            "TV_p": 0.0,
            "AUP_p": 0.0
        },
        {
            "D": "200003",
            "TV": 0.0,
            "AUP": 1896.0,
            "TV_p": 0.0,
            "AUP_p": 0.0
        },
        {
            "D": "200004",
            "TV": 0.0,
            "AUP": 1896.0,
            "TV_p": 0.0,
            "AUP_p": 0.0
        },
        {
            "D": "200005",
            "TV": 0.0,
            "AUP": 1896.0,
            "TV_p": 0.0,
            "AUP_p": 0.0
        },
        {
            "D": "200006",
            "TV": 0.0,
            "AUP": 1896.0,
            "TV_p": 0.0,
            "AUP_p": 0.0
        },
        {
            "D": "200007",
            "TV": 0.0,
            "AUP": 1896.0,
            "TV_p": 0.0,
            "AUP_p": 0.0
        },
        {
            "D": "200008",
            "TV": 2.0,
            "AUP": 2453.5,
            "TV_p": 0.0,
            "AUP_p": 29.404008438818565
        },
        {
            "D": "200009",
            "TV": 0.0,
            "AUP": 2453.5,
            "TV_p": 0.0,
            "AUP_p": 0.0
        },
        {
            "D": "200010",
            "TV": 1.0,
            "AUP": 2514.0,
            "TV_p": 0.0,
            "AUP_p": 2.465865090686774
        },
        {
            "D": "200011",
            "TV": 0.0,
            "AUP": 2514.0,
            "TV_p": 0.0,
            "AUP_p": 0.0
        },
        {
            "D": "200012",
            "TV": 0.0,
            "AUP": 2514.0,
            "TV_p": 0.0,
            "AUP_p": 0.0
        },
        {
            "D": "200101",
            "TV": 0.0,
            "AUP": 2514.0,
            "TV_p": 0.0,
            "AUP_p": 0.0
        },
        {
            "D": "200102",
            "TV": 0.0,
            "AUP": 2514.0,
            "TV_p": 0.0,
            "AUP_p": 0.0
        },
        {
            "D": "200103",
            "TV": 0.0,
            "AUP": 2514.0,
            "TV_p": 0.0,
            "AUP_p": 0.0
        },
        {
            "D": "200104",
            "TV": 1.0,
            "AUP": 2223.0,
            "TV_p": 0.0,
            "AUP_p": -11.575178997613365
        },
        {
            "D": "200105",
            "TV": 0.0,
            "AUP": 2223.0,
            "TV_p": 0.0,
            "AUP_p": 0.0
        },
        {
            "D": "200106",
            "TV": 0.0,
            "AUP": 2223.0,
            "TV_p": 0.0,
            "AUP_p": 0.0
        },
        {
            "D": "200107",
            "TV": 0.0,
            "AUP": 2223.0,
            "TV_p": 0.0,
            "AUP_p": 0.0
        },
        {
            "D": "200108",
            "TV": 0.0,
            "AUP": 2223.0,
            "TV_p": 0.0,
            "AUP_p": 0.0
        },
        {
            "D": "200109",
            "TV": 0.0,
            "AUP": 2223.0,
            "TV_p": 0.0,
            "AUP_p": 0.0
        },
        {
            "D": "200110",
            "TV": 0.0,
            "AUP": 2223.0,
            "TV_p": 0.0,
            "AUP_p": 0.0
        },
        {
            "D": "200111",
            "TV": 2.0,
            "AUP": 1984.0,
            "TV_p": 0.0,
            "AUP_p": -10.75123706702654
        },
        {
            "D": "200112",
            "TV": 0.0,
            "AUP": 1984.0,
            "TV_p": 0.0,
            "AUP_p": 0.0
        },
        {
            "D": "200201",
            "TV": 1.0,
            "AUP": 2351.0,
            "TV_p": 0.0,
            "AUP_p": 18.49798387096774
        },
        {
            "D": "200202",
            "TV": 0.0,
            "AUP": 2351.0,
            "TV_p": 0.0,
            "AUP_p": 0.0
        },
        {
            "D": "200203",
            "TV": 0.0,
            "AUP": 2351.0,
            "TV_p": 0.0,
            "AUP_p": 0.0
        },
        {
            "D": "200204",
            "TV": 0.0,
            "AUP": 2351.0,
            "TV_p": 0.0,
            "AUP_p": 0.0
        },
        {
            "D": "200205",
            "TV": 1.0,
            "AUP": 1706.0,
            "TV_p": 0.0,
            "AUP_p": -27.43513398553807
        },
        {
            "D": "200206",
            "TV": 0.0,
            "AUP": 1706.0,
            "TV_p": 0.0,
            "AUP_p": 0.0
        },
        {
            "D": "200207",
            "TV": 0.0,
            "AUP": 1706.0,
            "TV_p": 0.0,
            "AUP_p": 0.0
        },
        {
            "D": "200208",
            "TV": 0.0,
            "AUP": 1706.0,
            "TV_p": 0.0,
            "AUP_p": 0.0
        },
        {
            "D": "200209",
            "TV": 1.0,
            "AUP": 2818.0,
            "TV_p": 0.0,
            "AUP_p": 65.18171160609613
        },
        {
            "D": "200210",
            "TV": 0.0,
            "AUP": 2818.0,
            "TV_p": 0.0,
            "AUP_p": 0.0
        },
        {
            "D": "200211",
            "TV": 0.0,
            "AUP": 2818.0,
            "TV_p": 0.0,
            "AUP_p": 0.0
        },
        {
            "D": "200212",
            "TV": 0.0,
            "AUP": 2818.0,
            "TV_p": 0.0,
            "AUP_p": 0.0
        },
        {
            "D": "200301",
            "TV": 1.0,
            "AUP": 1885.0,
            "TV_p": 0.0,
            "AUP_p": -33.108587650816176
        },
        {
            "D": "200302",
            "TV": 0.0,
            "AUP": 1885.0,
            "TV_p": 0.0,
            "AUP_p": 0.0
        },
        {
            "D": "200303",
            "TV": 0.0,
            "AUP": 1885.0,
            "TV_p": 0.0,
            "AUP_p": 0.0
        },
        {
            "D": "200304",
            "TV": 0.0,
            "AUP": 1885.0,
            "TV_p": 0.0,
            "AUP_p": 0.0
        },
        {
            "D": "200305",
            "TV": 0.0,
            "AUP": 1885.0,
            "TV_p": 0.0,
            "AUP_p": 0.0
        },
        {
            "D": "200306",
            "TV": 0.0,
            "AUP": 1885.0,
            "TV_p": 0.0,
            "AUP_p": 0.0
        },
        {
            "D": "200307",
            "TV": 0.0,
            "AUP": 1885.0,
            "TV_p": 0.0,
            "AUP_p": 0.0
        },
        {
            "D": "200308",
            "TV": 1.0,
            "AUP": 1733.0,
            "TV_p": 0.0,
            "AUP_p": -8.063660477453581
        },
        {
            "D": "200309",
            "TV": 3.0,
            "AUP": 1468.0,
            "TV_p": 200.0,
            "AUP_p": -15.29140219272937
        },
        {
            "D": "200310",
            "TV": 0.0,
            "AUP": 1468.0,
            "TV_p": 0.0,
            "AUP_p": 0.0
        },
        {
            "D": "200311",
            "TV": 1.0,
            "AUP": 1792.0,
            "TV_p": 0.0,
            "AUP_p": 22.070844686648503
        },
        {
            "D": "200312",
            "TV": 1.0,
            "AUP": 2266.0,
            "TV_p": 0.0,
            "AUP_p": 26.450892857142854
        },
        {
            "D": "200401",
            "TV": 1.0,
            "AUP": 1843.0,
            "TV_p": 0.0,
            "AUP_p": -18.667255075022066
        },
        {
            "D": "200402",
            "TV": 1.0,
            "AUP": 2096.0,
            "TV_p": 0.0,
            "AUP_p": 13.727618014107435
        },
        {
            "D": "200403",
            "TV": 1.0,
            "AUP": 2084.0,
            "TV_p": 0.0,
            "AUP_p": -0.5725190839694656
        },
        {
            "D": "200404",
            "TV": 1.0,
            "AUP": 2397.0,
            "TV_p": 0.0,
            "AUP_p": 15.019193857965451
        },
        {
            "D": "200405",
            "TV": 1.0,
            "AUP": 2608.0,
            "TV_p": 0.0,
            "AUP_p": 8.802670004171882
        },
        {
            "D": "200406",
            "TV": 0.0,
            "AUP": 2608.0,
            "TV_p": 0.0,
            "AUP_p": 0.0
        },
        {
            "D": "200407",
            "TV": 0.0,
            "AUP": 2608.0,
            "TV_p": 0.0,
            "AUP_p": 0.0
        },
        {
            "D": "200408",
            "TV": 1.0,
            "AUP": 2031.0,
            "TV_p": 0.0,
            "AUP_p": -22.124233128834355
        },
        {
            "D": "200409",
            "TV": 0.0,
            "AUP": 2031.0,
            "TV_p": 0.0,
            "AUP_p": 0.0
        },
        {
            "D": "200410",
            "TV": 1.0,
            "AUP": 2083.0,
            "TV_p": 0.0,
            "AUP_p": 2.5603151157065485
        },
        {
            "D": "200411",
            "TV": 1.0,
            "AUP": 2083.0,
            "TV_p": 0.0,
            "AUP_p": 0.0
        },
        {
            "D": "200412",
            "TV": 0.0,
            "AUP": 2083.0,
            "TV_p": 0.0,
            "AUP_p": 0.0
        },
        {
            "D": "200501",
            "TV": 0.0,
            "AUP": 2083.0,
            "TV_p": 0.0,
            "AUP_p": 0.0
        },
        {
            "D": "200502",
            "TV": 2.0,
            "AUP": 2519.5,
            "TV_p": 0.0,
            "AUP_p": 20.955352856457033
        },
        {
            "D": "200503",
            "TV": 0.0,
            "AUP": 2519.5,
            "TV_p": 0.0,
            "AUP_p": 0.0
        },
        {
            "D": "200504",
            "TV": 1.0,
            "AUP": 3008.0,
            "TV_p": 0.0,
            "AUP_p": 19.388767612621553
        },
        {
            "D": "200505",
            "TV": 1.0,
            "AUP": 3142.0,
            "TV_p": 0.0,
            "AUP_p": 4.454787234042553
        },
        {
            "D": "200506",
            "TV": 0.0,
            "AUP": 3142.0,
            "TV_p": 0.0,
            "AUP_p": 0.0
        },
        {
            "D": "200507",
            "TV": 0.0,
            "AUP": 3142.0,
            "TV_p": 0.0,
            "AUP_p": 0.0
        },
        {
            "D": "200508",
            "TV": 0.0,
            "AUP": 3142.0,
            "TV_p": 0.0,
            "AUP_p": 0.0
        },
        {
            "D": "200509",
            "TV": 0.0,
            "AUP": 3142.0,
            "TV_p": 0.0,
            "AUP_p": 0.0
        },
        {
            "D": "200510",
            "TV": 1.0,
            "AUP": 3107.0,
            "TV_p": 0.0,
            "AUP_p": -1.1139401654996817
        },
        {
            "D": "200511",
            "TV": 0.0,
            "AUP": 3107.0,
            "TV_p": 0.0,
            "AUP_p": 0.0
        },
        {
            "D": "200512",
            "TV": 0.0,
            "AUP": 3107.0,
            "TV_p": 0.0,
            "AUP_p": 0.0
        },
        {
            "D": "200601",
            "TV": 0.0,
            "AUP": 3107.0,
            "TV_p": 0.0,
            "AUP_p": 0.0
        },
        {
            "D": "200602",
            "TV": 2.0,
            "AUP": 6522.0,
            "TV_p": 0.0,
            "AUP_p": 109.91309945284841
        },
        {
            "D": "200603",
            "TV": 0.0,
            "AUP": 6522.0,
            "TV_p": 0.0,
            "AUP_p": 0.0
        },
        {
            "D": "200604",
            "TV": 1.0,
            "AUP": 3435.0,
            "TV_p": 0.0,
            "AUP_p": -47.33210671573137
        },
        {
            "D": "200605",
            "TV": 1.0,
            "AUP": 3226.0,
            "TV_p": 0.0,
            "AUP_p": -6.084425036390102
        },
        {
            "D": "200606",
            "TV": 0.0,
            "AUP": 3226.0,
            "TV_p": 0.0,
            "AUP_p": 0.0
        },
        {
            "D": "200607",
            "TV": 0.0,
            "AUP": 3226.0,
            "TV_p": 0.0,
            "AUP_p": 0.0
        },
        {
            "D": "200608",
            "TV": 0.0,
            "AUP": 3226.0,
            "TV_p": 0.0,
            "AUP_p": 0.0
        },
        {
            "D": "200609",
            "TV": 0.0,
            "AUP": 3226.0,
            "TV_p": 0.0,
            "AUP_p": 0.0
        },
        {
            "D": "200610",
            "TV": 0.0,
            "AUP": 3226.0,
            "TV_p": 0.0,
            "AUP_p": 0.0
        },
        {
            "D": "200611",
            "TV": 0.0,
            "AUP": 3226.0,
            "TV_p": 0.0,
            "AUP_p": 0.0
        },
        {
            "D": "200612",
            "TV": 1.0,
            "AUP": 3685.0,
            "TV_p": 0.0,
            "AUP_p": 14.228146311221327
        },
        {
            "D": "200701",
            "TV": 0.0,
            "AUP": 3685.0,
            "TV_p": 0.0,
            "AUP_p": 0.0
        },
        {
            "D": "200702",
            "TV": 1.0,
            "AUP": 3583.0,
            "TV_p": 0.0,
            "AUP_p": -2.7679782903663503
        },
        {
            "D": "200703",
            "TV": 0.0,
            "AUP": 3583.0,
            "TV_p": 0.0,
            "AUP_p": 0.0
        },
        {
            "D": "200704",
            "TV": 1.0,
            "AUP": 3186.0,
            "TV_p": 0.0,
            "AUP_p": -11.080100474462741
        },
        {
            "D": "200705",
            "TV": 0.0,
            "AUP": 3186.0,
            "TV_p": 0.0,
            "AUP_p": 0.0
        },
        {
            "D": "200706",
            "TV": 0.0,
            "AUP": 3186.0,
            "TV_p": 0.0,
            "AUP_p": 0.0
        },
        {
            "D": "200707",
            "TV": 1.0,
            "AUP": 2949.0,
            "TV_p": 0.0,
            "AUP_p": -7.43879472693032
        },
        {
            "D": "200708",
            "TV": 1.0,
            "AUP": 4064.0,
            "TV_p": 0.0,
            "AUP_p": 37.80942692438114
        },
        {
            "D": "200709",
            "TV": 0.0,
            "AUP": 4064.0,
            "TV_p": 0.0,
            "AUP_p": 0.0
        },
        {
            "D": "200710",
            "TV": 0.0,
            "AUP": 4064.0,
            "TV_p": 0.0,
            "AUP_p": 0.0
        },
        {
            "D": "200711",
            "TV": 0.0,
            "AUP": 4064.0,
            "TV_p": 0.0,
            "AUP_p": 0.0
        },
        {
            "D": "200712",
            "TV": 0.0,
            "AUP": 4064.0,
            "TV_p": 0.0,
            "AUP_p": 0.0
        },
        {
            "D": "200801",
            "TV": 0.0,
            "AUP": 4064.0,
            "TV_p": 0.0,
            "AUP_p": 0.0
        },
        {
            "D": "200802",
            "TV": 0.0,
            "AUP": 4064.0,
            "TV_p": 0.0,
            "AUP_p": 0.0
        },
        {
            "D": "200803",
            "TV": 0.0,
            "AUP": 4064.0,
            "TV_p": 0.0,
            "AUP_p": 0.0
        },
        {
            "D": "200804",
            "TV": 0.0,
            "AUP": 4064.0,
            "TV_p": 0.0,
            "AUP_p": 0.0
        },
        {
            "D": "200805",
            "TV": 0.0,
            "AUP": 4064.0,
            "TV_p": 0.0,
            "AUP_p": 0.0
        },
        {
            "D": "200806",
            "TV": 0.0,
            "AUP": 4064.0,
            "TV_p": 0.0,
            "AUP_p": 0.0
        },
        {
            "D": "200807",
            "TV": 0.0,
            "AUP": 4064.0,
            "TV_p": 0.0,
            "AUP_p": 0.0
        },
        {
            "D": "200808",
            "TV": 1.0,
            "AUP": 4406.0,
            "TV_p": 0.0,
            "AUP_p": 8.415354330708661
        },
        {
            "D": "200809",
            "TV": 0.0,
            "AUP": 4406.0,
            "TV_p": 0.0,
            "AUP_p": 0.0
        },
        {
            "D": "200810",
            "TV": 0.0,
            "AUP": 4406.0,
            "TV_p": 0.0,
            "AUP_p": 0.0
        },
        {
            "D": "200811",
            "TV": 0.0,
            "AUP": 4406.0,
            "TV_p": 0.0,
            "AUP_p": 0.0
        },
        {
            "D": "200812",
            "TV": 0.0,
            "AUP": 4406.0,
            "TV_p": 0.0,
            "AUP_p": 0.0
        },
        {
            "D": "200901",
            "TV": 0.0,
            "AUP": 4406.0,
            "TV_p": 0.0,
            "AUP_p": 0.0
        },
        {
            "D": "200902",
            "TV": 0.0,
            "AUP": 4406.0,
            "TV_p": 0.0,
            "AUP_p": 0.0
        },
        {
            "D": "200903",
            "TV": 0.0,
            "AUP": 4406.0,
            "TV_p": 0.0,
            "AUP_p": 0.0
        },
        {
            "D": "200904",
            "TV": 0.0,
            "AUP": 4406.0,
            "TV_p": 0.0,
            "AUP_p": 0.0
        },
        {
            "D": "200905",
            "TV": 0.0,
            "AUP": 4406.0,
            "TV_p": 0.0,
            "AUP_p": 0.0
        },
        {
            "D": "200906",
            "TV": 0.0,
            "AUP": 4406.0,
            "TV_p": 0.0,
            "AUP_p": 0.0
        },
        {
            "D": "200907",
            "TV": 0.0,
            "AUP": 4406.0,
            "TV_p": 0.0,
            "AUP_p": 0.0
        },
        {
            "D": "200908",
            "TV": 1.0,
            "AUP": 4027.0,
            "TV_p": 0.0,
            "AUP_p": -8.601906491148434
        },
        {
            "D": "200909",
            "TV": 0.0,
            "AUP": 4027.0,
            "TV_p": 0.0,
            "AUP_p": 0.0
        },
        {
            "D": "200910",
            "TV": 0.0,
            "AUP": 4027.0,
            "TV_p": 0.0,
            "AUP_p": 0.0
        },
        {
            "D": "200911",
            "TV": 0.0,
            "AUP": 4027.0,
            "TV_p": 0.0,
            "AUP_p": 0.0
        },
        {
            "D": "200912",
            "TV": 0.0,
            "AUP": 4027.0,
            "TV_p": 0.0,
            "AUP_p": 0.0
        },
        {
            "D": "201001",
            "TV": 0.0,
            "AUP": 4027.0,
            "TV_p": 0.0,
            "AUP_p": 0.0
        },
        {
            "D": "201002",
            "TV": 0.0,
            "AUP": 4027.0,
            "TV_p": 0.0,
            "AUP_p": 0.0
        },
        {
            "D": "201003",
            "TV": 0.0,
            "AUP": 4027.0,
            "TV_p": 0.0,
            "AUP_p": 0.0
        },
        {
            "D": "201004",
            "TV": 0.0,
            "AUP": 4027.0,
            "TV_p": 0.0,
            "AUP_p": 0.0
        },
        {
            "D": "201005",
            "TV": 1.0,
            "AUP": 3666.0,
            "TV_p": 0.0,
            "AUP_p": -8.964489694561708
        },
        {
            "D": "201006",
            "TV": 1.0,
            "AUP": 4942.0,
            "TV_p": 0.0,
            "AUP_p": 34.8063284233497
        },
        {
            "D": "201007",
            "TV": 1.0,
            "AUP": 4929.0,
            "TV_p": 0.0,
            "AUP_p": -0.2630513961958721
        },
        {
            "D": "201008",
            "TV": 0.0,
            "AUP": 4929.0,
            "TV_p": 0.0,
            "AUP_p": 0.0
        },
        {
            "D": "201009",
            "TV": 0.0,
            "AUP": 4929.0,
            "TV_p": 0.0,
            "AUP_p": 0.0
        },
        {
            "D": "201010",
            "TV": 0.0,
            "AUP": 4929.0,
            "TV_p": 0.0,
            "AUP_p": 0.0
        },
        {
            "D": "201011",
            "TV": 0.0,
            "AUP": 4929.0,
            "TV_p": 0.0,
            "AUP_p": 0.0
        },
        {
            "D": "201012",
            "TV": 0.0,
            "AUP": 4929.0,
            "TV_p": 0.0,
            "AUP_p": 0.0
        },
        {
            "D": "201101",
            "TV": 0.0,
            "AUP": 4929.0,
            "TV_p": 0.0,
            "AUP_p": 0.0
        },
        {
            "D": "201102",
            "TV": 2.0,
            "AUP": 5824.5,
            "TV_p": 0.0,
            "AUP_p": 18.167985392574558
        },
        {
            "D": "201103",
            "TV": 0.0,
            "AUP": 5824.5,
            "TV_p": 0.0,
            "AUP_p": 0.0
        },
        {
            "D": "201104",
            "TV": 0.0,
            "AUP": 5824.5,
            "TV_p": 0.0,
            "AUP_p": 0.0
        },
        {
            "D": "201105",
            "TV": 0.0,
            "AUP": 5824.5,
            "TV_p": 0.0,
            "AUP_p": 0.0
        },
        {
            "D": "201106",
            "TV": 0.0,
            "AUP": 5824.5,
            "TV_p": 0.0,
            "AUP_p": 0.0
        },
        {
            "D": "201107",
            "TV": 0.0,
            "AUP": 5824.5,
            "TV_p": 0.0,
            "AUP_p": 0.0
        },
        {
            "D": "201108",
            "TV": 0.0,
            "AUP": 5824.5,
            "TV_p": 0.0,
            "AUP_p": 0.0
        },
        {
            "D": "201109",
            "TV": 0.0,
            "AUP": 5824.5,
            "TV_p": 0.0,
            "AUP_p": 0.0
        },
        {
            "D": "201110",
            "TV": 0.0,
            "AUP": 5824.5,
            "TV_p": 0.0,
            "AUP_p": 0.0
        },
        {
            "D": "201111",
            "TV": 0.0,
            "AUP": 5824.5,
            "TV_p": 0.0,
            "AUP_p": 0.0
        },
        {
            "D": "201112",
            "TV": 0.0,
            "AUP": 5824.5,
            "TV_p": 0.0,
            "AUP_p": 0.0
        },
        {
            "D": "201201",
            "TV": 0.0,
            "AUP": 5824.5,
            "TV_p": 0.0,
            "AUP_p": 0.0
        },
        {
            "D": "201202",
            "TV": 0.0,
            "AUP": 5824.5,
            "TV_p": 0.0,
            "AUP_p": 0.0
        },
        {
            "D": "201203",
            "TV": 0.0,
            "AUP": 5824.5,
            "TV_p": 0.0,
            "AUP_p": 0.0
        },
        {
            "D": "201204",
            "TV": 0.0,
            "AUP": 5824.5,
            "TV_p": 0.0,
            "AUP_p": 0.0
        },
        {
            "D": "201205",
            "TV": 0.0,
            "AUP": 5824.5,
            "TV_p": 0.0,
            "AUP_p": 0.0
        },
        {
            "D": "201206",
            "TV": 1.0,
            "AUP": 7908.0,
            "TV_p": 0.0,
            "AUP_p": 35.77131084213237
        },
        {
            "D": "201207",
            "TV": 0.0,
            "AUP": 7908.0,
            "TV_p": 0.0,
            "AUP_p": 0.0
        },
        {
            "D": "201208",
            "TV": 0.0,
            "AUP": 7908.0,
            "TV_p": 0.0,
            "AUP_p": 0.0
        },
        {
            "D": "201209",
            "TV": 0.0,
            "AUP": 7908.0,
            "TV_p": 0.0,
            "AUP_p": 0.0
        },
        {
            "D": "201210",
            "TV": 0.0,
            "AUP": 7908.0,
            "TV_p": 0.0,
            "AUP_p": 0.0
        },
        {
            "D": "201211",
            "TV": 3.0,
            "AUP": 6874.667,
            "TV_p": 0.0,
            "AUP_p": -13.066936444107233
        },
        {
            "D": "201212",
            "TV": 0.0,
            "AUP": 6874.667,
            "TV_p": 0.0,
            "AUP_p": 0.0
        },
        {
            "D": "201301",
            "TV": 0.0,
            "AUP": 6874.667,
            "TV_p": 0.0,
            "AUP_p": 0.0
        },
        {
            "D": "201302",
            "TV": 0.0,
            "AUP": 6874.667,
            "TV_p": 0.0,
            "AUP_p": 0.0
        },
        {
            "D": "201303",
            "TV": 0.0,
            "AUP": 6874.667,
            "TV_p": 0.0,
            "AUP_p": 0.0
        },
        {
            "D": "201304",
            "TV": 0.0,
            "AUP": 6874.667,
            "TV_p": 0.0,
            "AUP_p": 0.0
        },
        {
            "D": "201305",
            "TV": 0.0,
            "AUP": 6874.667,
            "TV_p": 0.0,
            "AUP_p": 0.0
        },
        {
            "D": "201306",
            "TV": 0.0,
            "AUP": 6874.667,
            "TV_p": 0.0,
            "AUP_p": 0.0
        },
        {
            "D": "201307",
            "TV": 0.0,
            "AUP": 6874.667,
            "TV_p": 0.0,
            "AUP_p": 0.0
        },
        {
            "D": "201308",
            "TV": 0.0,
            "AUP": 6874.667,
            "TV_p": 0.0,
            "AUP_p": 0.0
        },
        {
            "D": "201309",
            "TV": 1.0,
            "AUP": 8513.0,
            "TV_p": 0.0,
            "AUP_p": 23.83145850696581
        },
        {
            "D": "201310",
            "TV": 0.0,
            "AUP": 8513.0,
            "TV_p": 0.0,
            "AUP_p": 0.0
        },
        {
            "D": "201311",
            "TV": 0.0,
            "AUP": 8513.0,
            "TV_p": 0.0,
            "AUP_p": 0.0
        },
        {
            "D": "201312",
            "TV": 0.0,
            "AUP": 8513.0,
            "TV_p": 0.0,
            "AUP_p": 0.0
        },
        {
            "D": "201401",
            "TV": 0.0,
            "AUP": 8513.0,
            "TV_p": 0.0,
            "AUP_p": 0.0
        },
        {
            "D": "201402",
            "TV": 0.0,
            "AUP": 8513.0,
            "TV_p": 0.0,
            "AUP_p": 0.0
        },
        {
            "D": "201403",
            "TV": 0.0,
            "AUP": 8513.0,
            "TV_p": 0.0,
            "AUP_p": 0.0
        },
        {
            "D": "201404",
            "TV": 1.0,
            "AUP": 8110.0,
            "TV_p": 0.0,
            "AUP_p": -4.733936332667684
        },
        {
            "D": "201405",
            "TV": 1.0,
            "AUP": 8903.0,
            "TV_p": 0.0,
            "AUP_p": 9.778051787916153
        },
        {
            "D": "201406",
            "TV": 0.0,
            "AUP": 8903.0,
            "TV_p": 0.0,
            "AUP_p": 0.0
        },
        {
            "D": "201407",
            "TV": 0.0,
            "AUP": 8903.0,
            "TV_p": 0.0,
            "AUP_p": 0.0
        },
        {
            "D": "201408",
            "TV": 0.0,
            "AUP": 8903.0,
            "TV_p": 0.0,
            "AUP_p": 0.0
        },
        {
            "D": "201409",
            "TV": 0.0,
            "AUP": 8903.0,
            "TV_p": 0.0,
            "AUP_p": 0.0
        },
        {
            "D": "201410",
            "TV": 0.0,
            "AUP": 8903.0,
            "TV_p": 0.0,
            "AUP_p": 0.0
        },
        {
            "D": "201411",
            "TV": 1.0,
            "AUP": 9206.0,
            "TV_p": 0.0,
            "AUP_p": 3.4033471863416827
        },
        {
            "D": "201412",
            "TV": 0.0,
            "AUP": 9206.0,
            "TV_p": 0.0,
            "AUP_p": 0.0
        },
        {
            "D": "201501",
            "TV": 0.0,
            "AUP": 9206.0,
            "TV_p": 0.0,
            "AUP_p": 0.0
        },
        {
            "D": "201502",
            "TV": 0.0,
            "AUP": 9206.0,
            "TV_p": 0.0,
            "AUP_p": 0.0
        },
        {
            "D": "201503",
            "TV": 0.0,
            "AUP": 9206.0,
            "TV_p": 0.0,
            "AUP_p": 0.0
        },
        {
            "D": "201504",
            "TV": 0.0,
            "AUP": 9206.0,
            "TV_p": 0.0,
            "AUP_p": 0.0
        },
        {
            "D": "201505",
            "TV": 0.0,
            "AUP": 9206.0,
            "TV_p": 0.0,
            "AUP_p": 0.0
        },
        {
            "D": "201506",
            "TV": 0.0,
            "AUP": 9206.0,
            "TV_p": 0.0,
            "AUP_p": 0.0
        },
        {
            "D": "201507",
            "TV": 0.0,
            "AUP": 9206.0,
            "TV_p": 0.0,
            "AUP_p": 0.0
        },
        {
            "D": "201508",
            "TV": 0.0,
            "AUP": 9206.0,
            "TV_p": 0.0,
            "AUP_p": 0.0
        },
        {
            "D": "201509",
            "TV": 0.0,
            "AUP": 9206.0,
            "TV_p": 0.0,
            "AUP_p": 0.0
        },
        {
            "D": "201510",
            "TV": 1.0,
            "AUP": 9389.0,
            "TV_p": 0.0,
            "AUP_p": 1.9878340212904626
        },
        {
            "D": "201511",
            "TV": 0.0,
            "AUP": 9389.0,
            "TV_p": 0.0,
            "AUP_p": 0.0
        },
        {
            "D": "201512",
            "TV": 0.0,
            "AUP": 9389.0,
            "TV_p": 0.0,
            "AUP_p": 0.0
        },
        {
            "D": "201601",
            "TV": 1.0,
            "AUP": 9883.0,
            "TV_p": 0.0,
            "AUP_p": 5.261476195547981
        },
        {
            "D": "201602",
            "TV": 0.0,
            "AUP": 9883.0,
            "TV_p": 0.0,
            "AUP_p": 0.0
        },
        {
            "D": "201603",
            "TV": 0.0,
            "AUP": 9883.0,
            "TV_p": 0.0,
            "AUP_p": 0.0
        },
        {
            "D": "201604",
            "TV": 0.0,
            "AUP": 9883.0,
            "TV_p": 0.0,
            "AUP_p": 0.0
        },
        {
            "D": "201605",
            "TV": 0.0,
            "AUP": 9883.0,
            "TV_p": 0.0,
            "AUP_p": 0.0
        },
        {
            "D": "201606",
            "TV": 0.0,
            "AUP": 9883.0,
            "TV_p": 0.0,
            "AUP_p": 0.0
        },
        {
            "D": "201607",
            "TV": 0.0,
            "AUP": 9883.0,
            "TV_p": 0.0,
            "AUP_p": 0.0
        },
        {
            "D": "201608",
            "TV": 0.0,
            "AUP": 9883.0,
            "TV_p": 0.0,
            "AUP_p": 0.0
        },
        {
            "D": "201609",
            "TV": 1.0,
            "AUP": 9883.0,
            "TV_p": 0.0,
            "AUP_p": 0.0
        },
        {
            "D": "201610",
            "TV": 0.0,
            "AUP": 9883.0,
            "TV_p": 0.0,
            "AUP_p": 0.0
        },
        {
            "D": "201611",
            "TV": 0.0,
            "AUP": 9883.0,
            "TV_p": 0.0,
            "AUP_p": 0.0
        },
        {
            "D": "201612",
            "TV": 1.0,
            "AUP": 9528.0,
            "TV_p": 0.0,
            "AUP_p": -3.592026712536679
        },
        {
            "D": "201701",
            "TV": 0.0,
            "AUP": 9528.0,
            "TV_p": 0.0,
            "AUP_p": 0.0
        },
        {
            "D": "201702",
            "TV": 0.0,
            "AUP": 9528.0,
            "TV_p": 0.0,
            "AUP_p": 0.0
        },
        {
            "D": "201703",
            "TV": 0.0,
            "AUP": 9528.0,
            "TV_p": 0.0,
            "AUP_p": 0.0
        },
        {
            "D": "201704",
            "TV": 0.0,
            "AUP": 9528.0,
            "TV_p": 0.0,
            "AUP_p": 0.0
        },
        {
            "D": "201705",
            "TV": 0.0,
            "AUP": 9528.0,
            "TV_p": 0.0,
            "AUP_p": 0.0
        },
        {
            "D": "201706",
            "TV": 0.0,
            "AUP": 9528.0,
            "TV_p": 0.0,
            "AUP_p": 0.0
        },
        {
            "D": "201707",
            "TV": 0.0,
            "AUP": 9528.0,
            "TV_p": 0.0,
            "AUP_p": 0.0
        },
        {
            "D": "201708",
            "TV": 0.0,
            "AUP": 9528.0,
            "TV_p": 0.0,
            "AUP_p": 0.0
        },
        {
            "D": "201709",
            "TV": 0.0,
            "AUP": 9528.0,
            "TV_p": 0.0,
            "AUP_p": 0.0
        },
        {
            "D": "201710",
            "TV": 0.0,
            "AUP": 9528.0,
            "TV_p": 0.0,
            "AUP_p": 0.0
        },
        {
            "D": "201711",
            "TV": 0.0,
            "AUP": 9528.0,
            "TV_p": 0.0,
            "AUP_p": 0.0
        },
        {
            "D": "201712",
            "TV": 0.0,
            "AUP": 9528.0,
            "TV_p": 0.0,
            "AUP_p": 0.0
        },
        {
            "D": "201801",
            "TV": 0.0,
            "AUP": 9528.0,
            "TV_p": 0.0,
            "AUP_p": 0.0
        },
        {
            "D": "201802",
            "TV": 1.0,
            "AUP": 8962.0,
            "TV_p": 0.0,
            "AUP_p": -5.940386230058774
        },
        {
            "D": "201803",
            "TV": 0.0,
            "AUP": 8962.0,
            "TV_p": 0.0,
            "AUP_p": 0.0
        },
        {
            "D": "201804",
            "TV": 0.0,
            "AUP": 8962.0,
            "TV_p": 0.0,
            "AUP_p": 0.0
        },
        {
            "D": "201805",
            "TV": 0.0,
            "AUP": 8962.0,
            "TV_p": 0.0,
            "AUP_p": 0.0
        },
        {
            "D": "201806",
            "TV": 0.0,
            "AUP": 8962.0,
            "TV_p": 0.0,
            "AUP_p": 0.0
        },
        {
            "D": "201807",
            "TV": 0.0,
            "AUP": 8962.0,
            "TV_p": 0.0,
            "AUP_p": 0.0
        },
        {
            "D": "201808",
            "TV": 0.0,
            "AUP": 8962.0,
            "TV_p": 0.0,
            "AUP_p": 0.0
        },
        {
            "D": "201809",
            "TV": 0.0,
            "AUP": 8962.0,
            "TV_p": 0.0,
            "AUP_p": 0.0
        },
        {
            "D": "201810",
            "TV": 0.0,
            "AUP": 8962.0,
            "TV_p": 0.0,
            "AUP_p": 0.0
        },
        {
            "D": "201811",
            "TV": 0.0,
            "AUP": 8962.0,
            "TV_p": 0.0,
            "AUP_p": 0.0
        },
        {
            "D": "201812",
            "TV": 0.0,
            "AUP": 8962.0,
            "TV_p": 0.0,
            "AUP_p": 0.0
        },
        {
            "D": "201901",
            "TV": 0.0,
            "AUP": 8962.0,
            "TV_p": 0.0,
            "AUP_p": 0.0
        },
        {
            "D": "201902",
            "TV": 0.0,
            "AUP": 8962.0,
            "TV_p": 0.0,
            "AUP_p": 0.0
        },
        {
            "D": "201903",
            "TV": 0.0,
            "AUP": 8962.0,
            "TV_p": 0.0,
            "AUP_p": 0.0
        },
        {
            "D": "201904",
            "TV": 1.0,
            "AUP": 12799.0,
            "TV_p": 0.0,
            "AUP_p": 42.81410399464406
        },
        {
            "D": "201905",
            "TV": 0.0,
            "AUP": 12799.0,
            "TV_p": 0.0,
            "AUP_p": 0.0
        },
        {
            "D": "201906",
            "TV": 0.0,
            "AUP": 12799.0,
            "TV_p": 0.0,
            "AUP_p": 0.0
        },
        {
            "D": "201907",
            "TV": 1.0,
            "AUP": 8532.0,
            "TV_p": 0.0,
            "AUP_p": -33.3385420735995
        },
        {
            "D": "201908",
            "TV": 0.0,
            "AUP": 8532.0,
            "TV_p": 0.0,
            "AUP_p": 0.0
        },
        {
            "D": "201909",
            "TV": 0.0,
            "AUP": 8532.0,
            "TV_p": 0.0,
            "AUP_p": 0.0
        },
        {
            "D": "201910",
            "TV": 0.0,
            "AUP": 8532.0,
            "TV_p": 0.0,
            "AUP_p": 0.0
        },
        {
            "D": "201911",
            "TV": 1.0,
            "AUP": 11925.0,
            "TV_p": 0.0,
            "AUP_p": 39.767932489451475
        },
        {
            "D": "201912",
            "TV": 0.0,
            "AUP": 11925.0,
            "TV_p": 0.0,
            "AUP_p": 0.0
        },
        {
            "D": "202001",
            "TV": 0.0,
            "AUP": 11925.0,
            "TV_p": 0.0,
            "AUP_p": 0.0
        },
        {
            "D": "202002",
            "TV": 0.0,
            "AUP": 11925.0,
            "TV_p": 0.0,
            "AUP_p": 0.0
        },
        {
            "D": "202003",
            "TV": 0.0,
            "AUP": 11925.0,
            "TV_p": 0.0,
            "AUP_p": 0.0
        },
        {
            "D": "202004",
            "TV": 0.0,
            "AUP": 11925.0,
            "TV_p": 0.0,
            "AUP_p": 0.0
        },
        {
            "D": "202005",
            "TV": 0.0,
            "AUP": 11925.0,
            "TV_p": 0.0,
            "AUP_p": 0.0
        },
        {
            "D": "202006",
            "TV": 0.0,
            "AUP": 11925.0,
            "TV_p": 0.0,
            "AUP_p": 0.0
        },
        {
            "D": "202007",
            "TV": 0.0,
            "AUP": 11925.0,
            "TV_p": 0.0,
            "AUP_p": 0.0
        },
        {
            "D": "202008",
            "TV": 0.0,
            "AUP": 11925.0,
            "TV_p": 0.0,
            "AUP_p": 0.0
        },
        {
            "D": "202009",
            "TV": 0.0,
            "AUP": 11925.0,
            "TV_p": 0.0,
            "AUP_p": 0.0
        },
        {
            "D": "202010",
            "TV": 0.0,
            "AUP": 11925.0,
            "TV_p": 0.0,
            "AUP_p": 0.0
        },
        {
            "D": "202011",
            "TV": 0.0,
            "AUP": 11925.0,
            "TV_p": 0.0,
            "AUP_p": 0.0
        },
        {
            "D": "202012",
            "TV": 1.0,
            "AUP": 11458.0,
            "TV_p": 0.0,
            "AUP_p": -3.9161425576519915
        },
        {
            "D": "202101",
            "TV": 0.0,
            "AUP": 11458.0,
            "TV_p": 0.0,
            "AUP_p": 0.0
        },
        {
            "D": "202102",
            "TV": 0.0,
            "AUP": 11458.0,
            "TV_p": 0.0,
            "AUP_p": 0.0
        },
        {
            "D": "202103",
            "TV": 1.0,
            "AUP": 10136.0,
            "TV_p": 0.0,
            "AUP_p": -11.53779019026008
        },
        {
            "D": "202104",
            "TV": 0.0,
            "AUP": 10136.0,
            "TV_p": 0.0,
            "AUP_p": 0.0
        },
        {
            "D": "202105",
            "TV": 0.0,
            "AUP": 10136.0,
            "TV_p": 0.0,
            "AUP_p": 0.0
        },
        {
            "D": "202106",
            "TV": 0.0,
            "AUP": 10136.0,
            "TV_p": 0.0,
            "AUP_p": 0.0
        },
        {
            "D": "202107",
            "TV": 0.0,
            "AUP": 10136.0,
            "TV_p": 0.0,
            "AUP_p": 0.0
        },
        {
            "D": "202108",
            "TV": 0.0,
            "AUP": 10136.0,
            "TV_p": 0.0,
            "AUP_p": 0.0
        },
        {
            "D": "202109",
            "TV": 0.0,
            "AUP": 10136.0,
            "TV_p": 0.0,
            "AUP_p": 0.0
        },
        {
            "D": "202110",
            "TV": 0.0,
            "AUP": 10136.0,
            "TV_p": 0.0,
            "AUP_p": 0.0
        },
        {
            "D": "202111",
            "TV": 0.0,
            "AUP": 10136.0,
            "TV_p": 0.0,
            "AUP_p": 0.0
        },
        {
            "D": "202112",
            "TV": 0.0,
            "AUP": 10136.0,
            "TV_p": 0.0,
            "AUP_p": 0.0
        },
        {
            "D": "202201",
            "TV": 1.0,
            "AUP": 11139.0,
            "TV_p": 0.0,
            "AUP_p": 9.89542225730071
        },
        {
            "D": "202202",
            "TV": 0.0,
            "AUP": 11139.0,
            "TV_p": 0.0,
            "AUP_p": 0.0
        },
        {
            "D": "202203",
            "TV": 0.0,
            "AUP": 11139.0,
            "TV_p": 0.0,
            "AUP_p": 0.0
        },
        {
            "D": "202204",
            "TV": 0.0,
            "AUP": 11139.0,
            "TV_p": 0.0,
            "AUP_p": 0.0
        },
        {
            "D": "202205",
            "TV": 0.0,
            "AUP": 11139.0,
            "TV_p": 0.0,
            "AUP_p": 0.0
        },
        {
            "D": "202206",
            "TV": 1.0,
            "AUP": 10798.0,
            "TV_p": 0.0,
            "AUP_p": -3.06131609659754
        },
        {
            "D": "202207",
            "TV": 0.0,
            "AUP": 10798.0,
            "TV_p": 0.0,
            "AUP_p": 0.0
        },
        {
            "D": "202208",
            "TV": 0.0,
            "AUP": 10798.0,
            "TV_p": 0.0,
            "AUP_p": 0.0
        },
        {
            "D": "202209",
            "TV": 0.0,
            "AUP": 10798.0,
            "TV_p": 0.0,
            "AUP_p": 0.0
        },
        {
            "D": "202210",
            "TV": 0.0,
            "AUP": 10798.0,
            "TV_p": 0.0,
            "AUP_p": 0.0
        },
        {
            "D": "202211",
            "TV": 0.0,
            "AUP": 10798.0,
            "TV_p": 0.0,
            "AUP_p": 0.0
        },
        {
            "D": "202212",
            "TV": 1.0,
            "AUP": 9953.0,
            "TV_p": 0.0,
            "AUP_p": -7.825523245045379
        },
        {
            "D": "202301",
            "TV": 0.0,
            "AUP": 9953.0,
            "TV_p": 0.0,
            "AUP_p": 0.0
        },
        {
            "D": "202302",
            "TV": 0.0,
            "AUP": 9953.0,
            "TV_p": 0.0,
            "AUP_p": 0.0
        },
        {
            "D": "202303",
            "TV": 0.0,
            "AUP": 9953.0,
            "TV_p": 0.0,
            "AUP_p": 0.0
        },
        {
            "D": "202304",
            "TV": 0.0,
            "AUP": 9953.0,
            "TV_p": 0.0,
            "AUP_p": 0.0
        },
        {
            "D": "202305",
            "TV": 0.0,
            "AUP": 9953.0,
            "TV_p": 0.0,
            "AUP_p": 0.0
        },
        {
            "D": "202306",
            "TV": 0.0,
            "AUP": 9953.0,
            "TV_p": 0.0,
            "AUP_p": 0.0
        },
        {
            "D": "202307",
            "TV": 0.0,
            "AUP": 9953.0,
            "TV_p": 0.0,
            "AUP_p": 0.0
        },
        {
            "D": "202308",
            "TV": 0.0,
            "AUP": 9953.0,
            "TV_p": 0.0,
            "AUP_p": 0.0
        },
        {
            "D": "202309",
            "TV": 1.0,
            "AUP": 11501.0,
            "TV_p": 0.0,
            "AUP_p": 15.553099567969456
        },
        {
            "D": "202310",
            "TV": 1.0,
            "AUP": 11232.0,
            "TV_p": 0.0,
            "AUP_p": -2.3389270498217547
        },
        {
            "D": "202311",
            "TV": 0.0,
            "AUP": 11232.0,
            "TV_p": 0.0,
            "AUP_p": 0.0
        },
        {
            "D": "202312",
            "TV": 0.0,
            "AUP": 11232.0,
            "TV_p": 0.0,
            "AUP_p": 0.0
        },
        {
            "D": "202401",
            "TV": 0.0,
            "AUP": 11232.0,
            "TV_p": 0.0,
            "AUP_p": 0.0
        },
        {
            "D": "202402",
            "TV": 0.0,
            "AUP": 11232.0,
            "TV_p": 0.0,
            "AUP_p": 0.0
        },
        {
            "D": "202403",
            "TV": 0.0,
            "AUP": 11232.0,
            "TV_p": 0.0,
            "AUP_p": 0.0
        },
        {
            "D": "202404",
            "TV": 0.0,
            "AUP": 11232.0,
            "TV_p": 0.0,
            "AUP_p": 0.0
        },
        {
            "D": "202405",
            "TV": 0.0,
            "AUP": 11232.0,
            "TV_p": 0.0,
            "AUP_p": 0.0
        },
        {
            "D": "202406",
            "TV": 0.0,
            "AUP": 11232.0,
            "TV_p": 0.0,
            "AUP_p": 0.0
        },
        {
            "D": "202407",
            "TV": 0.0,
            "AUP": 11232.0,
            "TV_p": 0.0,
            "AUP_p": 0.0
        }
    ],
    "MinDate": "199601",
    "MaxDate": "202407"
}