{
    "List": [
        {
            "D": "199601",
            "TV": 0.0,
            "AUP": 3938.0,
            "TV_p": 0.0,
            "AUP_p": 0.0
        },
        {
            "D": "199602",
            "TV": 0.0,
            "AUP": 3938.0,
            "TV_p": 0.0,
            "AUP_p": 0.0
        },
        {
            "D": "199603",
            "TV": 1.0,
            "AUP": 3536.0,
            "TV_p": 0.0,
            "AUP_p": -10.208227526663281
        },
        {
            "D": "199604",
            "TV": 3.0,
            "AUP": 3716.667,
            "TV_p": 200.0,
            "AUP_p": 5.109351414027151
        },
        {
            "D": "199605",
            "TV": 2.0,
            "AUP": 3774.0,
            "TV_p": -33.33333333333333,
            "AUP_p": 1.5426009150749038
        },
        {
            "D": "199606",
            "TV": 1.0,
            "AUP": 3658.0,
            "TV_p": -50.0,
            "AUP_p": -3.073661897191309
        },
        {
            "D": "199607",
            "TV": 0.0,
            "AUP": 3658.0,
            "TV_p": 0.0,
            "AUP_p": 0.0
        },
        {
            "D": "199608",
            "TV": 1.0,
            "AUP": 4061.0,
            "TV_p": 0.0,
            "AUP_p": 11.016949152542372
        },
        {
            "D": "199609",
            "TV": 1.0,
            "AUP": 4048.0,
            "TV_p": 0.0,
            "AUP_p": -0.3201181974883034
        },
        {
            "D": "199610",
            "TV": 1.0,
            "AUP": 3684.0,
            "TV_p": 0.0,
            "AUP_p": -8.992094861660078
        },
        {
            "D": "199611",
            "TV": 0.0,
            "AUP": 3684.0,
            "TV_p": 0.0,
            "AUP_p": 0.0
        },
        {
            "D": "199612",
            "TV": 0.0,
            "AUP": 3684.0,
            "TV_p": 0.0,
            "AUP_p": 0.0
        },
        {
            "D": "199701",
            "TV": 0.0,
            "AUP": 3684.0,
            "TV_p": 0.0,
            "AUP_p": 0.0
        },
        {
            "D": "199702",
            "TV": 1.0,
            "AUP": 4499.0,
            "TV_p": 0.0,
            "AUP_p": 22.122692725298588
        },
        {
            "D": "199703",
            "TV": 0.0,
            "AUP": 4499.0,
            "TV_p": 0.0,
            "AUP_p": 0.0
        },
        {
            "D": "199704",
            "TV": 0.0,
            "AUP": 4499.0,
            "TV_p": 0.0,
            "AUP_p": 0.0
        },
        {
            "D": "199705",
            "TV": 0.0,
            "AUP": 4499.0,
            "TV_p": 0.0,
            "AUP_p": 0.0
        },
        {
            "D": "199706",
            "TV": 2.0,
            "AUP": 4780.0,
            "TV_p": 0.0,
            "AUP_p": 6.2458324072016005
        },
        {
            "D": "199707",
            "TV": 0.0,
            "AUP": 4780.0,
            "TV_p": 0.0,
            "AUP_p": 0.0
        },
        {
            "D": "199708",
            "TV": 1.0,
            "AUP": 5172.0,
            "TV_p": 0.0,
            "AUP_p": 8.200836820083682
        },
        {
            "D": "199709",
            "TV": 0.0,
            "AUP": 5172.0,
            "TV_p": 0.0,
            "AUP_p": 0.0
        },
        {
            "D": "199710",
            "TV": 0.0,
            "AUP": 5172.0,
            "TV_p": 0.0,
            "AUP_p": 0.0
        },
        {
            "D": "199711",
            "TV": 4.0,
            "AUP": 4883.25,
            "TV_p": 0.0,
            "AUP_p": -5.582946635730859
        },
        {
            "D": "199712",
            "TV": 1.0,
            "AUP": 5905.0,
            "TV_p": -75.0,
            "AUP_p": 20.92356524855373
        },
        {
            "D": "199801",
            "TV": 1.0,
            "AUP": 3964.0,
            "TV_p": 0.0,
            "AUP_p": -32.87044877222693
        },
        {
            "D": "199802",
            "TV": 1.0,
            "AUP": 5096.0,
            "TV_p": 0.0,
            "AUP_p": 28.557013118062564
        },
        {
            "D": "199803",
            "TV": 0.0,
            "AUP": 5096.0,
            "TV_p": 0.0,
            "AUP_p": 0.0
        },
        {
            "D": "199804",
            "TV": 1.0,
            "AUP": 2134.0,
            "TV_p": 0.0,
            "AUP_p": -58.12401883830455
        },
        {
            "D": "199805",
            "TV": 0.0,
            "AUP": 2134.0,
            "TV_p": 0.0,
            "AUP_p": 0.0
        },
        {
            "D": "199806",
            "TV": 1.0,
            "AUP": 4560.0,
            "TV_p": 0.0,
            "AUP_p": 113.68322399250235
        },
        {
            "D": "199807",
            "TV": 0.0,
            "AUP": 4560.0,
            "TV_p": 0.0,
            "AUP_p": 0.0
        },
        {
            "D": "199808",
            "TV": 0.0,
            "AUP": 4560.0,
            "TV_p": 0.0,
            "AUP_p": 0.0
        },
        {
            "D": "199809",
            "TV": 2.0,
            "AUP": 2938.0,
            "TV_p": 0.0,
            "AUP_p": -35.57017543859649
        },
        {
            "D": "199810",
            "TV": 0.0,
            "AUP": 2938.0,
            "TV_p": 0.0,
            "AUP_p": 0.0
        },
        {
            "D": "199811",
            "TV": 2.0,
            "AUP": 2618.5,
            "TV_p": 0.0,
            "AUP_p": -10.874744724302246
        },
        {
            "D": "199812",
            "TV": 0.0,
            "AUP": 2618.5,
            "TV_p": 0.0,
            "AUP_p": 0.0
        },
        {
            "D": "199901",
            "TV": 1.0,
            "AUP": 3584.0,
            "TV_p": 0.0,
            "AUP_p": 36.87225510788619
        },
        {
            "D": "199902",
            "TV": 1.0,
            "AUP": 3029.0,
            "TV_p": 0.0,
            "AUP_p": -15.485491071428573
        },
        {
            "D": "199903",
            "TV": 0.0,
            "AUP": 3029.0,
            "TV_p": 0.0,
            "AUP_p": 0.0
        },
        {
            "D": "199904",
            "TV": 1.0,
            "AUP": 3243.0,
            "TV_p": 0.0,
            "AUP_p": 7.06503796632552
        },
        {
            "D": "199905",
            "TV": 0.0,
            "AUP": 3243.0,
            "TV_p": 0.0,
            "AUP_p": 0.0
        },
        {
            "D": "199906",
            "TV": 2.0,
            "AUP": 2755.5,
            "TV_p": 0.0,
            "AUP_p": -15.032377428307123
        },
        {
            "D": "199907",
            "TV": 0.0,
            "AUP": 2755.5,
            "TV_p": 0.0,
            "AUP_p": 0.0
        },
        {
            "D": "199908",
            "TV": 2.0,
            "AUP": 2734.5,
            "TV_p": 0.0,
            "AUP_p": -0.7621121393576483
        },
        {
            "D": "199909",
            "TV": 0.0,
            "AUP": 2734.5,
            "TV_p": 0.0,
            "AUP_p": 0.0
        },
        {
            "D": "199910",
            "TV": 1.0,
            "AUP": 3292.0,
            "TV_p": 0.0,
            "AUP_p": 20.387639422197843
        },
        {
            "D": "199911",
            "TV": 1.0,
            "AUP": 3048.0,
            "TV_p": 0.0,
            "AUP_p": -7.411907654921021
        },
        {
            "D": "199912",
            "TV": 0.0,
            "AUP": 3048.0,
            "TV_p": 0.0,
            "AUP_p": 0.0
        },
        {
            "D": "200001",
            "TV": 0.0,
            "AUP": 3048.0,
            "TV_p": 0.0,
            "AUP_p": 0.0
        },
        {
            "D": "200002",
            "TV": 0.0,
            "AUP": 3048.0,
            "TV_p": 0.0,
            "AUP_p": 0.0
        },
        {
            "D": "200003",
            "TV": 0.0,
            "AUP": 3048.0,
            "TV_p": 0.0,
            "AUP_p": 0.0
        },
        {
            "D": "200004",
            "TV": 1.0,
            "AUP": 2316.0,
            "TV_p": 0.0,
            "AUP_p": -24.015748031496063
        },
        {
            "D": "200005",
            "TV": 1.0,
            "AUP": 3048.0,
            "TV_p": 0.0,
            "AUP_p": 31.606217616580313
        },
        {
            "D": "200006",
            "TV": 0.0,
            "AUP": 3048.0,
            "TV_p": 0.0,
            "AUP_p": 0.0
        },
        {
            "D": "200007",
            "TV": 1.0,
            "AUP": 2821.0,
            "TV_p": 0.0,
            "AUP_p": -7.4475065616797895
        },
        {
            "D": "200008",
            "TV": 1.0,
            "AUP": 2525.0,
            "TV_p": 0.0,
            "AUP_p": -10.492733073378236
        },
        {
            "D": "200009",
            "TV": 0.0,
            "AUP": 2525.0,
            "TV_p": 0.0,
            "AUP_p": 0.0
        },
        {
            "D": "200010",
            "TV": 0.0,
            "AUP": 2525.0,
            "TV_p": 0.0,
            "AUP_p": 0.0
        },
        {
            "D": "200011",
            "TV": 1.0,
            "AUP": 2853.0,
            "TV_p": 0.0,
            "AUP_p": 12.990099009900991
        },
        {
            "D": "200012",
            "TV": 0.0,
            "AUP": 2853.0,
            "TV_p": 0.0,
            "AUP_p": 0.0
        },
        {
            "D": "200101",
            "TV": 0.0,
            "AUP": 2853.0,
            "TV_p": 0.0,
            "AUP_p": 0.0
        },
        {
            "D": "200102",
            "TV": 0.0,
            "AUP": 2853.0,
            "TV_p": 0.0,
            "AUP_p": 0.0
        },
        {
            "D": "200103",
            "TV": 1.0,
            "AUP": 2386.0,
            "TV_p": 0.0,
            "AUP_p": -16.368734665264633
        },
        {
            "D": "200104",
            "TV": 1.0,
            "AUP": 1094.0,
            "TV_p": 0.0,
            "AUP_p": -54.14920368818106
        },
        {
            "D": "200105",
            "TV": 0.0,
            "AUP": 1094.0,
            "TV_p": 0.0,
            "AUP_p": 0.0
        },
        {
            "D": "200106",
            "TV": 0.0,
            "AUP": 1094.0,
            "TV_p": 0.0,
            "AUP_p": 0.0
        },
        {
            "D": "200107",
            "TV": 0.0,
            "AUP": 1094.0,
            "TV_p": 0.0,
            "AUP_p": 0.0
        },
        {
            "D": "200108",
            "TV": 2.0,
            "AUP": 2425.0,
            "TV_p": 0.0,
            "AUP_p": 121.66361974405851
        },
        {
            "D": "200109",
            "TV": 0.0,
            "AUP": 2425.0,
            "TV_p": 0.0,
            "AUP_p": 0.0
        },
        {
            "D": "200110",
            "TV": 1.0,
            "AUP": 2487.0,
            "TV_p": 0.0,
            "AUP_p": 2.556701030927835
        },
        {
            "D": "200111",
            "TV": 1.0,
            "AUP": 2474.0,
            "TV_p": 0.0,
            "AUP_p": -0.5227181342983513
        },
        {
            "D": "200112",
            "TV": 1.0,
            "AUP": 2442.0,
            "TV_p": 0.0,
            "AUP_p": -1.2934518997574778
        },
        {
            "D": "200201",
            "TV": 0.0,
            "AUP": 2442.0,
            "TV_p": 0.0,
            "AUP_p": 0.0
        },
        {
            "D": "200202",
            "TV": 0.0,
            "AUP": 2442.0,
            "TV_p": 0.0,
            "AUP_p": 0.0
        },
        {
            "D": "200203",
            "TV": 1.0,
            "AUP": 2384.0,
            "TV_p": 0.0,
            "AUP_p": -2.375102375102375
        },
        {
            "D": "200204",
            "TV": 0.0,
            "AUP": 2384.0,
            "TV_p": 0.0,
            "AUP_p": 0.0
        },
        {
            "D": "200205",
            "TV": 0.0,
            "AUP": 2384.0,
            "TV_p": 0.0,
            "AUP_p": 0.0
        },
        {
            "D": "200206",
            "TV": 0.0,
            "AUP": 2384.0,
            "TV_p": 0.0,
            "AUP_p": 0.0
        },
        {
            "D": "200207",
            "TV": 0.0,
            "AUP": 2384.0,
            "TV_p": 0.0,
            "AUP_p": 0.0
        },
        {
            "D": "200208",
            "TV": 0.0,
            "AUP": 2384.0,
            "TV_p": 0.0,
            "AUP_p": 0.0
        },
        {
            "D": "200209",
            "TV": 0.0,
            "AUP": 2384.0,
            "TV_p": 0.0,
            "AUP_p": 0.0
        },
        {
            "D": "200210",
            "TV": 0.0,
            "AUP": 2384.0,
            "TV_p": 0.0,
            "AUP_p": 0.0
        },
        {
            "D": "200211",
            "TV": 0.0,
            "AUP": 2384.0,
            "TV_p": 0.0,
            "AUP_p": 0.0
        },
        {
            "D": "200212",
            "TV": 0.0,
            "AUP": 2384.0,
            "TV_p": 0.0,
            "AUP_p": 0.0
        },
        {
            "D": "200301",
            "TV": 0.0,
            "AUP": 2384.0,
            "TV_p": 0.0,
            "AUP_p": 0.0
        },
        {
            "D": "200302",
            "TV": 0.0,
            "AUP": 2384.0,
            "TV_p": 0.0,
            "AUP_p": 0.0
        },
        {
            "D": "200303",
            "TV": 0.0,
            "AUP": 2384.0,
            "TV_p": 0.0,
            "AUP_p": 0.0
        },
        {
            "D": "200304",
            "TV": 2.0,
            "AUP": 2268.0,
            "TV_p": 0.0,
            "AUP_p": -4.865771812080537
        },
        {
            "D": "200305",
            "TV": 0.0,
            "AUP": 2268.0,
            "TV_p": 0.0,
            "AUP_p": 0.0
        },
        {
            "D": "200306",
            "TV": 0.0,
            "AUP": 2268.0,
            "TV_p": 0.0,
            "AUP_p": 0.0
        },
        {
            "D": "200307",
            "TV": 0.0,
            "AUP": 2268.0,
            "TV_p": 0.0,
            "AUP_p": 0.0
        },
        {
            "D": "200308",
            "TV": 0.0,
            "AUP": 2268.0,
            "TV_p": 0.0,
            "AUP_p": 0.0
        },
        {
            "D": "200309",
            "TV": 0.0,
            "AUP": 2268.0,
            "TV_p": 0.0,
            "AUP_p": 0.0
        },
        {
            "D": "200310",
            "TV": 0.0,
            "AUP": 2268.0,
            "TV_p": 0.0,
            "AUP_p": 0.0
        },
        {
            "D": "200311",
            "TV": 0.0,
            "AUP": 2268.0,
            "TV_p": 0.0,
            "AUP_p": 0.0
        },
        {
            "D": "200312",
            "TV": 2.0,
            "AUP": 2083.0,
            "TV_p": 0.0,
            "AUP_p": -8.156966490299823
        },
        {
            "D": "200401",
            "TV": 3.0,
            "AUP": 1960.667,
            "TV_p": 50.0,
            "AUP_p": -5.872939702352372
        },
        {
            "D": "200402",
            "TV": 0.0,
            "AUP": 1960.667,
            "TV_p": 0.0,
            "AUP_p": 0.0
        },
        {
            "D": "200403",
            "TV": 0.0,
            "AUP": 1960.667,
            "TV_p": 0.0,
            "AUP_p": 0.0
        },
        {
            "D": "200404",
            "TV": 1.0,
            "AUP": 2146.0,
            "TV_p": 0.0,
            "AUP_p": 9.452567191245343
        },
        {
            "D": "200405",
            "TV": 1.0,
            "AUP": 2097.0,
            "TV_p": 0.0,
            "AUP_p": -2.2833178005591797
        },
        {
            "D": "200406",
            "TV": 0.0,
            "AUP": 2097.0,
            "TV_p": 0.0,
            "AUP_p": 0.0
        },
        {
            "D": "200407",
            "TV": 0.0,
            "AUP": 2097.0,
            "TV_p": 0.0,
            "AUP_p": 0.0
        },
        {
            "D": "200408",
            "TV": 0.0,
            "AUP": 2097.0,
            "TV_p": 0.0,
            "AUP_p": 0.0
        },
        {
            "D": "200409",
            "TV": 0.0,
            "AUP": 2097.0,
            "TV_p": 0.0,
            "AUP_p": 0.0
        },
        {
            "D": "200410",
            "TV": 1.0,
            "AUP": 1858.0,
            "TV_p": 0.0,
            "AUP_p": -11.39723414401526
        },
        {
            "D": "200411",
            "TV": 0.0,
            "AUP": 1858.0,
            "TV_p": 0.0,
            "AUP_p": 0.0
        },
        {
            "D": "200412",
            "TV": 0.0,
            "AUP": 1858.0,
            "TV_p": 0.0,
            "AUP_p": 0.0
        },
        {
            "D": "200501",
            "TV": 1.0,
            "AUP": 2111.0,
            "TV_p": 0.0,
            "AUP_p": 13.616792249730894
        },
        {
            "D": "200502",
            "TV": 0.0,
            "AUP": 2111.0,
            "TV_p": 0.0,
            "AUP_p": 0.0
        },
        {
            "D": "200503",
            "TV": 1.0,
            "AUP": 2189.0,
            "TV_p": 0.0,
            "AUP_p": 3.694931312174325
        },
        {
            "D": "200504",
            "TV": 0.0,
            "AUP": 2189.0,
            "TV_p": 0.0,
            "AUP_p": 0.0
        },
        {
            "D": "200505",
            "TV": 0.0,
            "AUP": 2189.0,
            "TV_p": 0.0,
            "AUP_p": 0.0
        },
        {
            "D": "200506",
            "TV": 2.0,
            "AUP": 2426.5,
            "TV_p": 0.0,
            "AUP_p": 10.849703060758337
        },
        {
            "D": "200507",
            "TV": 0.0,
            "AUP": 2426.5,
            "TV_p": 0.0,
            "AUP_p": 0.0
        },
        {
            "D": "200508",
            "TV": 1.0,
            "AUP": 2560.0,
            "TV_p": 0.0,
            "AUP_p": 5.501751493921286
        },
        {
            "D": "200509",
            "TV": 1.0,
            "AUP": 2019.0,
            "TV_p": 0.0,
            "AUP_p": -21.1328125
        },
        {
            "D": "200510",
            "TV": 0.0,
            "AUP": 2019.0,
            "TV_p": 0.0,
            "AUP_p": 0.0
        },
        {
            "D": "200511",
            "TV": 0.0,
            "AUP": 2019.0,
            "TV_p": 0.0,
            "AUP_p": 0.0
        },
        {
            "D": "200512",
            "TV": 1.0,
            "AUP": 2231.0,
            "TV_p": 0.0,
            "AUP_p": 10.500247647350173
        },
        {
            "D": "200601",
            "TV": 0.0,
            "AUP": 2231.0,
            "TV_p": 0.0,
            "AUP_p": 0.0
        },
        {
            "D": "200602",
            "TV": 0.0,
            "AUP": 2231.0,
            "TV_p": 0.0,
            "AUP_p": 0.0
        },
        {
            "D": "200603",
            "TV": 0.0,
            "AUP": 2231.0,
            "TV_p": 0.0,
            "AUP_p": 0.0
        },
        {
            "D": "200604",
            "TV": 0.0,
            "AUP": 2231.0,
            "TV_p": 0.0,
            "AUP_p": 0.0
        },
        {
            "D": "200605",
            "TV": 0.0,
            "AUP": 2231.0,
            "TV_p": 0.0,
            "AUP_p": 0.0
        },
        {
            "D": "200606",
            "TV": 0.0,
            "AUP": 2231.0,
            "TV_p": 0.0,
            "AUP_p": 0.0
        },
        {
            "D": "200607",
            "TV": 0.0,
            "AUP": 2231.0,
            "TV_p": 0.0,
            "AUP_p": 0.0
        },
        {
            "D": "200608",
            "TV": 0.0,
            "AUP": 2231.0,
            "TV_p": 0.0,
            "AUP_p": 0.0
        },
        {
            "D": "200609",
            "TV": 0.0,
            "AUP": 2231.0,
            "TV_p": 0.0,
            "AUP_p": 0.0
        },
        {
            "D": "200610",
            "TV": 1.0,
            "AUP": 2666.0,
            "TV_p": 0.0,
            "AUP_p": 19.49798296727925
        },
        {
            "D": "200611",
            "TV": 0.0,
            "AUP": 2666.0,
            "TV_p": 0.0,
            "AUP_p": 0.0
        },
        {
            "D": "200612",
            "TV": 0.0,
            "AUP": 2666.0,
            "TV_p": 0.0,
            "AUP_p": 0.0
        },
        {
            "D": "200701",
            "TV": 0.0,
            "AUP": 2666.0,
            "TV_p": 0.0,
            "AUP_p": 0.0
        },
        {
            "D": "200702",
            "TV": 0.0,
            "AUP": 2666.0,
            "TV_p": 0.0,
            "AUP_p": 0.0
        },
        {
            "D": "200703",
            "TV": 0.0,
            "AUP": 2666.0,
            "TV_p": 0.0,
            "AUP_p": 0.0
        },
        {
            "D": "200704",
            "TV": 0.0,
            "AUP": 2666.0,
            "TV_p": 0.0,
            "AUP_p": 0.0
        },
        {
            "D": "200705",
            "TV": 0.0,
            "AUP": 2666.0,
            "TV_p": 0.0,
            "AUP_p": 0.0
        },
        {
            "D": "200706",
            "TV": 0.0,
            "AUP": 2666.0,
            "TV_p": 0.0,
            "AUP_p": 0.0
        },
        {
            "D": "200707",
            "TV": 0.0,
            "AUP": 2666.0,
            "TV_p": 0.0,
            "AUP_p": 0.0
        },
        {
            "D": "200708",
            "TV": 0.0,
            "AUP": 2666.0,
            "TV_p": 0.0,
            "AUP_p": 0.0
        },
        {
            "D": "200709",
            "TV": 1.0,
            "AUP": 2469.0,
            "TV_p": 0.0,
            "AUP_p": -7.389347336834208
        },
        {
            "D": "200710",
            "TV": 0.0,
            "AUP": 2469.0,
            "TV_p": 0.0,
            "AUP_p": 0.0
        },
        {
            "D": "200711",
            "TV": 1.0,
            "AUP": 3318.0,
            "TV_p": 0.0,
            "AUP_p": 34.38639125151883
        },
        {
            "D": "200712",
            "TV": 1.0,
            "AUP": 2877.0,
            "TV_p": 0.0,
            "AUP_p": -13.291139240506327
        },
        {
            "D": "200801",
            "TV": 1.0,
            "AUP": 3316.0,
            "TV_p": 0.0,
            "AUP_p": 15.258950295446647
        },
        {
            "D": "200802",
            "TV": 0.0,
            "AUP": 3316.0,
            "TV_p": 0.0,
            "AUP_p": 0.0
        },
        {
            "D": "200803",
            "TV": 0.0,
            "AUP": 3316.0,
            "TV_p": 0.0,
            "AUP_p": 0.0
        },
        {
            "D": "200804",
            "TV": 0.0,
            "AUP": 3316.0,
            "TV_p": 0.0,
            "AUP_p": 0.0
        },
        {
            "D": "200805",
            "TV": 0.0,
            "AUP": 3316.0,
            "TV_p": 0.0,
            "AUP_p": 0.0
        },
        {
            "D": "200806",
            "TV": 0.0,
            "AUP": 3316.0,
            "TV_p": 0.0,
            "AUP_p": 0.0
        },
        {
            "D": "200807",
            "TV": 1.0,
            "AUP": 3211.0,
            "TV_p": 0.0,
            "AUP_p": -3.166465621230398
        },
        {
            "D": "200808",
            "TV": 1.0,
            "AUP": 3389.0,
            "TV_p": 0.0,
            "AUP_p": 5.543444409841171
        },
        {
            "D": "200809",
            "TV": 1.0,
            "AUP": 3389.0,
            "TV_p": 0.0,
            "AUP_p": 0.0
        },
        {
            "D": "200810",
            "TV": 0.0,
            "AUP": 3389.0,
            "TV_p": 0.0,
            "AUP_p": 0.0
        },
        {
            "D": "200811",
            "TV": 0.0,
            "AUP": 3389.0,
            "TV_p": 0.0,
            "AUP_p": 0.0
        },
        {
            "D": "200812",
            "TV": 0.0,
            "AUP": 3389.0,
            "TV_p": 0.0,
            "AUP_p": 0.0
        },
        {
            "D": "200901",
            "TV": 0.0,
            "AUP": 3389.0,
            "TV_p": 0.0,
            "AUP_p": 0.0
        },
        {
            "D": "200902",
            "TV": 0.0,
            "AUP": 3389.0,
            "TV_p": 0.0,
            "AUP_p": 0.0
        },
        {
            "D": "200903",
            "TV": 1.0,
            "AUP": 3536.0,
            "TV_p": 0.0,
            "AUP_p": 4.3375627028622015
        },
        {
            "D": "200904",
            "TV": 0.0,
            "AUP": 3536.0,
            "TV_p": 0.0,
            "AUP_p": 0.0
        },
        {
            "D": "200905",
            "TV": 1.0,
            "AUP": 3414.0,
            "TV_p": 0.0,
            "AUP_p": -3.4502262443438916
        },
        {
            "D": "200906",
            "TV": 1.0,
            "AUP": 3316.0,
            "TV_p": 0.0,
            "AUP_p": -2.870533099004101
        },
        {
            "D": "200907",
            "TV": 0.0,
            "AUP": 3316.0,
            "TV_p": 0.0,
            "AUP_p": 0.0
        },
        {
            "D": "200908",
            "TV": 2.0,
            "AUP": 2682.0,
            "TV_p": 0.0,
            "AUP_p": -19.119420989143546
        },
        {
            "D": "200909",
            "TV": 0.0,
            "AUP": 2682.0,
            "TV_p": 0.0,
            "AUP_p": 0.0
        },
        {
            "D": "200910",
            "TV": 0.0,
            "AUP": 2682.0,
            "TV_p": 0.0,
            "AUP_p": 0.0
        },
        {
            "D": "200911",
            "TV": 0.0,
            "AUP": 2682.0,
            "TV_p": 0.0,
            "AUP_p": 0.0
        },
        {
            "D": "200912",
            "TV": 1.0,
            "AUP": 3048.0,
            "TV_p": 0.0,
            "AUP_p": 13.646532438478747
        },
        {
            "D": "201001",
            "TV": 0.0,
            "AUP": 3048.0,
            "TV_p": 0.0,
            "AUP_p": 0.0
        },
        {
            "D": "201002",
            "TV": 0.0,
            "AUP": 3048.0,
            "TV_p": 0.0,
            "AUP_p": 0.0
        },
        {
            "D": "201003",
            "TV": 1.0,
            "AUP": 3446.0,
            "TV_p": 0.0,
            "AUP_p": 13.057742782152232
        },
        {
            "D": "201004",
            "TV": 0.0,
            "AUP": 3446.0,
            "TV_p": 0.0,
            "AUP_p": 0.0
        },
        {
            "D": "201005",
            "TV": 1.0,
            "AUP": 3976.0,
            "TV_p": 0.0,
            "AUP_p": 15.380150899593731
        },
        {
            "D": "201006",
            "TV": 0.0,
            "AUP": 3976.0,
            "TV_p": 0.0,
            "AUP_p": 0.0
        },
        {
            "D": "201007",
            "TV": 1.0,
            "AUP": 4165.0,
            "TV_p": 0.0,
            "AUP_p": 4.753521126760563
        },
        {
            "D": "201008",
            "TV": 0.0,
            "AUP": 4165.0,
            "TV_p": 0.0,
            "AUP_p": 0.0
        },
        {
            "D": "201009",
            "TV": 2.0,
            "AUP": 4645.0,
            "TV_p": 0.0,
            "AUP_p": 11.524609843937576
        },
        {
            "D": "201010",
            "TV": 0.0,
            "AUP": 4645.0,
            "TV_p": 0.0,
            "AUP_p": 0.0
        },
        {
            "D": "201011",
            "TV": 0.0,
            "AUP": 4645.0,
            "TV_p": 0.0,
            "AUP_p": 0.0
        },
        {
            "D": "201012",
            "TV": 0.0,
            "AUP": 4645.0,
            "TV_p": 0.0,
            "AUP_p": 0.0
        },
        {
            "D": "201101",
            "TV": 0.0,
            "AUP": 4645.0,
            "TV_p": 0.0,
            "AUP_p": 0.0
        },
        {
            "D": "201102",
            "TV": 0.0,
            "AUP": 4645.0,
            "TV_p": 0.0,
            "AUP_p": 0.0
        },
        {
            "D": "201103",
            "TV": 0.0,
            "AUP": 4645.0,
            "TV_p": 0.0,
            "AUP_p": 0.0
        },
        {
            "D": "201104",
            "TV": 1.0,
            "AUP": 4633.0,
            "TV_p": 0.0,
            "AUP_p": -0.25834230355220666
        },
        {
            "D": "201105",
            "TV": 0.0,
            "AUP": 4633.0,
            "TV_p": 0.0,
            "AUP_p": 0.0
        },
        {
            "D": "201106",
            "TV": 0.0,
            "AUP": 4633.0,
            "TV_p": 0.0,
            "AUP_p": 0.0
        },
        {
            "D": "201107",
            "TV": 1.0,
            "AUP": 4595.0,
            "TV_p": 0.0,
            "AUP_p": -0.8202028922944096
        },
        {
            "D": "201108",
            "TV": 0.0,
            "AUP": 4595.0,
            "TV_p": 0.0,
            "AUP_p": 0.0
        },
        {
            "D": "201109",
            "TV": 0.0,
            "AUP": 4595.0,
            "TV_p": 0.0,
            "AUP_p": 0.0
        },
        {
            "D": "201110",
            "TV": 1.0,
            "AUP": 4877.0,
            "TV_p": 0.0,
            "AUP_p": 6.137105549510338
        },
        {
            "D": "201111",
            "TV": 0.0,
            "AUP": 4877.0,
            "TV_p": 0.0,
            "AUP_p": 0.0
        },
        {
            "D": "201112",
            "TV": 0.0,
            "AUP": 4877.0,
            "TV_p": 0.0,
            "AUP_p": 0.0
        },
        {
            "D": "201201",
            "TV": 0.0,
            "AUP": 4877.0,
            "TV_p": 0.0,
            "AUP_p": 0.0
        },
        {
            "D": "201202",
            "TV": 0.0,
            "AUP": 4877.0,
            "TV_p": 0.0,
            "AUP_p": 0.0
        },
        {
            "D": "201203",
            "TV": 1.0,
            "AUP": 4864.0,
            "TV_p": 0.0,
            "AUP_p": -0.26655730982161163
        },
        {
            "D": "201204",
            "TV": 0.0,
            "AUP": 4864.0,
            "TV_p": 0.0,
            "AUP_p": 0.0
        },
        {
            "D": "201205",
            "TV": 0.0,
            "AUP": 4864.0,
            "TV_p": 0.0,
            "AUP_p": 0.0
        },
        {
            "D": "201206",
            "TV": 0.0,
            "AUP": 4864.0,
            "TV_p": 0.0,
            "AUP_p": 0.0
        },
        {
            "D": "201207",
            "TV": 1.0,
            "AUP": 5450.0,
            "TV_p": 0.0,
            "AUP_p": 12.047697368421053
        },
        {
            "D": "201208",
            "TV": 1.0,
            "AUP": 5840.0,
            "TV_p": 0.0,
            "AUP_p": 7.155963302752294
        },
        {
            "D": "201209",
            "TV": 1.0,
            "AUP": 5959.0,
            "TV_p": 0.0,
            "AUP_p": 2.037671232876712
        },
        {
            "D": "201210",
            "TV": 0.0,
            "AUP": 5959.0,
            "TV_p": 0.0,
            "AUP_p": 0.0
        },
        {
            "D": "201211",
            "TV": 0.0,
            "AUP": 5959.0,
            "TV_p": 0.0,
            "AUP_p": 0.0
        },
        {
            "D": "201212",
            "TV": 1.0,
            "AUP": 7053.0,
            "TV_p": 0.0,
            "AUP_p": 18.35878503104548
        },
        {
            "D": "201301",
            "TV": 1.0,
            "AUP": 6584.0,
            "TV_p": 0.0,
            "AUP_p": -6.6496526300864875
        },
        {
            "D": "201302",
            "TV": 0.0,
            "AUP": 6584.0,
            "TV_p": 0.0,
            "AUP_p": 0.0
        },
        {
            "D": "201303",
            "TV": 0.0,
            "AUP": 6584.0,
            "TV_p": 0.0,
            "AUP_p": 0.0
        },
        {
            "D": "201304",
            "TV": 0.0,
            "AUP": 6584.0,
            "TV_p": 0.0,
            "AUP_p": 0.0
        },
        {
            "D": "201305",
            "TV": 0.0,
            "AUP": 6584.0,
            "TV_p": 0.0,
            "AUP_p": 0.0
        },
        {
            "D": "201306",
            "TV": 0.0,
            "AUP": 6584.0,
            "TV_p": 0.0,
            "AUP_p": 0.0
        },
        {
            "D": "201307",
            "TV": 1.0,
            "AUP": 7004.0,
            "TV_p": 0.0,
            "AUP_p": 6.37910085054678
        },
        {
            "D": "201308",
            "TV": 0.0,
            "AUP": 7004.0,
            "TV_p": 0.0,
            "AUP_p": 0.0
        },
        {
            "D": "201309",
            "TV": 0.0,
            "AUP": 7004.0,
            "TV_p": 0.0,
            "AUP_p": 0.0
        },
        {
            "D": "201310",
            "TV": 0.0,
            "AUP": 7004.0,
            "TV_p": 0.0,
            "AUP_p": 0.0
        },
        {
            "D": "201311",
            "TV": 1.0,
            "AUP": 7559.0,
            "TV_p": 0.0,
            "AUP_p": 7.924043403769275
        },
        {
            "D": "201312",
            "TV": 0.0,
            "AUP": 7559.0,
            "TV_p": 0.0,
            "AUP_p": 0.0
        },
        {
            "D": "201401",
            "TV": 0.0,
            "AUP": 7559.0,
            "TV_p": 0.0,
            "AUP_p": 0.0
        },
        {
            "D": "201402",
            "TV": 0.0,
            "AUP": 7559.0,
            "TV_p": 0.0,
            "AUP_p": 0.0
        },
        {
            "D": "201403",
            "TV": 0.0,
            "AUP": 7559.0,
            "TV_p": 0.0,
            "AUP_p": 0.0
        },
        {
            "D": "201404",
            "TV": 1.0,
            "AUP": 7559.0,
            "TV_p": 0.0,
            "AUP_p": 0.0
        },
        {
            "D": "201405",
            "TV": 0.0,
            "AUP": 7559.0,
            "TV_p": 0.0,
            "AUP_p": 0.0
        },
        {
            "D": "201406",
            "TV": 0.0,
            "AUP": 7559.0,
            "TV_p": 0.0,
            "AUP_p": 0.0
        },
        {
            "D": "201407",
            "TV": 1.0,
            "AUP": 7734.0,
            "TV_p": 0.0,
            "AUP_p": 2.31512104775764
        },
        {
            "D": "201408",
            "TV": 0.0,
            "AUP": 7734.0,
            "TV_p": 0.0,
            "AUP_p": 0.0
        },
        {
            "D": "201409",
            "TV": 0.0,
            "AUP": 7734.0,
            "TV_p": 0.0,
            "AUP_p": 0.0
        },
        {
            "D": "201410",
            "TV": 1.0,
            "AUP": 8998.0,
            "TV_p": 0.0,
            "AUP_p": 16.34341867080424
        },
        {
            "D": "201411",
            "TV": 1.0,
            "AUP": 7071.0,
            "TV_p": 0.0,
            "AUP_p": -21.415870193376303
        },
        {
            "D": "201412",
            "TV": 0.0,
            "AUP": 7071.0,
            "TV_p": 0.0,
            "AUP_p": 0.0
        },
        {
            "D": "201501",
            "TV": 0.0,
            "AUP": 7071.0,
            "TV_p": 0.0,
            "AUP_p": 0.0
        },
        {
            "D": "201502",
            "TV": 0.0,
            "AUP": 7071.0,
            "TV_p": 0.0,
            "AUP_p": 0.0
        },
        {
            "D": "201503",
            "TV": 0.0,
            "AUP": 7071.0,
            "TV_p": 0.0,
            "AUP_p": 0.0
        },
        {
            "D": "201504",
            "TV": 0.0,
            "AUP": 7071.0,
            "TV_p": 0.0,
            "AUP_p": 0.0
        },
        {
            "D": "201505",
            "TV": 0.0,
            "AUP": 7071.0,
            "TV_p": 0.0,
            "AUP_p": 0.0
        },
        {
            "D": "201506",
            "TV": 0.0,
            "AUP": 7071.0,
            "TV_p": 0.0,
            "AUP_p": 0.0
        },
        {
            "D": "201507",
            "TV": 0.0,
            "AUP": 7071.0,
            "TV_p": 0.0,
            "AUP_p": 0.0
        },
        {
            "D": "201508",
            "TV": 0.0,
            "AUP": 7071.0,
            "TV_p": 0.0,
            "AUP_p": 0.0
        },
        {
            "D": "201509",
            "TV": 0.0,
            "AUP": 7071.0,
            "TV_p": 0.0,
            "AUP_p": 0.0
        },
        {
            "D": "201510",
            "TV": 0.0,
            "AUP": 7071.0,
            "TV_p": 0.0,
            "AUP_p": 0.0
        },
        {
            "D": "201511",
            "TV": 0.0,
            "AUP": 7071.0,
            "TV_p": 0.0,
            "AUP_p": 0.0
        },
        {
            "D": "201512",
            "TV": 0.0,
            "AUP": 7071.0,
            "TV_p": 0.0,
            "AUP_p": 0.0
        },
        {
            "D": "201601",
            "TV": 2.0,
            "AUP": 7432.0,
            "TV_p": 0.0,
            "AUP_p": 5.105359920803281
        },
        {
            "D": "201602",
            "TV": 0.0,
            "AUP": 7432.0,
            "TV_p": 0.0,
            "AUP_p": 0.0
        },
        {
            "D": "201603",
            "TV": 0.0,
            "AUP": 7432.0,
            "TV_p": 0.0,
            "AUP_p": 0.0
        },
        {
            "D": "201604",
            "TV": 1.0,
            "AUP": 7315.0,
            "TV_p": 0.0,
            "AUP_p": -1.5742734122712594
        },
        {
            "D": "201605",
            "TV": 0.0,
            "AUP": 7315.0,
            "TV_p": 0.0,
            "AUP_p": 0.0
        },
        {
            "D": "201606",
            "TV": 0.0,
            "AUP": 7315.0,
            "TV_p": 0.0,
            "AUP_p": 0.0
        },
        {
            "D": "201607",
            "TV": 0.0,
            "AUP": 7315.0,
            "TV_p": 0.0,
            "AUP_p": 0.0
        },
        {
            "D": "201608",
            "TV": 0.0,
            "AUP": 7315.0,
            "TV_p": 0.0,
            "AUP_p": 0.0
        },
        {
            "D": "201609",
            "TV": 0.0,
            "AUP": 7315.0,
            "TV_p": 0.0,
            "AUP_p": 0.0
        },
        {
            "D": "201610",
            "TV": 0.0,
            "AUP": 7315.0,
            "TV_p": 0.0,
            "AUP_p": 0.0
        },
        {
            "D": "201611",
            "TV": 0.0,
            "AUP": 7315.0,
            "TV_p": 0.0,
            "AUP_p": 0.0
        },
        {
            "D": "201612",
            "TV": 0.0,
            "AUP": 7315.0,
            "TV_p": 0.0,
            "AUP_p": 0.0
        },
        {
            "D": "201701",
            "TV": 0.0,
            "AUP": 7315.0,
            "TV_p": 0.0,
            "AUP_p": 0.0
        },
        {
            "D": "201702",
            "TV": 0.0,
            "AUP": 7315.0,
            "TV_p": 0.0,
            "AUP_p": 0.0
        },
        {
            "D": "201703",
            "TV": 0.0,
            "AUP": 7315.0,
            "TV_p": 0.0,
            "AUP_p": 0.0
        },
        {
            "D": "201704",
            "TV": 0.0,
            "AUP": 7315.0,
            "TV_p": 0.0,
            "AUP_p": 0.0
        },
        {
            "D": "201705",
            "TV": 0.0,
            "AUP": 7315.0,
            "TV_p": 0.0,
            "AUP_p": 0.0
        },
        {
            "D": "201706",
            "TV": 0.0,
            "AUP": 7315.0,
            "TV_p": 0.0,
            "AUP_p": 0.0
        },
        {
            "D": "201707",
            "TV": 0.0,
            "AUP": 7315.0,
            "TV_p": 0.0,
            "AUP_p": 0.0
        },
        {
            "D": "201708",
            "TV": 0.0,
            "AUP": 7315.0,
            "TV_p": 0.0,
            "AUP_p": 0.0
        },
        {
            "D": "201709",
            "TV": 0.0,
            "AUP": 7315.0,
            "TV_p": 0.0,
            "AUP_p": 0.0
        },
        {
            "D": "201710",
            "TV": 0.0,
            "AUP": 7315.0,
            "TV_p": 0.0,
            "AUP_p": 0.0
        },
        {
            "D": "201711",
            "TV": 0.0,
            "AUP": 7315.0,
            "TV_p": 0.0,
            "AUP_p": 0.0
        },
        {
            "D": "201712",
            "TV": 0.0,
            "AUP": 7315.0,
            "TV_p": 0.0,
            "AUP_p": 0.0
        },
        {
            "D": "201801",
            "TV": 1.0,
            "AUP": 10653.0,
            "TV_p": 0.0,
            "AUP_p": 45.632262474367735
        },
        {
            "D": "201802",
            "TV": 0.0,
            "AUP": 10653.0,
            "TV_p": 0.0,
            "AUP_p": 0.0
        },
        {
            "D": "201803",
            "TV": 0.0,
            "AUP": 10653.0,
            "TV_p": 0.0,
            "AUP_p": 0.0
        },
        {
            "D": "201804",
            "TV": 2.0,
            "AUP": 9912.0,
            "TV_p": 0.0,
            "AUP_p": -6.9557871022247255
        },
        {
            "D": "201805",
            "TV": 1.0,
            "AUP": 10241.0,
            "TV_p": -50.0,
            "AUP_p": 3.3192090395480225
        },
        {
            "D": "201806",
            "TV": 0.0,
            "AUP": 10241.0,
            "TV_p": 0.0,
            "AUP_p": 0.0
        },
        {
            "D": "201807",
            "TV": 0.0,
            "AUP": 10241.0,
            "TV_p": 0.0,
            "AUP_p": 0.0
        },
        {
            "D": "201808",
            "TV": 1.0,
            "AUP": 10617.0,
            "TV_p": 0.0,
            "AUP_p": 3.671516453471341
        },
        {
            "D": "201809",
            "TV": 0.0,
            "AUP": 10617.0,
            "TV_p": 0.0,
            "AUP_p": 0.0
        },
        {
            "D": "201810",
            "TV": 0.0,
            "AUP": 10617.0,
            "TV_p": 0.0,
            "AUP_p": 0.0
        },
        {
            "D": "201811",
            "TV": 0.0,
            "AUP": 10617.0,
            "TV_p": 0.0,
            "AUP_p": 0.0
        },
        {
            "D": "201812",
            "TV": 0.0,
            "AUP": 10617.0,
            "TV_p": 0.0,
            "AUP_p": 0.0
        },
        {
            "D": "201901",
            "TV": 0.0,
            "AUP": 10617.0,
            "TV_p": 0.0,
            "AUP_p": 0.0
        },
        {
            "D": "201902",
            "TV": 0.0,
            "AUP": 10617.0,
            "TV_p": 0.0,
            "AUP_p": 0.0
        },
        {
            "D": "201903",
            "TV": 0.0,
            "AUP": 10617.0,
            "TV_p": 0.0,
            "AUP_p": 0.0
        },
        {
            "D": "201904",
            "TV": 0.0,
            "AUP": 10617.0,
            "TV_p": 0.0,
            "AUP_p": 0.0
        },
        {
            "D": "201905",
            "TV": 1.0,
            "AUP": 10851.0,
            "TV_p": 0.0,
            "AUP_p": 2.204012432890647
        },
        {
            "D": "201906",
            "TV": 1.0,
            "AUP": 11815.0,
            "TV_p": 0.0,
            "AUP_p": 8.883973827297023
        },
        {
            "D": "201907",
            "TV": 0.0,
            "AUP": 11815.0,
            "TV_p": 0.0,
            "AUP_p": 0.0
        },
        {
            "D": "201908",
            "TV": 0.0,
            "AUP": 11815.0,
            "TV_p": 0.0,
            "AUP_p": 0.0
        },
        {
            "D": "201909",
            "TV": 0.0,
            "AUP": 11815.0,
            "TV_p": 0.0,
            "AUP_p": 0.0
        },
        {
            "D": "201910",
            "TV": 0.0,
            "AUP": 11815.0,
            "TV_p": 0.0,
            "AUP_p": 0.0
        },
        {
            "D": "201911",
            "TV": 0.0,
            "AUP": 11815.0,
            "TV_p": 0.0,
            "AUP_p": 0.0
        },
        {
            "D": "201912",
            "TV": 1.0,
            "AUP": 11815.0,
            "TV_p": 0.0,
            "AUP_p": 0.0
        },
        {
            "D": "202001",
            "TV": 0.0,
            "AUP": 11815.0,
            "TV_p": 0.0,
            "AUP_p": 0.0
        },
        {
            "D": "202002",
            "TV": 2.0,
            "AUP": 11327.0,
            "TV_p": 0.0,
            "AUP_p": -4.130342784595853
        },
        {
            "D": "202003",
            "TV": 0.0,
            "AUP": 11327.0,
            "TV_p": 0.0,
            "AUP_p": 0.0
        },
        {
            "D": "202004",
            "TV": 1.0,
            "AUP": 11436.0,
            "TV_p": 0.0,
            "AUP_p": 0.9623024631411672
        },
        {
            "D": "202005",
            "TV": 0.0,
            "AUP": 11436.0,
            "TV_p": 0.0,
            "AUP_p": 0.0
        },
        {
            "D": "202006",
            "TV": 1.0,
            "AUP": 12805.0,
            "TV_p": 0.0,
            "AUP_p": 11.970968870234348
        },
        {
            "D": "202007",
            "TV": 0.0,
            "AUP": 12805.0,
            "TV_p": 0.0,
            "AUP_p": 0.0
        },
        {
            "D": "202008",
            "TV": 0.0,
            "AUP": 12805.0,
            "TV_p": 0.0,
            "AUP_p": 0.0
        },
        {
            "D": "202009",
            "TV": 1.0,
            "AUP": 11416.0,
            "TV_p": 0.0,
            "AUP_p": -10.84732526356892
        },
        {
            "D": "202010",
            "TV": 0.0,
            "AUP": 11416.0,
            "TV_p": 0.0,
            "AUP_p": 0.0
        },
        {
            "D": "202011",
            "TV": 0.0,
            "AUP": 11416.0,
            "TV_p": 0.0,
            "AUP_p": 0.0
        },
        {
            "D": "202012",
            "TV": 1.0,
            "AUP": 11742.0,
            "TV_p": 0.0,
            "AUP_p": 2.8556412053258584
        },
        {
            "D": "202101",
            "TV": 0.0,
            "AUP": 11742.0,
            "TV_p": 0.0,
            "AUP_p": 0.0
        },
        {
            "D": "202102",
            "TV": 0.0,
            "AUP": 11742.0,
            "TV_p": 0.0,
            "AUP_p": 0.0
        },
        {
            "D": "202103",
            "TV": 0.0,
            "AUP": 11742.0,
            "TV_p": 0.0,
            "AUP_p": 0.0
        },
        {
            "D": "202104",
            "TV": 0.0,
            "AUP": 11742.0,
            "TV_p": 0.0,
            "AUP_p": 0.0
        },
        {
            "D": "202105",
            "TV": 1.0,
            "AUP": 12599.0,
            "TV_p": 0.0,
            "AUP_p": 7.298586271504003
        },
        {
            "D": "202106",
            "TV": 1.0,
            "AUP": 13244.0,
            "TV_p": 0.0,
            "AUP_p": 5.1194539249146755
        },
        {
            "D": "202107",
            "TV": 0.0,
            "AUP": 13244.0,
            "TV_p": 0.0,
            "AUP_p": 0.0
        },
        {
            "D": "202108",
            "TV": 0.0,
            "AUP": 13244.0,
            "TV_p": 0.0,
            "AUP_p": 0.0
        },
        {
            "D": "202109",
            "TV": 1.0,
            "AUP": 13244.0,
            "TV_p": 0.0,
            "AUP_p": 0.0
        },
        {
            "D": "202110",
            "TV": 0.0,
            "AUP": 13244.0,
            "TV_p": 0.0,
            "AUP_p": 0.0
        },
        {
            "D": "202111",
            "TV": 1.0,
            "AUP": 12878.0,
            "TV_p": 0.0,
            "AUP_p": -2.7635155542132286
        },
        {
            "D": "202112",
            "TV": 1.0,
            "AUP": 12576.0,
            "TV_p": 0.0,
            "AUP_p": -2.345084640472123
        },
        {
            "D": "202201",
            "TV": 0.0,
            "AUP": 12576.0,
            "TV_p": 0.0,
            "AUP_p": 0.0
        },
        {
            "D": "202202",
            "TV": 0.0,
            "AUP": 12576.0,
            "TV_p": 0.0,
            "AUP_p": 0.0
        },
        {
            "D": "202203",
            "TV": 0.0,
            "AUP": 12576.0,
            "TV_p": 0.0,
            "AUP_p": 0.0
        },
        {
            "D": "202204",
            "TV": 0.0,
            "AUP": 12576.0,
            "TV_p": 0.0,
            "AUP_p": 0.0
        },
        {
            "D": "202205",
            "TV": 0.0,
            "AUP": 12576.0,
            "TV_p": 0.0,
            "AUP_p": 0.0
        },
        {
            "D": "202206",
            "TV": 0.0,
            "AUP": 12576.0,
            "TV_p": 0.0,
            "AUP_p": 0.0
        },
        {
            "D": "202207",
            "TV": 0.0,
            "AUP": 12576.0,
            "TV_p": 0.0,
            "AUP_p": 0.0
        },
        {
            "D": "202208",
            "TV": 0.0,
            "AUP": 12576.0,
            "TV_p": 0.0,
            "AUP_p": 0.0
        },
        {
            "D": "202209",
            "TV": 0.0,
            "AUP": 12576.0,
            "TV_p": 0.0,
            "AUP_p": 0.0
        },
        {
            "D": "202210",
            "TV": 0.0,
            "AUP": 12576.0,
            "TV_p": 0.0,
            "AUP_p": 0.0
        },
        {
            "D": "202211",
            "TV": 0.0,
            "AUP": 12576.0,
            "TV_p": 0.0,
            "AUP_p": 0.0
        },
        {
            "D": "202212",
            "TV": 0.0,
            "AUP": 12576.0,
            "TV_p": 0.0,
            "AUP_p": 0.0
        },
        {
            "D": "202301",
            "TV": 0.0,
            "AUP": 12576.0,
            "TV_p": 0.0,
            "AUP_p": 0.0
        },
        {
            "D": "202302",
            "TV": 0.0,
            "AUP": 12576.0,
            "TV_p": 0.0,
            "AUP_p": 0.0
        },
        {
            "D": "202303",
            "TV": 0.0,
            "AUP": 12576.0,
            "TV_p": 0.0,
            "AUP_p": 0.0
        },
        {
            "D": "202304",
            "TV": 0.0,
            "AUP": 12576.0,
            "TV_p": 0.0,
            "AUP_p": 0.0
        },
        {
            "D": "202305",
            "TV": 0.0,
            "AUP": 12576.0,
            "TV_p": 0.0,
            "AUP_p": 0.0
        },
        {
            "D": "202306",
            "TV": 0.0,
            "AUP": 12576.0,
            "TV_p": 0.0,
            "AUP_p": 0.0
        },
        {
            "D": "202307",
            "TV": 2.0,
            "AUP": 12193.5,
            "TV_p": 0.0,
            "AUP_p": -3.0415076335877864
        },
        {
            "D": "202308",
            "TV": 1.0,
            "AUP": 12202.0,
            "TV_p": -50.0,
            "AUP_p": 0.0697092713330873
        },
        {
            "D": "202309",
            "TV": 0.0,
            "AUP": 12202.0,
            "TV_p": 0.0,
            "AUP_p": 0.0
        },
        {
            "D": "202310",
            "TV": 0.0,
            "AUP": 12202.0,
            "TV_p": 0.0,
            "AUP_p": 0.0
        },
        {
            "D": "202311",
            "TV": 1.0,
            "AUP": 12202.0,
            "TV_p": 0.0,
            "AUP_p": 0.0
        },
        {
            "D": "202312",
            "TV": 0.0,
            "AUP": 12202.0,
            "TV_p": 0.0,
            "AUP_p": 0.0
        },
        {
            "D": "202401",
            "TV": 0.0,
            "AUP": 12202.0,
            "TV_p": 0.0,
            "AUP_p": 0.0
        },
        {
            "D": "202402",
            "TV": 1.0,
            "AUP": 10303.0,
            "TV_p": 0.0,
            "AUP_p": -15.56302245533519
        },
        {
            "D": "202403",
            "TV": 0.0,
            "AUP": 10303.0,
            "TV_p": 0.0,
            "AUP_p": 0.0
        },
        {
            "D": "202404",
            "TV": 0.0,
            "AUP": 10303.0,
            "TV_p": 0.0,
            "AUP_p": 0.0
        },
        {
            "D": "202405",
            "TV": 0.0,
            "AUP": 10303.0,
            "TV_p": 0.0,
            "AUP_p": 0.0
        },
        {
            "D": "202406",
            "TV": 1.0,
            "AUP": 9756.0,
            "TV_p": 0.0,
            "AUP_p": -5.309133262156653
        },
        {
            "D": "202407",
            "TV": 1.0,
            "AUP": 9071.0,
            "TV_p": 0.0,
            "AUP_p": -7.021320213202133
        }
    ],
    "MinDate": "199601",
    "MaxDate": "202407"
}