{
    "List": [
        {
            "D": "199601",
            "TV": 0.0,
            "AUP": 3672.0,
            "TV_p": 0.0,
            "AUP_p": 0.0
        },
        {
            "D": "199602",
            "TV": 0.0,
            "AUP": 3672.0,
            "TV_p": 0.0,
            "AUP_p": 0.0
        },
        {
            "D": "199603",
            "TV": 2.0,
            "AUP": 3609.5,
            "TV_p": 0.0,
            "AUP_p": -1.7020697167755992
        },
        {
            "D": "199604",
            "TV": 0.0,
            "AUP": 3609.5,
            "TV_p": 0.0,
            "AUP_p": 0.0
        },
        {
            "D": "199605",
            "TV": 1.0,
            "AUP": 3594.0,
            "TV_p": 0.0,
            "AUP_p": -0.42942235766726694
        },
        {
            "D": "199606",
            "TV": 0.0,
            "AUP": 3594.0,
            "TV_p": 0.0,
            "AUP_p": 0.0
        },
        {
            "D": "199607",
            "TV": 0.0,
            "AUP": 3594.0,
            "TV_p": 0.0,
            "AUP_p": 0.0
        },
        {
            "D": "199608",
            "TV": 1.0,
            "AUP": 4073.0,
            "TV_p": 0.0,
            "AUP_p": 13.327768503060659
        },
        {
            "D": "199609",
            "TV": 1.0,
            "AUP": 3805.0,
            "TV_p": 0.0,
            "AUP_p": -6.579916523447091
        },
        {
            "D": "199610",
            "TV": 0.0,
            "AUP": 3805.0,
            "TV_p": 0.0,
            "AUP_p": 0.0
        },
        {
            "D": "199611",
            "TV": 1.0,
            "AUP": 3706.0,
            "TV_p": 0.0,
            "AUP_p": -2.6018396846254928
        },
        {
            "D": "199612",
            "TV": 0.0,
            "AUP": 3706.0,
            "TV_p": 0.0,
            "AUP_p": 0.0
        },
        {
            "D": "199701",
            "TV": 0.0,
            "AUP": 3706.0,
            "TV_p": 0.0,
            "AUP_p": 0.0
        },
        {
            "D": "199702",
            "TV": 3.0,
            "AUP": 3906.0,
            "TV_p": 0.0,
            "AUP_p": 5.396654074473826
        },
        {
            "D": "199703",
            "TV": 2.0,
            "AUP": 4155.0,
            "TV_p": -33.33333333333333,
            "AUP_p": 6.374807987711213
        },
        {
            "D": "199704",
            "TV": 1.0,
            "AUP": 4205.0,
            "TV_p": -50.0,
            "AUP_p": 1.203369434416366
        },
        {
            "D": "199705",
            "TV": 2.0,
            "AUP": 4533.0,
            "TV_p": 100.0,
            "AUP_p": 7.800237812128419
        },
        {
            "D": "199706",
            "TV": 0.0,
            "AUP": 4533.0,
            "TV_p": 0.0,
            "AUP_p": 0.0
        },
        {
            "D": "199707",
            "TV": 3.0,
            "AUP": 5248.333,
            "TV_p": 0.0,
            "AUP_p": 15.78057209353628
        },
        {
            "D": "199708",
            "TV": 1.0,
            "AUP": 4792.0,
            "TV_p": -66.66666666666666,
            "AUP_p": -8.69482374777356
        },
        {
            "D": "199709",
            "TV": 3.0,
            "AUP": 5496.667,
            "TV_p": 200.0,
            "AUP_p": 14.705063981636062
        },
        {
            "D": "199710",
            "TV": 0.0,
            "AUP": 5496.667,
            "TV_p": 0.0,
            "AUP_p": 0.0
        },
        {
            "D": "199711",
            "TV": 1.0,
            "AUP": 6276.0,
            "TV_p": 0.0,
            "AUP_p": 14.178289886498273
        },
        {
            "D": "199712",
            "TV": 0.0,
            "AUP": 6276.0,
            "TV_p": 0.0,
            "AUP_p": 0.0
        },
        {
            "D": "199801",
            "TV": 0.0,
            "AUP": 6276.0,
            "TV_p": 0.0,
            "AUP_p": 0.0
        },
        {
            "D": "199802",
            "TV": 0.0,
            "AUP": 6276.0,
            "TV_p": 0.0,
            "AUP_p": 0.0
        },
        {
            "D": "199803",
            "TV": 0.0,
            "AUP": 6276.0,
            "TV_p": 0.0,
            "AUP_p": 0.0
        },
        {
            "D": "199804",
            "TV": 0.0,
            "AUP": 6276.0,
            "TV_p": 0.0,
            "AUP_p": 0.0
        },
        {
            "D": "199805",
            "TV": 0.0,
            "AUP": 6276.0,
            "TV_p": 0.0,
            "AUP_p": 0.0
        },
        {
            "D": "199806",
            "TV": 0.0,
            "AUP": 6276.0,
            "TV_p": 0.0,
            "AUP_p": 0.0
        },
        {
            "D": "199807",
            "TV": 0.0,
            "AUP": 6276.0,
            "TV_p": 0.0,
            "AUP_p": 0.0
        },
        {
            "D": "199808",
            "TV": 0.0,
            "AUP": 6276.0,
            "TV_p": 0.0,
            "AUP_p": 0.0
        },
        {
            "D": "199809",
            "TV": 0.0,
            "AUP": 6276.0,
            "TV_p": 0.0,
            "AUP_p": 0.0
        },
        {
            "D": "199810",
            "TV": 0.0,
            "AUP": 6276.0,
            "TV_p": 0.0,
            "AUP_p": 0.0
        },
        {
            "D": "199811",
            "TV": 0.0,
            "AUP": 6276.0,
            "TV_p": 0.0,
            "AUP_p": 0.0
        },
        {
            "D": "199812",
            "TV": 0.0,
            "AUP": 6276.0,
            "TV_p": 0.0,
            "AUP_p": 0.0
        },
        {
            "D": "199901",
            "TV": 0.0,
            "AUP": 6276.0,
            "TV_p": 0.0,
            "AUP_p": 0.0
        },
        {
            "D": "199902",
            "TV": 0.0,
            "AUP": 6276.0,
            "TV_p": 0.0,
            "AUP_p": 0.0
        },
        {
            "D": "199903",
            "TV": 0.0,
            "AUP": 6276.0,
            "TV_p": 0.0,
            "AUP_p": 0.0
        },
        {
            "D": "199904",
            "TV": 1.0,
            "AUP": 2619.0,
            "TV_p": 0.0,
            "AUP_p": -58.26959847036329
        },
        {
            "D": "199905",
            "TV": 0.0,
            "AUP": 2619.0,
            "TV_p": 0.0,
            "AUP_p": 0.0
        },
        {
            "D": "199906",
            "TV": 0.0,
            "AUP": 2619.0,
            "TV_p": 0.0,
            "AUP_p": 0.0
        },
        {
            "D": "199907",
            "TV": 0.0,
            "AUP": 2619.0,
            "TV_p": 0.0,
            "AUP_p": 0.0
        },
        {
            "D": "199908",
            "TV": 0.0,
            "AUP": 2619.0,
            "TV_p": 0.0,
            "AUP_p": 0.0
        },
        {
            "D": "199909",
            "TV": 1.0,
            "AUP": 3261.0,
            "TV_p": 0.0,
            "AUP_p": 24.513172966781212
        },
        {
            "D": "199910",
            "TV": 0.0,
            "AUP": 3261.0,
            "TV_p": 0.0,
            "AUP_p": 0.0
        },
        {
            "D": "199911",
            "TV": 0.0,
            "AUP": 3261.0,
            "TV_p": 0.0,
            "AUP_p": 0.0
        },
        {
            "D": "199912",
            "TV": 0.0,
            "AUP": 3261.0,
            "TV_p": 0.0,
            "AUP_p": 0.0
        },
        {
            "D": "200001",
            "TV": 0.0,
            "AUP": 3261.0,
            "TV_p": 0.0,
            "AUP_p": 0.0
        },
        {
            "D": "200002",
            "TV": 0.0,
            "AUP": 3261.0,
            "TV_p": 0.0,
            "AUP_p": 0.0
        },
        {
            "D": "200003",
            "TV": 0.0,
            "AUP": 3261.0,
            "TV_p": 0.0,
            "AUP_p": 0.0
        },
        {
            "D": "200004",
            "TV": 0.0,
            "AUP": 3261.0,
            "TV_p": 0.0,
            "AUP_p": 0.0
        },
        {
            "D": "200005",
            "TV": 2.0,
            "AUP": 2934.0,
            "TV_p": 0.0,
            "AUP_p": -10.027598896044159
        },
        {
            "D": "200006",
            "TV": 0.0,
            "AUP": 2934.0,
            "TV_p": 0.0,
            "AUP_p": 0.0
        },
        {
            "D": "200007",
            "TV": 1.0,
            "AUP": 3014.0,
            "TV_p": 0.0,
            "AUP_p": 2.7266530334014996
        },
        {
            "D": "200008",
            "TV": 0.0,
            "AUP": 3014.0,
            "TV_p": 0.0,
            "AUP_p": 0.0
        },
        {
            "D": "200009",
            "TV": 0.0,
            "AUP": 3014.0,
            "TV_p": 0.0,
            "AUP_p": 0.0
        },
        {
            "D": "200010",
            "TV": 0.0,
            "AUP": 3014.0,
            "TV_p": 0.0,
            "AUP_p": 0.0
        },
        {
            "D": "200011",
            "TV": 0.0,
            "AUP": 3014.0,
            "TV_p": 0.0,
            "AUP_p": 0.0
        },
        {
            "D": "200012",
            "TV": 1.0,
            "AUP": 3212.0,
            "TV_p": 0.0,
            "AUP_p": 6.569343065693431
        },
        {
            "D": "200101",
            "TV": 0.0,
            "AUP": 3212.0,
            "TV_p": 0.0,
            "AUP_p": 0.0
        },
        {
            "D": "200102",
            "TV": 1.0,
            "AUP": 2866.0,
            "TV_p": 0.0,
            "AUP_p": -10.772104607721046
        },
        {
            "D": "200103",
            "TV": 1.0,
            "AUP": 2689.0,
            "TV_p": 0.0,
            "AUP_p": -6.175854849965108
        },
        {
            "D": "200104",
            "TV": 0.0,
            "AUP": 2689.0,
            "TV_p": 0.0,
            "AUP_p": 0.0
        },
        {
            "D": "200105",
            "TV": 0.0,
            "AUP": 2689.0,
            "TV_p": 0.0,
            "AUP_p": 0.0
        },
        {
            "D": "200106",
            "TV": 0.0,
            "AUP": 2689.0,
            "TV_p": 0.0,
            "AUP_p": 0.0
        },
        {
            "D": "200107",
            "TV": 0.0,
            "AUP": 2689.0,
            "TV_p": 0.0,
            "AUP_p": 0.0
        },
        {
            "D": "200108",
            "TV": 0.0,
            "AUP": 2689.0,
            "TV_p": 0.0,
            "AUP_p": 0.0
        },
        {
            "D": "200109",
            "TV": 1.0,
            "AUP": 2259.0,
            "TV_p": 0.0,
            "AUP_p": -15.991074748977315
        },
        {
            "D": "200110",
            "TV": 0.0,
            "AUP": 2259.0,
            "TV_p": 0.0,
            "AUP_p": 0.0
        },
        {
            "D": "200111",
            "TV": 0.0,
            "AUP": 2259.0,
            "TV_p": 0.0,
            "AUP_p": 0.0
        },
        {
            "D": "200112",
            "TV": 0.0,
            "AUP": 2259.0,
            "TV_p": 0.0,
            "AUP_p": 0.0
        },
        {
            "D": "200201",
            "TV": 1.0,
            "AUP": 1149.0,
            "TV_p": 0.0,
            "AUP_p": -49.136786188579016
        },
        {
            "D": "200202",
            "TV": 0.0,
            "AUP": 1149.0,
            "TV_p": 0.0,
            "AUP_p": 0.0
        },
        {
            "D": "200203",
            "TV": 0.0,
            "AUP": 1149.0,
            "TV_p": 0.0,
            "AUP_p": 0.0
        },
        {
            "D": "200204",
            "TV": 0.0,
            "AUP": 1149.0,
            "TV_p": 0.0,
            "AUP_p": 0.0
        },
        {
            "D": "200205",
            "TV": 0.0,
            "AUP": 1149.0,
            "TV_p": 0.0,
            "AUP_p": 0.0
        },
        {
            "D": "200206",
            "TV": 0.0,
            "AUP": 1149.0,
            "TV_p": 0.0,
            "AUP_p": 0.0
        },
        {
            "D": "200207",
            "TV": 1.0,
            "AUP": 1956.0,
            "TV_p": 0.0,
            "AUP_p": 70.23498694516971
        },
        {
            "D": "200208",
            "TV": 0.0,
            "AUP": 1956.0,
            "TV_p": 0.0,
            "AUP_p": 0.0
        },
        {
            "D": "200209",
            "TV": 0.0,
            "AUP": 1956.0,
            "TV_p": 0.0,
            "AUP_p": 0.0
        },
        {
            "D": "200210",
            "TV": 0.0,
            "AUP": 1956.0,
            "TV_p": 0.0,
            "AUP_p": 0.0
        },
        {
            "D": "200211",
            "TV": 1.0,
            "AUP": 1878.0,
            "TV_p": 0.0,
            "AUP_p": -3.9877300613496933
        },
        {
            "D": "200212",
            "TV": 0.0,
            "AUP": 1878.0,
            "TV_p": 0.0,
            "AUP_p": 0.0
        },
        {
            "D": "200301",
            "TV": 0.0,
            "AUP": 1878.0,
            "TV_p": 0.0,
            "AUP_p": 0.0
        },
        {
            "D": "200302",
            "TV": 0.0,
            "AUP": 1878.0,
            "TV_p": 0.0,
            "AUP_p": 0.0
        },
        {
            "D": "200303",
            "TV": 0.0,
            "AUP": 1878.0,
            "TV_p": 0.0,
            "AUP_p": 0.0
        },
        {
            "D": "200304",
            "TV": 0.0,
            "AUP": 1878.0,
            "TV_p": 0.0,
            "AUP_p": 0.0
        },
        {
            "D": "200305",
            "TV": 0.0,
            "AUP": 1878.0,
            "TV_p": 0.0,
            "AUP_p": 0.0
        },
        {
            "D": "200306",
            "TV": 0.0,
            "AUP": 1878.0,
            "TV_p": 0.0,
            "AUP_p": 0.0
        },
        {
            "D": "200307",
            "TV": 1.0,
            "AUP": 1995.0,
            "TV_p": 0.0,
            "AUP_p": 6.230031948881789
        },
        {
            "D": "200308",
            "TV": 1.0,
            "AUP": 1858.0,
            "TV_p": 0.0,
            "AUP_p": -6.867167919799498
        },
        {
            "D": "200309",
            "TV": 1.0,
            "AUP": 1744.0,
            "TV_p": 0.0,
            "AUP_p": -6.135629709364909
        },
        {
            "D": "200310",
            "TV": 1.0,
            "AUP": 1770.0,
            "TV_p": 0.0,
            "AUP_p": 1.4908256880733946
        },
        {
            "D": "200311",
            "TV": 0.0,
            "AUP": 1770.0,
            "TV_p": 0.0,
            "AUP_p": 0.0
        },
        {
            "D": "200312",
            "TV": 1.0,
            "AUP": 1482.0,
            "TV_p": 0.0,
            "AUP_p": -16.271186440677965
        },
        {
            "D": "200401",
            "TV": 0.0,
            "AUP": 1482.0,
            "TV_p": 0.0,
            "AUP_p": 0.0
        },
        {
            "D": "200402",
            "TV": 2.0,
            "AUP": 1900.0,
            "TV_p": 0.0,
            "AUP_p": 28.205128205128204
        },
        {
            "D": "200403",
            "TV": 0.0,
            "AUP": 1900.0,
            "TV_p": 0.0,
            "AUP_p": 0.0
        },
        {
            "D": "200404",
            "TV": 0.0,
            "AUP": 1900.0,
            "TV_p": 0.0,
            "AUP_p": 0.0
        },
        {
            "D": "200405",
            "TV": 1.0,
            "AUP": 2125.0,
            "TV_p": 0.0,
            "AUP_p": 11.842105263157894
        },
        {
            "D": "200406",
            "TV": 0.0,
            "AUP": 2125.0,
            "TV_p": 0.0,
            "AUP_p": 0.0
        },
        {
            "D": "200407",
            "TV": 0.0,
            "AUP": 2125.0,
            "TV_p": 0.0,
            "AUP_p": 0.0
        },
        {
            "D": "200408",
            "TV": 0.0,
            "AUP": 2125.0,
            "TV_p": 0.0,
            "AUP_p": 0.0
        },
        {
            "D": "200409",
            "TV": 0.0,
            "AUP": 2125.0,
            "TV_p": 0.0,
            "AUP_p": 0.0
        },
        {
            "D": "200410",
            "TV": 1.0,
            "AUP": 2054.0,
            "TV_p": 0.0,
            "AUP_p": -3.3411764705882354
        },
        {
            "D": "200411",
            "TV": 0.0,
            "AUP": 2054.0,
            "TV_p": 0.0,
            "AUP_p": 0.0
        },
        {
            "D": "200412",
            "TV": 0.0,
            "AUP": 2054.0,
            "TV_p": 0.0,
            "AUP_p": 0.0
        },
        {
            "D": "200501",
            "TV": 0.0,
            "AUP": 2054.0,
            "TV_p": 0.0,
            "AUP_p": 0.0
        },
        {
            "D": "200502",
            "TV": 0.0,
            "AUP": 2054.0,
            "TV_p": 0.0,
            "AUP_p": 0.0
        },
        {
            "D": "200503",
            "TV": 0.0,
            "AUP": 2054.0,
            "TV_p": 0.0,
            "AUP_p": 0.0
        },
        {
            "D": "200504",
            "TV": 0.0,
            "AUP": 2054.0,
            "TV_p": 0.0,
            "AUP_p": 0.0
        },
        {
            "D": "200505",
            "TV": 0.0,
            "AUP": 2054.0,
            "TV_p": 0.0,
            "AUP_p": 0.0
        },
        {
            "D": "200506",
            "TV": 0.0,
            "AUP": 2054.0,
            "TV_p": 0.0,
            "AUP_p": 0.0
        },
        {
            "D": "200507",
            "TV": 0.0,
            "AUP": 2054.0,
            "TV_p": 0.0,
            "AUP_p": 0.0
        },
        {
            "D": "200508",
            "TV": 0.0,
            "AUP": 2054.0,
            "TV_p": 0.0,
            "AUP_p": 0.0
        },
        {
            "D": "200509",
            "TV": 0.0,
            "AUP": 2054.0,
            "TV_p": 0.0,
            "AUP_p": 0.0
        },
        {
            "D": "200510",
            "TV": 0.0,
            "AUP": 2054.0,
            "TV_p": 0.0,
            "AUP_p": 0.0
        },
        {
            "D": "200511",
            "TV": 0.0,
            "AUP": 2054.0,
            "TV_p": 0.0,
            "AUP_p": 0.0
        },
        {
            "D": "200512",
            "TV": 1.0,
            "AUP": 2491.0,
            "TV_p": 0.0,
            "AUP_p": 21.27555988315482
        },
        {
            "D": "200601",
            "TV": 0.0,
            "AUP": 2491.0,
            "TV_p": 0.0,
            "AUP_p": 0.0
        },
        {
            "D": "200602",
            "TV": 0.0,
            "AUP": 2491.0,
            "TV_p": 0.0,
            "AUP_p": 0.0
        },
        {
            "D": "200603",
            "TV": 1.0,
            "AUP": 2469.0,
            "TV_p": 0.0,
            "AUP_p": -0.8831794460056202
        },
        {
            "D": "200604",
            "TV": 0.0,
            "AUP": 2469.0,
            "TV_p": 0.0,
            "AUP_p": 0.0
        },
        {
            "D": "200605",
            "TV": 0.0,
            "AUP": 2469.0,
            "TV_p": 0.0,
            "AUP_p": 0.0
        },
        {
            "D": "200606",
            "TV": 1.0,
            "AUP": 2103.0,
            "TV_p": 0.0,
            "AUP_p": -14.823815309842042
        },
        {
            "D": "200607",
            "TV": 1.0,
            "AUP": 2619.0,
            "TV_p": 0.0,
            "AUP_p": 24.53637660485021
        },
        {
            "D": "200608",
            "TV": 0.0,
            "AUP": 2619.0,
            "TV_p": 0.0,
            "AUP_p": 0.0
        },
        {
            "D": "200609",
            "TV": 1.0,
            "AUP": 2435.0,
            "TV_p": 0.0,
            "AUP_p": -7.025582283314242
        },
        {
            "D": "200610",
            "TV": 0.0,
            "AUP": 2435.0,
            "TV_p": 0.0,
            "AUP_p": 0.0
        },
        {
            "D": "200611",
            "TV": 0.0,
            "AUP": 2435.0,
            "TV_p": 0.0,
            "AUP_p": 0.0
        },
        {
            "D": "200612",
            "TV": 0.0,
            "AUP": 2435.0,
            "TV_p": 0.0,
            "AUP_p": 0.0
        },
        {
            "D": "200701",
            "TV": 0.0,
            "AUP": 2435.0,
            "TV_p": 0.0,
            "AUP_p": 0.0
        },
        {
            "D": "200702",
            "TV": 0.0,
            "AUP": 2435.0,
            "TV_p": 0.0,
            "AUP_p": 0.0
        },
        {
            "D": "200703",
            "TV": 0.0,
            "AUP": 2435.0,
            "TV_p": 0.0,
            "AUP_p": 0.0
        },
        {
            "D": "200704",
            "TV": 0.0,
            "AUP": 2435.0,
            "TV_p": 0.0,
            "AUP_p": 0.0
        },
        {
            "D": "200705",
            "TV": 0.0,
            "AUP": 2435.0,
            "TV_p": 0.0,
            "AUP_p": 0.0
        },
        {
            "D": "200706",
            "TV": 1.0,
            "AUP": 2591.0,
            "TV_p": 0.0,
            "AUP_p": 6.406570841889117
        },
        {
            "D": "200707",
            "TV": 0.0,
            "AUP": 2591.0,
            "TV_p": 0.0,
            "AUP_p": 0.0
        },
        {
            "D": "200708",
            "TV": 0.0,
            "AUP": 2591.0,
            "TV_p": 0.0,
            "AUP_p": 0.0
        },
        {
            "D": "200709",
            "TV": 0.0,
            "AUP": 2591.0,
            "TV_p": 0.0,
            "AUP_p": 0.0
        },
        {
            "D": "200710",
            "TV": 0.0,
            "AUP": 2591.0,
            "TV_p": 0.0,
            "AUP_p": 0.0
        },
        {
            "D": "200711",
            "TV": 0.0,
            "AUP": 2591.0,
            "TV_p": 0.0,
            "AUP_p": 0.0
        },
        {
            "D": "200712",
            "TV": 1.0,
            "AUP": 2965.0,
            "TV_p": 0.0,
            "AUP_p": 14.43458124276341
        },
        {
            "D": "200801",
            "TV": 0.0,
            "AUP": 2965.0,
            "TV_p": 0.0,
            "AUP_p": 0.0
        },
        {
            "D": "200802",
            "TV": 0.0,
            "AUP": 2965.0,
            "TV_p": 0.0,
            "AUP_p": 0.0
        },
        {
            "D": "200803",
            "TV": 0.0,
            "AUP": 2965.0,
            "TV_p": 0.0,
            "AUP_p": 0.0
        },
        {
            "D": "200804",
            "TV": 0.0,
            "AUP": 2965.0,
            "TV_p": 0.0,
            "AUP_p": 0.0
        },
        {
            "D": "200805",
            "TV": 0.0,
            "AUP": 2965.0,
            "TV_p": 0.0,
            "AUP_p": 0.0
        },
        {
            "D": "200806",
            "TV": 0.0,
            "AUP": 2965.0,
            "TV_p": 0.0,
            "AUP_p": 0.0
        },
        {
            "D": "200807",
            "TV": 0.0,
            "AUP": 2965.0,
            "TV_p": 0.0,
            "AUP_p": 0.0
        },
        {
            "D": "200808",
            "TV": 0.0,
            "AUP": 2965.0,
            "TV_p": 0.0,
            "AUP_p": 0.0
        },
        {
            "D": "200809",
            "TV": 0.0,
            "AUP": 2965.0,
            "TV_p": 0.0,
            "AUP_p": 0.0
        },
        {
            "D": "200810",
            "TV": 0.0,
            "AUP": 2965.0,
            "TV_p": 0.0,
            "AUP_p": 0.0
        },
        {
            "D": "200811",
            "TV": 0.0,
            "AUP": 2965.0,
            "TV_p": 0.0,
            "AUP_p": 0.0
        },
        {
            "D": "200812",
            "TV": 0.0,
            "AUP": 2965.0,
            "TV_p": 0.0,
            "AUP_p": 0.0
        },
        {
            "D": "200901",
            "TV": 0.0,
            "AUP": 2965.0,
            "TV_p": 0.0,
            "AUP_p": 0.0
        },
        {
            "D": "200902",
            "TV": 0.0,
            "AUP": 2965.0,
            "TV_p": 0.0,
            "AUP_p": 0.0
        },
        {
            "D": "200903",
            "TV": 0.0,
            "AUP": 2965.0,
            "TV_p": 0.0,
            "AUP_p": 0.0
        },
        {
            "D": "200904",
            "TV": 0.0,
            "AUP": 2965.0,
            "TV_p": 0.0,
            "AUP_p": 0.0
        },
        {
            "D": "200905",
            "TV": 0.0,
            "AUP": 2965.0,
            "TV_p": 0.0,
            "AUP_p": 0.0
        },
        {
            "D": "200906",
            "TV": 0.0,
            "AUP": 2965.0,
            "TV_p": 0.0,
            "AUP_p": 0.0
        },
        {
            "D": "200907",
            "TV": 1.0,
            "AUP": 3854.0,
            "TV_p": 0.0,
            "AUP_p": 29.983136593591908
        },
        {
            "D": "200908",
            "TV": 1.0,
            "AUP": 3756.0,
            "TV_p": 0.0,
            "AUP_p": -2.542812662169175
        },
        {
            "D": "200909",
            "TV": 1.0,
            "AUP": 3261.0,
            "TV_p": 0.0,
            "AUP_p": -13.178913738019169
        },
        {
            "D": "200910",
            "TV": 0.0,
            "AUP": 3261.0,
            "TV_p": 0.0,
            "AUP_p": 0.0
        },
        {
            "D": "200911",
            "TV": 2.0,
            "AUP": 3686.5,
            "TV_p": 0.0,
            "AUP_p": 13.048144740877031
        },
        {
            "D": "200912",
            "TV": 2.0,
            "AUP": 3903.5,
            "TV_p": 0.0,
            "AUP_p": 5.886342058863421
        },
        {
            "D": "201001",
            "TV": 0.0,
            "AUP": 3903.5,
            "TV_p": 0.0,
            "AUP_p": 0.0
        },
        {
            "D": "201002",
            "TV": 0.0,
            "AUP": 3903.5,
            "TV_p": 0.0,
            "AUP_p": 0.0
        },
        {
            "D": "201003",
            "TV": 0.0,
            "AUP": 3903.5,
            "TV_p": 0.0,
            "AUP_p": 0.0
        },
        {
            "D": "201004",
            "TV": 1.0,
            "AUP": 4401.0,
            "TV_p": 0.0,
            "AUP_p": 12.744972460612273
        },
        {
            "D": "201005",
            "TV": 0.0,
            "AUP": 4401.0,
            "TV_p": 0.0,
            "AUP_p": 0.0
        },
        {
            "D": "201006",
            "TV": 0.0,
            "AUP": 4401.0,
            "TV_p": 0.0,
            "AUP_p": 0.0
        },
        {
            "D": "201007",
            "TV": 0.0,
            "AUP": 4401.0,
            "TV_p": 0.0,
            "AUP_p": 0.0
        },
        {
            "D": "201008",
            "TV": 4.0,
            "AUP": 4277.25,
            "TV_p": 0.0,
            "AUP_p": -2.8118609406952966
        },
        {
            "D": "201009",
            "TV": 3.0,
            "AUP": 4037.667,
            "TV_p": -25.0,
            "AUP_p": -5.601340440703721
        },
        {
            "D": "201010",
            "TV": 3.0,
            "AUP": 4691.333,
            "TV_p": 0.0,
            "AUP_p": 16.189218206255948
        },
        {
            "D": "201011",
            "TV": 3.0,
            "AUP": 5088.333,
            "TV_p": 0.0,
            "AUP_p": 8.462412960669491
        },
        {
            "D": "201012",
            "TV": 0.0,
            "AUP": 5088.333,
            "TV_p": 0.0,
            "AUP_p": 0.0
        },
        {
            "D": "201101",
            "TV": 0.0,
            "AUP": 5088.333,
            "TV_p": 0.0,
            "AUP_p": 0.0
        },
        {
            "D": "201102",
            "TV": 1.0,
            "AUP": 5535.0,
            "TV_p": 0.0,
            "AUP_p": 8.778250907879357
        },
        {
            "D": "201103",
            "TV": 2.0,
            "AUP": 5781.5,
            "TV_p": 100.0,
            "AUP_p": 4.453477868112015
        },
        {
            "D": "201104",
            "TV": 2.0,
            "AUP": 6259.0,
            "TV_p": 0.0,
            "AUP_p": 8.259102309089336
        },
        {
            "D": "201105",
            "TV": 1.0,
            "AUP": 5623.0,
            "TV_p": -50.0,
            "AUP_p": -10.161367630611918
        },
        {
            "D": "201106",
            "TV": 0.0,
            "AUP": 5623.0,
            "TV_p": 0.0,
            "AUP_p": 0.0
        },
        {
            "D": "201107",
            "TV": 0.0,
            "AUP": 5623.0,
            "TV_p": 0.0,
            "AUP_p": 0.0
        },
        {
            "D": "201108",
            "TV": 0.0,
            "AUP": 5623.0,
            "TV_p": 0.0,
            "AUP_p": 0.0
        },
        {
            "D": "201109",
            "TV": 2.0,
            "AUP": 5916.5,
            "TV_p": 0.0,
            "AUP_p": 5.219633647519118
        },
        {
            "D": "201110",
            "TV": 0.0,
            "AUP": 5916.5,
            "TV_p": 0.0,
            "AUP_p": 0.0
        },
        {
            "D": "201111",
            "TV": 1.0,
            "AUP": 6128.0,
            "TV_p": 0.0,
            "AUP_p": 3.574748584467168
        },
        {
            "D": "201112",
            "TV": 0.0,
            "AUP": 6128.0,
            "TV_p": 0.0,
            "AUP_p": 0.0
        },
        {
            "D": "201201",
            "TV": 0.0,
            "AUP": 6128.0,
            "TV_p": 0.0,
            "AUP_p": 0.0
        },
        {
            "D": "201202",
            "TV": 0.0,
            "AUP": 6128.0,
            "TV_p": 0.0,
            "AUP_p": 0.0
        },
        {
            "D": "201203",
            "TV": 3.0,
            "AUP": 6497.0,
            "TV_p": 0.0,
            "AUP_p": 6.021540469973891
        },
        {
            "D": "201204",
            "TV": 0.0,
            "AUP": 6497.0,
            "TV_p": 0.0,
            "AUP_p": 0.0
        },
        {
            "D": "201205",
            "TV": 0.0,
            "AUP": 6497.0,
            "TV_p": 0.0,
            "AUP_p": 0.0
        },
        {
            "D": "201206",
            "TV": 0.0,
            "AUP": 6497.0,
            "TV_p": 0.0,
            "AUP_p": 0.0
        },
        {
            "D": "201207",
            "TV": 0.0,
            "AUP": 6497.0,
            "TV_p": 0.0,
            "AUP_p": 0.0
        },
        {
            "D": "201208",
            "TV": 1.0,
            "AUP": 6908.0,
            "TV_p": 0.0,
            "AUP_p": 6.325996613821763
        },
        {
            "D": "201209",
            "TV": 0.0,
            "AUP": 6908.0,
            "TV_p": 0.0,
            "AUP_p": 0.0
        },
        {
            "D": "201210",
            "TV": 0.0,
            "AUP": 6908.0,
            "TV_p": 0.0,
            "AUP_p": 0.0
        },
        {
            "D": "201211",
            "TV": 1.0,
            "AUP": 7677.0,
            "TV_p": 0.0,
            "AUP_p": 11.13202084539664
        },
        {
            "D": "201212",
            "TV": 1.0,
            "AUP": 8068.0,
            "TV_p": 0.0,
            "AUP_p": 5.093135339325258
        },
        {
            "D": "201301",
            "TV": 0.0,
            "AUP": 8068.0,
            "TV_p": 0.0,
            "AUP_p": 0.0
        },
        {
            "D": "201302",
            "TV": 0.0,
            "AUP": 8068.0,
            "TV_p": 0.0,
            "AUP_p": 0.0
        },
        {
            "D": "201303",
            "TV": 1.0,
            "AUP": 8302.0,
            "TV_p": 0.0,
            "AUP_p": 2.9003470500743678
        },
        {
            "D": "201304",
            "TV": 1.0,
            "AUP": 8648.0,
            "TV_p": 0.0,
            "AUP_p": 4.167670440857624
        },
        {
            "D": "201305",
            "TV": 0.0,
            "AUP": 8648.0,
            "TV_p": 0.0,
            "AUP_p": 0.0
        },
        {
            "D": "201306",
            "TV": 2.0,
            "AUP": 7628.0,
            "TV_p": 0.0,
            "AUP_p": -11.794634597594818
        },
        {
            "D": "201307",
            "TV": 0.0,
            "AUP": 7628.0,
            "TV_p": 0.0,
            "AUP_p": 0.0
        },
        {
            "D": "201308",
            "TV": 2.0,
            "AUP": 9573.5,
            "TV_p": 0.0,
            "AUP_p": 25.504719454640796
        },
        {
            "D": "201309",
            "TV": 0.0,
            "AUP": 9573.5,
            "TV_p": 0.0,
            "AUP_p": 0.0
        },
        {
            "D": "201310",
            "TV": 0.0,
            "AUP": 9573.5,
            "TV_p": 0.0,
            "AUP_p": 0.0
        },
        {
            "D": "201311",
            "TV": 1.0,
            "AUP": 8648.0,
            "TV_p": 0.0,
            "AUP_p": -9.667310805870372
        },
        {
            "D": "201312",
            "TV": 0.0,
            "AUP": 8648.0,
            "TV_p": 0.0,
            "AUP_p": 0.0
        },
        {
            "D": "201401",
            "TV": 0.0,
            "AUP": 8648.0,
            "TV_p": 0.0,
            "AUP_p": 0.0
        },
        {
            "D": "201402",
            "TV": 0.0,
            "AUP": 8648.0,
            "TV_p": 0.0,
            "AUP_p": 0.0
        },
        {
            "D": "201403",
            "TV": 0.0,
            "AUP": 8648.0,
            "TV_p": 0.0,
            "AUP_p": 0.0
        },
        {
            "D": "201404",
            "TV": 1.0,
            "AUP": 8801.0,
            "TV_p": 0.0,
            "AUP_p": 1.7691951896392228
        },
        {
            "D": "201405",
            "TV": 0.0,
            "AUP": 8801.0,
            "TV_p": 0.0,
            "AUP_p": 0.0
        },
        {
            "D": "201406",
            "TV": 0.0,
            "AUP": 8801.0,
            "TV_p": 0.0,
            "AUP_p": 0.0
        },
        {
            "D": "201407",
            "TV": 0.0,
            "AUP": 8801.0,
            "TV_p": 0.0,
            "AUP_p": 0.0
        },
        {
            "D": "201408",
            "TV": 1.0,
            "AUP": 9046.0,
            "TV_p": 0.0,
            "AUP_p": 2.7837745710714694
        },
        {
            "D": "201409",
            "TV": 0.0,
            "AUP": 9046.0,
            "TV_p": 0.0,
            "AUP_p": 0.0
        },
        {
            "D": "201410",
            "TV": 0.0,
            "AUP": 9046.0,
            "TV_p": 0.0,
            "AUP_p": 0.0
        },
        {
            "D": "201411",
            "TV": 0.0,
            "AUP": 9046.0,
            "TV_p": 0.0,
            "AUP_p": 0.0
        },
        {
            "D": "201412",
            "TV": 0.0,
            "AUP": 9046.0,
            "TV_p": 0.0,
            "AUP_p": 0.0
        },
        {
            "D": "201501",
            "TV": 0.0,
            "AUP": 9046.0,
            "TV_p": 0.0,
            "AUP_p": 0.0
        },
        {
            "D": "201502",
            "TV": 1.0,
            "AUP": 11148.0,
            "TV_p": 0.0,
            "AUP_p": 23.23678974132213
        },
        {
            "D": "201503",
            "TV": 0.0,
            "AUP": 11148.0,
            "TV_p": 0.0,
            "AUP_p": 0.0
        },
        {
            "D": "201504",
            "TV": 0.0,
            "AUP": 11148.0,
            "TV_p": 0.0,
            "AUP_p": 0.0
        },
        {
            "D": "201505",
            "TV": 0.0,
            "AUP": 11148.0,
            "TV_p": 0.0,
            "AUP_p": 0.0
        },
        {
            "D": "201506",
            "TV": 0.0,
            "AUP": 11148.0,
            "TV_p": 0.0,
            "AUP_p": 0.0
        },
        {
            "D": "201507",
            "TV": 0.0,
            "AUP": 11148.0,
            "TV_p": 0.0,
            "AUP_p": 0.0
        },
        {
            "D": "201508",
            "TV": 1.0,
            "AUP": 12126.0,
            "TV_p": 0.0,
            "AUP_p": 8.772874058127018
        },
        {
            "D": "201509",
            "TV": 0.0,
            "AUP": 12126.0,
            "TV_p": 0.0,
            "AUP_p": 0.0
        },
        {
            "D": "201510",
            "TV": 0.0,
            "AUP": 12126.0,
            "TV_p": 0.0,
            "AUP_p": 0.0
        },
        {
            "D": "201511",
            "TV": 1.0,
            "AUP": 11366.0,
            "TV_p": 0.0,
            "AUP_p": -6.2675243278904835
        },
        {
            "D": "201512",
            "TV": 1.0,
            "AUP": 9535.0,
            "TV_p": 0.0,
            "AUP_p": -16.10944923455921
        },
        {
            "D": "201601",
            "TV": 0.0,
            "AUP": 9535.0,
            "TV_p": 0.0,
            "AUP_p": 0.0
        },
        {
            "D": "201602",
            "TV": 1.0,
            "AUP": 11020.0,
            "TV_p": 0.0,
            "AUP_p": 15.57420031463031
        },
        {
            "D": "201603",
            "TV": 0.0,
            "AUP": 11020.0,
            "TV_p": 0.0,
            "AUP_p": 0.0
        },
        {
            "D": "201604",
            "TV": 1.0,
            "AUP": 10377.0,
            "TV_p": 0.0,
            "AUP_p": -5.834845735027224
        },
        {
            "D": "201605",
            "TV": 0.0,
            "AUP": 10377.0,
            "TV_p": 0.0,
            "AUP_p": 0.0
        },
        {
            "D": "201606",
            "TV": 0.0,
            "AUP": 10377.0,
            "TV_p": 0.0,
            "AUP_p": 0.0
        },
        {
            "D": "201607",
            "TV": 0.0,
            "AUP": 10377.0,
            "TV_p": 0.0,
            "AUP_p": 0.0
        },
        {
            "D": "201608",
            "TV": 0.0,
            "AUP": 10377.0,
            "TV_p": 0.0,
            "AUP_p": 0.0
        },
        {
            "D": "201609",
            "TV": 0.0,
            "AUP": 10377.0,
            "TV_p": 0.0,
            "AUP_p": 0.0
        },
        {
            "D": "201610",
            "TV": 0.0,
            "AUP": 10377.0,
            "TV_p": 0.0,
            "AUP_p": 0.0
        },
        {
            "D": "201611",
            "TV": 1.0,
            "AUP": 11613.0,
            "TV_p": 0.0,
            "AUP_p": 11.910956923966465
        },
        {
            "D": "201612",
            "TV": 0.0,
            "AUP": 11613.0,
            "TV_p": 0.0,
            "AUP_p": 0.0
        },
        {
            "D": "201701",
            "TV": 0.0,
            "AUP": 11613.0,
            "TV_p": 0.0,
            "AUP_p": 0.0
        },
        {
            "D": "201702",
            "TV": 0.0,
            "AUP": 11613.0,
            "TV_p": 0.0,
            "AUP_p": 0.0
        },
        {
            "D": "201703",
            "TV": 0.0,
            "AUP": 11613.0,
            "TV_p": 0.0,
            "AUP_p": 0.0
        },
        {
            "D": "201704",
            "TV": 0.0,
            "AUP": 11613.0,
            "TV_p": 0.0,
            "AUP_p": 0.0
        },
        {
            "D": "201705",
            "TV": 0.0,
            "AUP": 11613.0,
            "TV_p": 0.0,
            "AUP_p": 0.0
        },
        {
            "D": "201706",
            "TV": 0.0,
            "AUP": 11613.0,
            "TV_p": 0.0,
            "AUP_p": 0.0
        },
        {
            "D": "201707",
            "TV": 0.0,
            "AUP": 11613.0,
            "TV_p": 0.0,
            "AUP_p": 0.0
        },
        {
            "D": "201708",
            "TV": 0.0,
            "AUP": 11613.0,
            "TV_p": 0.0,
            "AUP_p": 0.0
        },
        {
            "D": "201709",
            "TV": 1.0,
            "AUP": 12224.0,
            "TV_p": 0.0,
            "AUP_p": 5.261345044346853
        },
        {
            "D": "201710",
            "TV": 0.0,
            "AUP": 12224.0,
            "TV_p": 0.0,
            "AUP_p": 0.0
        },
        {
            "D": "201711",
            "TV": 0.0,
            "AUP": 12224.0,
            "TV_p": 0.0,
            "AUP_p": 0.0
        },
        {
            "D": "201712",
            "TV": 0.0,
            "AUP": 12224.0,
            "TV_p": 0.0,
            "AUP_p": 0.0
        },
        {
            "D": "201801",
            "TV": 0.0,
            "AUP": 12224.0,
            "TV_p": 0.0,
            "AUP_p": 0.0
        },
        {
            "D": "201802",
            "TV": 2.0,
            "AUP": 13593.5,
            "TV_p": 0.0,
            "AUP_p": 11.203370418848166
        },
        {
            "D": "201803",
            "TV": 1.0,
            "AUP": 14578.0,
            "TV_p": -50.0,
            "AUP_p": 7.242432044727259
        },
        {
            "D": "201804",
            "TV": 2.0,
            "AUP": 14864.5,
            "TV_p": 100.0,
            "AUP_p": 1.9652901632597066
        },
        {
            "D": "201805",
            "TV": 1.0,
            "AUP": 14627.0,
            "TV_p": -50.0,
            "AUP_p": -1.5977664906320428
        },
        {
            "D": "201806",
            "TV": 0.0,
            "AUP": 14627.0,
            "TV_p": 0.0,
            "AUP_p": 0.0
        },
        {
            "D": "201807",
            "TV": 0.0,
            "AUP": 14627.0,
            "TV_p": 0.0,
            "AUP_p": 0.0
        },
        {
            "D": "201808",
            "TV": 0.0,
            "AUP": 14627.0,
            "TV_p": 0.0,
            "AUP_p": 0.0
        },
        {
            "D": "201809",
            "TV": 0.0,
            "AUP": 14627.0,
            "TV_p": 0.0,
            "AUP_p": 0.0
        },
        {
            "D": "201810",
            "TV": 0.0,
            "AUP": 14627.0,
            "TV_p": 0.0,
            "AUP_p": 0.0
        },
        {
            "D": "201811",
            "TV": 1.0,
            "AUP": 14669.0,
            "TV_p": 0.0,
            "AUP_p": 0.28714022014083546
        },
        {
            "D": "201812",
            "TV": 0.0,
            "AUP": 14669.0,
            "TV_p": 0.0,
            "AUP_p": 0.0
        },
        {
            "D": "201901",
            "TV": 0.0,
            "AUP": 14669.0,
            "TV_p": 0.0,
            "AUP_p": 0.0
        },
        {
            "D": "201902",
            "TV": 0.0,
            "AUP": 14669.0,
            "TV_p": 0.0,
            "AUP_p": 0.0
        },
        {
            "D": "201903",
            "TV": 0.0,
            "AUP": 14669.0,
            "TV_p": 0.0,
            "AUP_p": 0.0
        },
        {
            "D": "201904",
            "TV": 0.0,
            "AUP": 14669.0,
            "TV_p": 0.0,
            "AUP_p": 0.0
        },
        {
            "D": "201905",
            "TV": 0.0,
            "AUP": 14669.0,
            "TV_p": 0.0,
            "AUP_p": 0.0
        },
        {
            "D": "201906",
            "TV": 0.0,
            "AUP": 14669.0,
            "TV_p": 0.0,
            "AUP_p": 0.0
        },
        {
            "D": "201907",
            "TV": 0.0,
            "AUP": 14669.0,
            "TV_p": 0.0,
            "AUP_p": 0.0
        },
        {
            "D": "201908",
            "TV": 0.0,
            "AUP": 14669.0,
            "TV_p": 0.0,
            "AUP_p": 0.0
        },
        {
            "D": "201909",
            "TV": 0.0,
            "AUP": 14669.0,
            "TV_p": 0.0,
            "AUP_p": 0.0
        },
        {
            "D": "201910",
            "TV": 0.0,
            "AUP": 14669.0,
            "TV_p": 0.0,
            "AUP_p": 0.0
        },
        {
            "D": "201911",
            "TV": 0.0,
            "AUP": 14669.0,
            "TV_p": 0.0,
            "AUP_p": 0.0
        },
        {
            "D": "201912",
            "TV": 1.0,
            "AUP": 15842.0,
            "TV_p": 0.0,
            "AUP_p": 7.996455109414412
        },
        {
            "D": "202001",
            "TV": 0.0,
            "AUP": 15842.0,
            "TV_p": 0.0,
            "AUP_p": 0.0
        },
        {
            "D": "202002",
            "TV": 0.0,
            "AUP": 15842.0,
            "TV_p": 0.0,
            "AUP_p": 0.0
        },
        {
            "D": "202003",
            "TV": 0.0,
            "AUP": 15842.0,
            "TV_p": 0.0,
            "AUP_p": 0.0
        },
        {
            "D": "202004",
            "TV": 0.0,
            "AUP": 15842.0,
            "TV_p": 0.0,
            "AUP_p": 0.0
        },
        {
            "D": "202005",
            "TV": 1.0,
            "AUP": 16584.0,
            "TV_p": 0.0,
            "AUP_p": 4.683752051508648
        },
        {
            "D": "202006",
            "TV": 0.0,
            "AUP": 16584.0,
            "TV_p": 0.0,
            "AUP_p": 0.0
        },
        {
            "D": "202007",
            "TV": 0.0,
            "AUP": 16584.0,
            "TV_p": 0.0,
            "AUP_p": 0.0
        },
        {
            "D": "202008",
            "TV": 0.0,
            "AUP": 16584.0,
            "TV_p": 0.0,
            "AUP_p": 0.0
        },
        {
            "D": "202009",
            "TV": 0.0,
            "AUP": 16584.0,
            "TV_p": 0.0,
            "AUP_p": 0.0
        },
        {
            "D": "202010",
            "TV": 0.0,
            "AUP": 16584.0,
            "TV_p": 0.0,
            "AUP_p": 0.0
        },
        {
            "D": "202011",
            "TV": 1.0,
            "AUP": 14851.0,
            "TV_p": 0.0,
            "AUP_p": -10.44983116256633
        },
        {
            "D": "202012",
            "TV": 0.0,
            "AUP": 14851.0,
            "TV_p": 0.0,
            "AUP_p": 0.0
        },
        {
            "D": "202101",
            "TV": 0.0,
            "AUP": 14851.0,
            "TV_p": 0.0,
            "AUP_p": 0.0
        },
        {
            "D": "202102",
            "TV": 0.0,
            "AUP": 14851.0,
            "TV_p": 0.0,
            "AUP_p": 0.0
        },
        {
            "D": "202103",
            "TV": 1.0,
            "AUP": 14851.0,
            "TV_p": 0.0,
            "AUP_p": 0.0
        },
        {
            "D": "202104",
            "TV": 1.0,
            "AUP": 14604.0,
            "TV_p": 0.0,
            "AUP_p": -1.6631876641303616
        },
        {
            "D": "202105",
            "TV": 0.0,
            "AUP": 14604.0,
            "TV_p": 0.0,
            "AUP_p": 0.0
        },
        {
            "D": "202106",
            "TV": 0.0,
            "AUP": 14604.0,
            "TV_p": 0.0,
            "AUP_p": 0.0
        },
        {
            "D": "202107",
            "TV": 0.0,
            "AUP": 14604.0,
            "TV_p": 0.0,
            "AUP_p": 0.0
        },
        {
            "D": "202108",
            "TV": 0.0,
            "AUP": 14604.0,
            "TV_p": 0.0,
            "AUP_p": 0.0
        },
        {
            "D": "202109",
            "TV": 0.0,
            "AUP": 14604.0,
            "TV_p": 0.0,
            "AUP_p": 0.0
        },
        {
            "D": "202110",
            "TV": 0.0,
            "AUP": 14604.0,
            "TV_p": 0.0,
            "AUP_p": 0.0
        },
        {
            "D": "202111",
            "TV": 0.0,
            "AUP": 14604.0,
            "TV_p": 0.0,
            "AUP_p": 0.0
        },
        {
            "D": "202112",
            "TV": 0.0,
            "AUP": 14604.0,
            "TV_p": 0.0,
            "AUP_p": 0.0
        },
        {
            "D": "202201",
            "TV": 1.0,
            "AUP": 14390.0,
            "TV_p": 0.0,
            "AUP_p": -1.4653519583675705
        },
        {
            "D": "202202",
            "TV": 0.0,
            "AUP": 14390.0,
            "TV_p": 0.0,
            "AUP_p": 0.0
        },
        {
            "D": "202203",
            "TV": 0.0,
            "AUP": 14390.0,
            "TV_p": 0.0,
            "AUP_p": 0.0
        },
        {
            "D": "202204",
            "TV": 0.0,
            "AUP": 14390.0,
            "TV_p": 0.0,
            "AUP_p": 0.0
        },
        {
            "D": "202205",
            "TV": 0.0,
            "AUP": 14390.0,
            "TV_p": 0.0,
            "AUP_p": 0.0
        },
        {
            "D": "202206",
            "TV": 1.0,
            "AUP": 15099.0,
            "TV_p": 0.0,
            "AUP_p": 4.927032661570535
        },
        {
            "D": "202207",
            "TV": 0.0,
            "AUP": 15099.0,
            "TV_p": 0.0,
            "AUP_p": 0.0
        },
        {
            "D": "202208",
            "TV": 0.0,
            "AUP": 15099.0,
            "TV_p": 0.0,
            "AUP_p": 0.0
        },
        {
            "D": "202209",
            "TV": 0.0,
            "AUP": 15099.0,
            "TV_p": 0.0,
            "AUP_p": 0.0
        },
        {
            "D": "202210",
            "TV": 0.0,
            "AUP": 15099.0,
            "TV_p": 0.0,
            "AUP_p": 0.0
        },
        {
            "D": "202211",
            "TV": 0.0,
            "AUP": 15099.0,
            "TV_p": 0.0,
            "AUP_p": 0.0
        },
        {
            "D": "202212",
            "TV": 0.0,
            "AUP": 15099.0,
            "TV_p": 0.0,
            "AUP_p": 0.0
        },
        {
            "D": "202301",
            "TV": 0.0,
            "AUP": 15099.0,
            "TV_p": 0.0,
            "AUP_p": 0.0
        },
        {
            "D": "202302",
            "TV": 0.0,
            "AUP": 15099.0,
            "TV_p": 0.0,
            "AUP_p": 0.0
        },
        {
            "D": "202303",
            "TV": 0.0,
            "AUP": 15099.0,
            "TV_p": 0.0,
            "AUP_p": 0.0
        },
        {
            "D": "202304",
            "TV": 0.0,
            "AUP": 15099.0,
            "TV_p": 0.0,
            "AUP_p": 0.0
        },
        {
            "D": "202305",
            "TV": 0.0,
            "AUP": 15099.0,
            "TV_p": 0.0,
            "AUP_p": 0.0
        },
        {
            "D": "202306",
            "TV": 0.0,
            "AUP": 15099.0,
            "TV_p": 0.0,
            "AUP_p": 0.0
        },
        {
            "D": "202307",
            "TV": 0.0,
            "AUP": 15099.0,
            "TV_p": 0.0,
            "AUP_p": 0.0
        },
        {
            "D": "202308",
            "TV": 0.0,
            "AUP": 15099.0,
            "TV_p": 0.0,
            "AUP_p": 0.0
        },
        {
            "D": "202309",
            "TV": 0.0,
            "AUP": 15099.0,
            "TV_p": 0.0,
            "AUP_p": 0.0
        },
        {
            "D": "202310",
            "TV": 0.0,
            "AUP": 15099.0,
            "TV_p": 0.0,
            "AUP_p": 0.0
        },
        {
            "D": "202311",
            "TV": 0.0,
            "AUP": 15099.0,
            "TV_p": 0.0,
            "AUP_p": 0.0
        },
        {
            "D": "202312",
            "TV": 0.0,
            "AUP": 15099.0,
            "TV_p": 0.0,
            "AUP_p": 0.0
        },
        {
            "D": "202401",
            "TV": 0.0,
            "AUP": 15099.0,
            "TV_p": 0.0,
            "AUP_p": 0.0
        },
        {
            "D": "202402",
            "TV": 0.0,
            "AUP": 15099.0,
            "TV_p": 0.0,
            "AUP_p": 0.0
        },
        {
            "D": "202403",
            "TV": 0.0,
            "AUP": 15099.0,
            "TV_p": 0.0,
            "AUP_p": 0.0
        },
        {
            "D": "202404",
            "TV": 0.0,
            "AUP": 15099.0,
            "TV_p": 0.0,
            "AUP_p": 0.0
        },
        {
            "D": "202405",
            "TV": 0.0,
            "AUP": 15099.0,
            "TV_p": 0.0,
            "AUP_p": 0.0
        },
        {
            "D": "202406",
            "TV": 0.0,
            "AUP": 15099.0,
            "TV_p": 0.0,
            "AUP_p": 0.0
        },
        {
            "D": "202407",
            "TV": 0.0,
            "AUP": 15099.0,
            "TV_p": 0.0,
            "AUP_p": 0.0
        }
    ],
    "MinDate": "199601",
    "MaxDate": "202407"
}