{
    "List": [
        {
            "D": "199601",
            "TV": 0.0,
            "AUP": 3880.0,
            "TV_p": 0.0,
            "AUP_p": 0.0
        },
        {
            "D": "199602",
            "TV": 0.0,
            "AUP": 3880.0,
            "TV_p": 0.0,
            "AUP_p": 0.0
        },
        {
            "D": "199603",
            "TV": 1.0,
            "AUP": 3835.0,
            "TV_p": 0.0,
            "AUP_p": -1.1597938144329898
        },
        {
            "D": "199604",
            "TV": 0.0,
            "AUP": 3835.0,
            "TV_p": 0.0,
            "AUP_p": 0.0
        },
        {
            "D": "199605",
            "TV": 3.0,
            "AUP": 3701.667,
            "TV_p": 0.0,
            "AUP_p": -3.476749256844848
        },
        {
            "D": "199606",
            "TV": 0.0,
            "AUP": 3701.667,
            "TV_p": 0.0,
            "AUP_p": 0.0
        },
        {
            "D": "199607",
            "TV": 0.0,
            "AUP": 3701.667,
            "TV_p": 0.0,
            "AUP_p": 0.0
        },
        {
            "D": "199608",
            "TV": 1.0,
            "AUP": 3949.0,
            "TV_p": 0.0,
            "AUP_p": 6.6816749404199305
        },
        {
            "D": "199609",
            "TV": 0.0,
            "AUP": 3949.0,
            "TV_p": 0.0,
            "AUP_p": 0.0
        },
        {
            "D": "199610",
            "TV": 0.0,
            "AUP": 3949.0,
            "TV_p": 0.0,
            "AUP_p": 0.0
        },
        {
            "D": "199611",
            "TV": 3.0,
            "AUP": 4238.333,
            "TV_p": 0.0,
            "AUP_p": 7.326749379589758
        },
        {
            "D": "199612",
            "TV": 1.0,
            "AUP": 4758.0,
            "TV_p": -66.66666666666666,
            "AUP_p": 12.261108935293846
        },
        {
            "D": "199701",
            "TV": 2.0,
            "AUP": 3795.5,
            "TV_p": 100.0,
            "AUP_p": -20.22908785203867
        },
        {
            "D": "199702",
            "TV": 1.0,
            "AUP": 4489.0,
            "TV_p": -50.0,
            "AUP_p": 18.271637465419577
        },
        {
            "D": "199703",
            "TV": 0.0,
            "AUP": 4489.0,
            "TV_p": 0.0,
            "AUP_p": 0.0
        },
        {
            "D": "199704",
            "TV": 2.0,
            "AUP": 4947.0,
            "TV_p": 0.0,
            "AUP_p": 10.202717754511028
        },
        {
            "D": "199705",
            "TV": 1.0,
            "AUP": 5234.0,
            "TV_p": -50.0,
            "AUP_p": 5.801495856074388
        },
        {
            "D": "199706",
            "TV": 0.0,
            "AUP": 5234.0,
            "TV_p": 0.0,
            "AUP_p": 0.0
        },
        {
            "D": "199707",
            "TV": 2.0,
            "AUP": 5820.5,
            "TV_p": 0.0,
            "AUP_p": 11.205578907145588
        },
        {
            "D": "199708",
            "TV": 1.0,
            "AUP": 4758.0,
            "TV_p": -50.0,
            "AUP_p": -18.254445494373336
        },
        {
            "D": "199709",
            "TV": 0.0,
            "AUP": 4758.0,
            "TV_p": 0.0,
            "AUP_p": 0.0
        },
        {
            "D": "199710",
            "TV": 0.0,
            "AUP": 4758.0,
            "TV_p": 0.0,
            "AUP_p": 0.0
        },
        {
            "D": "199711",
            "TV": 0.0,
            "AUP": 4758.0,
            "TV_p": 0.0,
            "AUP_p": 0.0
        },
        {
            "D": "199712",
            "TV": 0.0,
            "AUP": 4758.0,
            "TV_p": 0.0,
            "AUP_p": 0.0
        },
        {
            "D": "199801",
            "TV": 0.0,
            "AUP": 4758.0,
            "TV_p": 0.0,
            "AUP_p": 0.0
        },
        {
            "D": "199802",
            "TV": 0.0,
            "AUP": 4758.0,
            "TV_p": 0.0,
            "AUP_p": 0.0
        },
        {
            "D": "199803",
            "TV": 0.0,
            "AUP": 4758.0,
            "TV_p": 0.0,
            "AUP_p": 0.0
        },
        {
            "D": "199804",
            "TV": 1.0,
            "AUP": 4318.0,
            "TV_p": 0.0,
            "AUP_p": -9.247583018074822
        },
        {
            "D": "199805",
            "TV": 0.0,
            "AUP": 4318.0,
            "TV_p": 0.0,
            "AUP_p": 0.0
        },
        {
            "D": "199806",
            "TV": 0.0,
            "AUP": 4318.0,
            "TV_p": 0.0,
            "AUP_p": 0.0
        },
        {
            "D": "199807",
            "TV": 1.0,
            "AUP": 3977.0,
            "TV_p": 0.0,
            "AUP_p": -7.897174617878648
        },
        {
            "D": "199808",
            "TV": 0.0,
            "AUP": 3977.0,
            "TV_p": 0.0,
            "AUP_p": 0.0
        },
        {
            "D": "199809",
            "TV": 0.0,
            "AUP": 3977.0,
            "TV_p": 0.0,
            "AUP_p": 0.0
        },
        {
            "D": "199810",
            "TV": 0.0,
            "AUP": 3977.0,
            "TV_p": 0.0,
            "AUP_p": 0.0
        },
        {
            "D": "199811",
            "TV": 0.0,
            "AUP": 3977.0,
            "TV_p": 0.0,
            "AUP_p": 0.0
        },
        {
            "D": "199812",
            "TV": 0.0,
            "AUP": 3977.0,
            "TV_p": 0.0,
            "AUP_p": 0.0
        },
        {
            "D": "199901",
            "TV": 1.0,
            "AUP": 3921.0,
            "TV_p": 0.0,
            "AUP_p": -1.4080965551923559
        },
        {
            "D": "199902",
            "TV": 0.0,
            "AUP": 3921.0,
            "TV_p": 0.0,
            "AUP_p": 0.0
        },
        {
            "D": "199903",
            "TV": 0.0,
            "AUP": 3921.0,
            "TV_p": 0.0,
            "AUP_p": 0.0
        },
        {
            "D": "199904",
            "TV": 0.0,
            "AUP": 3921.0,
            "TV_p": 0.0,
            "AUP_p": 0.0
        },
        {
            "D": "199905",
            "TV": 0.0,
            "AUP": 3921.0,
            "TV_p": 0.0,
            "AUP_p": 0.0
        },
        {
            "D": "199906",
            "TV": 1.0,
            "AUP": 3682.0,
            "TV_p": 0.0,
            "AUP_p": -6.095383830655445
        },
        {
            "D": "199907",
            "TV": 0.0,
            "AUP": 3682.0,
            "TV_p": 0.0,
            "AUP_p": 0.0
        },
        {
            "D": "199908",
            "TV": 1.0,
            "AUP": 2926.0,
            "TV_p": 0.0,
            "AUP_p": -20.53231939163498
        },
        {
            "D": "199909",
            "TV": 2.0,
            "AUP": 3196.0,
            "TV_p": 100.0,
            "AUP_p": 9.227614490772385
        },
        {
            "D": "199910",
            "TV": 0.0,
            "AUP": 3196.0,
            "TV_p": 0.0,
            "AUP_p": 0.0
        },
        {
            "D": "199911",
            "TV": 0.0,
            "AUP": 3196.0,
            "TV_p": 0.0,
            "AUP_p": 0.0
        },
        {
            "D": "199912",
            "TV": 0.0,
            "AUP": 3196.0,
            "TV_p": 0.0,
            "AUP_p": 0.0
        },
        {
            "D": "200001",
            "TV": 0.0,
            "AUP": 3196.0,
            "TV_p": 0.0,
            "AUP_p": 0.0
        },
        {
            "D": "200002",
            "TV": 0.0,
            "AUP": 3196.0,
            "TV_p": 0.0,
            "AUP_p": 0.0
        },
        {
            "D": "200003",
            "TV": 0.0,
            "AUP": 3196.0,
            "TV_p": 0.0,
            "AUP_p": 0.0
        },
        {
            "D": "200004",
            "TV": 0.0,
            "AUP": 3196.0,
            "TV_p": 0.0,
            "AUP_p": 0.0
        },
        {
            "D": "200005",
            "TV": 0.0,
            "AUP": 3196.0,
            "TV_p": 0.0,
            "AUP_p": 0.0
        },
        {
            "D": "200006",
            "TV": 0.0,
            "AUP": 3196.0,
            "TV_p": 0.0,
            "AUP_p": 0.0
        },
        {
            "D": "200007",
            "TV": 0.0,
            "AUP": 3196.0,
            "TV_p": 0.0,
            "AUP_p": 0.0
        },
        {
            "D": "200008",
            "TV": 0.0,
            "AUP": 3196.0,
            "TV_p": 0.0,
            "AUP_p": 0.0
        },
        {
            "D": "200009",
            "TV": 0.0,
            "AUP": 3196.0,
            "TV_p": 0.0,
            "AUP_p": 0.0
        },
        {
            "D": "200010",
            "TV": 0.0,
            "AUP": 3196.0,
            "TV_p": 0.0,
            "AUP_p": 0.0
        },
        {
            "D": "200011",
            "TV": 0.0,
            "AUP": 3196.0,
            "TV_p": 0.0,
            "AUP_p": 0.0
        },
        {
            "D": "200012",
            "TV": 0.0,
            "AUP": 3196.0,
            "TV_p": 0.0,
            "AUP_p": 0.0
        },
        {
            "D": "200101",
            "TV": 0.0,
            "AUP": 3196.0,
            "TV_p": 0.0,
            "AUP_p": 0.0
        },
        {
            "D": "200102",
            "TV": 0.0,
            "AUP": 3196.0,
            "TV_p": 0.0,
            "AUP_p": 0.0
        },
        {
            "D": "200103",
            "TV": 0.0,
            "AUP": 3196.0,
            "TV_p": 0.0,
            "AUP_p": 0.0
        },
        {
            "D": "200104",
            "TV": 0.0,
            "AUP": 3196.0,
            "TV_p": 0.0,
            "AUP_p": 0.0
        },
        {
            "D": "200105",
            "TV": 0.0,
            "AUP": 3196.0,
            "TV_p": 0.0,
            "AUP_p": 0.0
        },
        {
            "D": "200106",
            "TV": 0.0,
            "AUP": 3196.0,
            "TV_p": 0.0,
            "AUP_p": 0.0
        },
        {
            "D": "200107",
            "TV": 0.0,
            "AUP": 3196.0,
            "TV_p": 0.0,
            "AUP_p": 0.0
        },
        {
            "D": "200108",
            "TV": 0.0,
            "AUP": 3196.0,
            "TV_p": 0.0,
            "AUP_p": 0.0
        },
        {
            "D": "200109",
            "TV": 1.0,
            "AUP": 2351.0,
            "TV_p": 0.0,
            "AUP_p": -26.43929912390488
        },
        {
            "D": "200110",
            "TV": 1.0,
            "AUP": 2492.0,
            "TV_p": 0.0,
            "AUP_p": 5.997447894512973
        },
        {
            "D": "200111",
            "TV": 1.0,
            "AUP": 2273.0,
            "TV_p": 0.0,
            "AUP_p": -8.78812199036918
        },
        {
            "D": "200112",
            "TV": 0.0,
            "AUP": 2273.0,
            "TV_p": 0.0,
            "AUP_p": 0.0
        },
        {
            "D": "200201",
            "TV": 0.0,
            "AUP": 2273.0,
            "TV_p": 0.0,
            "AUP_p": 0.0
        },
        {
            "D": "200202",
            "TV": 0.0,
            "AUP": 2273.0,
            "TV_p": 0.0,
            "AUP_p": 0.0
        },
        {
            "D": "200203",
            "TV": 1.0,
            "AUP": 2408.0,
            "TV_p": 0.0,
            "AUP_p": 5.9392872855257375
        },
        {
            "D": "200204",
            "TV": 0.0,
            "AUP": 2408.0,
            "TV_p": 0.0,
            "AUP_p": 0.0
        },
        {
            "D": "200205",
            "TV": 1.0,
            "AUP": 2429.0,
            "TV_p": 0.0,
            "AUP_p": 0.872093023255814
        },
        {
            "D": "200206",
            "TV": 0.0,
            "AUP": 2429.0,
            "TV_p": 0.0,
            "AUP_p": 0.0
        },
        {
            "D": "200207",
            "TV": 0.0,
            "AUP": 2429.0,
            "TV_p": 0.0,
            "AUP_p": 0.0
        },
        {
            "D": "200208",
            "TV": 0.0,
            "AUP": 2429.0,
            "TV_p": 0.0,
            "AUP_p": 0.0
        },
        {
            "D": "200209",
            "TV": 0.0,
            "AUP": 2429.0,
            "TV_p": 0.0,
            "AUP_p": 0.0
        },
        {
            "D": "200210",
            "TV": 0.0,
            "AUP": 2429.0,
            "TV_p": 0.0,
            "AUP_p": 0.0
        },
        {
            "D": "200211",
            "TV": 0.0,
            "AUP": 2429.0,
            "TV_p": 0.0,
            "AUP_p": 0.0
        },
        {
            "D": "200212",
            "TV": 0.0,
            "AUP": 2429.0,
            "TV_p": 0.0,
            "AUP_p": 0.0
        },
        {
            "D": "200301",
            "TV": 0.0,
            "AUP": 2429.0,
            "TV_p": 0.0,
            "AUP_p": 0.0
        },
        {
            "D": "200302",
            "TV": 0.0,
            "AUP": 2429.0,
            "TV_p": 0.0,
            "AUP_p": 0.0
        },
        {
            "D": "200303",
            "TV": 0.0,
            "AUP": 2429.0,
            "TV_p": 0.0,
            "AUP_p": 0.0
        },
        {
            "D": "200304",
            "TV": 0.0,
            "AUP": 2429.0,
            "TV_p": 0.0,
            "AUP_p": 0.0
        },
        {
            "D": "200305",
            "TV": 0.0,
            "AUP": 2429.0,
            "TV_p": 0.0,
            "AUP_p": 0.0
        },
        {
            "D": "200306",
            "TV": 0.0,
            "AUP": 2429.0,
            "TV_p": 0.0,
            "AUP_p": 0.0
        },
        {
            "D": "200307",
            "TV": 0.0,
            "AUP": 2429.0,
            "TV_p": 0.0,
            "AUP_p": 0.0
        },
        {
            "D": "200308",
            "TV": 0.0,
            "AUP": 2429.0,
            "TV_p": 0.0,
            "AUP_p": 0.0
        },
        {
            "D": "200309",
            "TV": 0.0,
            "AUP": 2429.0,
            "TV_p": 0.0,
            "AUP_p": 0.0
        },
        {
            "D": "200310",
            "TV": 0.0,
            "AUP": 2429.0,
            "TV_p": 0.0,
            "AUP_p": 0.0
        },
        {
            "D": "200311",
            "TV": 0.0,
            "AUP": 2429.0,
            "TV_p": 0.0,
            "AUP_p": 0.0
        },
        {
            "D": "200312",
            "TV": 0.0,
            "AUP": 2429.0,
            "TV_p": 0.0,
            "AUP_p": 0.0
        },
        {
            "D": "200401",
            "TV": 0.0,
            "AUP": 2429.0,
            "TV_p": 0.0,
            "AUP_p": 0.0
        },
        {
            "D": "200402",
            "TV": 0.0,
            "AUP": 2429.0,
            "TV_p": 0.0,
            "AUP_p": 0.0
        },
        {
            "D": "200403",
            "TV": 0.0,
            "AUP": 2429.0,
            "TV_p": 0.0,
            "AUP_p": 0.0
        },
        {
            "D": "200404",
            "TV": 0.0,
            "AUP": 2429.0,
            "TV_p": 0.0,
            "AUP_p": 0.0
        },
        {
            "D": "200405",
            "TV": 0.0,
            "AUP": 2429.0,
            "TV_p": 0.0,
            "AUP_p": 0.0
        },
        {
            "D": "200406",
            "TV": 1.0,
            "AUP": 2301.0,
            "TV_p": 0.0,
            "AUP_p": -5.269658295594895
        },
        {
            "D": "200407",
            "TV": 0.0,
            "AUP": 2301.0,
            "TV_p": 0.0,
            "AUP_p": 0.0
        },
        {
            "D": "200408",
            "TV": 0.0,
            "AUP": 2301.0,
            "TV_p": 0.0,
            "AUP_p": 0.0
        },
        {
            "D": "200409",
            "TV": 0.0,
            "AUP": 2301.0,
            "TV_p": 0.0,
            "AUP_p": 0.0
        },
        {
            "D": "200410",
            "TV": 0.0,
            "AUP": 2301.0,
            "TV_p": 0.0,
            "AUP_p": 0.0
        },
        {
            "D": "200411",
            "TV": 0.0,
            "AUP": 2301.0,
            "TV_p": 0.0,
            "AUP_p": 0.0
        },
        {
            "D": "200412",
            "TV": 0.0,
            "AUP": 2301.0,
            "TV_p": 0.0,
            "AUP_p": 0.0
        },
        {
            "D": "200501",
            "TV": 1.0,
            "AUP": 2216.0,
            "TV_p": 0.0,
            "AUP_p": -3.694046066927423
        },
        {
            "D": "200502",
            "TV": 0.0,
            "AUP": 2216.0,
            "TV_p": 0.0,
            "AUP_p": 0.0
        },
        {
            "D": "200503",
            "TV": 0.0,
            "AUP": 2216.0,
            "TV_p": 0.0,
            "AUP_p": 0.0
        },
        {
            "D": "200504",
            "TV": 0.0,
            "AUP": 2216.0,
            "TV_p": 0.0,
            "AUP_p": 0.0
        },
        {
            "D": "200505",
            "TV": 1.0,
            "AUP": 1885.0,
            "TV_p": 0.0,
            "AUP_p": -14.936823104693142
        },
        {
            "D": "200506",
            "TV": 0.0,
            "AUP": 1885.0,
            "TV_p": 0.0,
            "AUP_p": 0.0
        },
        {
            "D": "200507",
            "TV": 0.0,
            "AUP": 1885.0,
            "TV_p": 0.0,
            "AUP_p": 0.0
        },
        {
            "D": "200508",
            "TV": 0.0,
            "AUP": 1885.0,
            "TV_p": 0.0,
            "AUP_p": 0.0
        },
        {
            "D": "200509",
            "TV": 0.0,
            "AUP": 1885.0,
            "TV_p": 0.0,
            "AUP_p": 0.0
        },
        {
            "D": "200510",
            "TV": 0.0,
            "AUP": 1885.0,
            "TV_p": 0.0,
            "AUP_p": 0.0
        },
        {
            "D": "200511",
            "TV": 0.0,
            "AUP": 1885.0,
            "TV_p": 0.0,
            "AUP_p": 0.0
        },
        {
            "D": "200512",
            "TV": 0.0,
            "AUP": 1885.0,
            "TV_p": 0.0,
            "AUP_p": 0.0
        },
        {
            "D": "200601",
            "TV": 0.0,
            "AUP": 1885.0,
            "TV_p": 0.0,
            "AUP_p": 0.0
        },
        {
            "D": "200602",
            "TV": 0.0,
            "AUP": 1885.0,
            "TV_p": 0.0,
            "AUP_p": 0.0
        },
        {
            "D": "200603",
            "TV": 0.0,
            "AUP": 1885.0,
            "TV_p": 0.0,
            "AUP_p": 0.0
        },
        {
            "D": "200604",
            "TV": 0.0,
            "AUP": 1885.0,
            "TV_p": 0.0,
            "AUP_p": 0.0
        },
        {
            "D": "200605",
            "TV": 0.0,
            "AUP": 1885.0,
            "TV_p": 0.0,
            "AUP_p": 0.0
        },
        {
            "D": "200606",
            "TV": 0.0,
            "AUP": 1885.0,
            "TV_p": 0.0,
            "AUP_p": 0.0
        },
        {
            "D": "200607",
            "TV": 0.0,
            "AUP": 1885.0,
            "TV_p": 0.0,
            "AUP_p": 0.0
        },
        {
            "D": "200608",
            "TV": 0.0,
            "AUP": 1885.0,
            "TV_p": 0.0,
            "AUP_p": 0.0
        },
        {
            "D": "200609",
            "TV": 0.0,
            "AUP": 1885.0,
            "TV_p": 0.0,
            "AUP_p": 0.0
        },
        {
            "D": "200610",
            "TV": 0.0,
            "AUP": 1885.0,
            "TV_p": 0.0,
            "AUP_p": 0.0
        },
        {
            "D": "200611",
            "TV": 0.0,
            "AUP": 1885.0,
            "TV_p": 0.0,
            "AUP_p": 0.0
        },
        {
            "D": "200612",
            "TV": 0.0,
            "AUP": 1885.0,
            "TV_p": 0.0,
            "AUP_p": 0.0
        },
        {
            "D": "200701",
            "TV": 1.0,
            "AUP": 2691.0,
            "TV_p": 0.0,
            "AUP_p": 42.758620689655174
        },
        {
            "D": "200702",
            "TV": 0.0,
            "AUP": 2691.0,
            "TV_p": 0.0,
            "AUP_p": 0.0
        },
        {
            "D": "200703",
            "TV": 1.0,
            "AUP": 2521.0,
            "TV_p": 0.0,
            "AUP_p": -6.317354143441099
        },
        {
            "D": "200704",
            "TV": 0.0,
            "AUP": 2521.0,
            "TV_p": 0.0,
            "AUP_p": 0.0
        },
        {
            "D": "200705",
            "TV": 0.0,
            "AUP": 2521.0,
            "TV_p": 0.0,
            "AUP_p": 0.0
        },
        {
            "D": "200706",
            "TV": 0.0,
            "AUP": 2521.0,
            "TV_p": 0.0,
            "AUP_p": 0.0
        },
        {
            "D": "200707",
            "TV": 1.0,
            "AUP": 3233.0,
            "TV_p": 0.0,
            "AUP_p": 28.2427608092027
        },
        {
            "D": "200708",
            "TV": 2.0,
            "AUP": 2667.0,
            "TV_p": 100.0,
            "AUP_p": -17.5069594803588
        },
        {
            "D": "200709",
            "TV": 0.0,
            "AUP": 2667.0,
            "TV_p": 0.0,
            "AUP_p": 0.0
        },
        {
            "D": "200710",
            "TV": 1.0,
            "AUP": 2648.0,
            "TV_p": 0.0,
            "AUP_p": -0.7124109486314211
        },
        {
            "D": "200711",
            "TV": 2.0,
            "AUP": 3261.0,
            "TV_p": 100.0,
            "AUP_p": 23.149546827794563
        },
        {
            "D": "200712",
            "TV": 1.0,
            "AUP": 2804.0,
            "TV_p": -50.0,
            "AUP_p": -14.014106102422568
        },
        {
            "D": "200801",
            "TV": 1.0,
            "AUP": 3824.0,
            "TV_p": 0.0,
            "AUP_p": 36.37660485021398
        },
        {
            "D": "200802",
            "TV": 0.0,
            "AUP": 3824.0,
            "TV_p": 0.0,
            "AUP_p": 0.0
        },
        {
            "D": "200803",
            "TV": 0.0,
            "AUP": 3824.0,
            "TV_p": 0.0,
            "AUP_p": 0.0
        },
        {
            "D": "200804",
            "TV": 1.0,
            "AUP": 3750.0,
            "TV_p": 0.0,
            "AUP_p": -1.9351464435146442
        },
        {
            "D": "200805",
            "TV": 0.0,
            "AUP": 3750.0,
            "TV_p": 0.0,
            "AUP_p": 0.0
        },
        {
            "D": "200806",
            "TV": 1.0,
            "AUP": 3767.0,
            "TV_p": 0.0,
            "AUP_p": 0.45333333333333337
        },
        {
            "D": "200807",
            "TV": 1.0,
            "AUP": 3342.0,
            "TV_p": 0.0,
            "AUP_p": -11.28218741704274
        },
        {
            "D": "200808",
            "TV": 1.0,
            "AUP": 4050.0,
            "TV_p": 0.0,
            "AUP_p": 21.18491921005386
        },
        {
            "D": "200809",
            "TV": 0.0,
            "AUP": 4050.0,
            "TV_p": 0.0,
            "AUP_p": 0.0
        },
        {
            "D": "200810",
            "TV": 0.0,
            "AUP": 4050.0,
            "TV_p": 0.0,
            "AUP_p": 0.0
        },
        {
            "D": "200811",
            "TV": 1.0,
            "AUP": 4107.0,
            "TV_p": 0.0,
            "AUP_p": 1.4074074074074074
        },
        {
            "D": "200812",
            "TV": 0.0,
            "AUP": 4107.0,
            "TV_p": 0.0,
            "AUP_p": 0.0
        },
        {
            "D": "200901",
            "TV": 0.0,
            "AUP": 4107.0,
            "TV_p": 0.0,
            "AUP_p": 0.0
        },
        {
            "D": "200902",
            "TV": 0.0,
            "AUP": 4107.0,
            "TV_p": 0.0,
            "AUP_p": 0.0
        },
        {
            "D": "200903",
            "TV": 0.0,
            "AUP": 4107.0,
            "TV_p": 0.0,
            "AUP_p": 0.0
        },
        {
            "D": "200904",
            "TV": 0.0,
            "AUP": 4107.0,
            "TV_p": 0.0,
            "AUP_p": 0.0
        },
        {
            "D": "200905",
            "TV": 1.0,
            "AUP": 3409.0,
            "TV_p": 0.0,
            "AUP_p": -16.995373752130508
        },
        {
            "D": "200906",
            "TV": 0.0,
            "AUP": 3409.0,
            "TV_p": 0.0,
            "AUP_p": 0.0
        },
        {
            "D": "200907",
            "TV": 1.0,
            "AUP": 4128.0,
            "TV_p": 0.0,
            "AUP_p": 21.09122909944265
        },
        {
            "D": "200908",
            "TV": 0.0,
            "AUP": 4128.0,
            "TV_p": 0.0,
            "AUP_p": 0.0
        },
        {
            "D": "200909",
            "TV": 0.0,
            "AUP": 4128.0,
            "TV_p": 0.0,
            "AUP_p": 0.0
        },
        {
            "D": "200910",
            "TV": 0.0,
            "AUP": 4128.0,
            "TV_p": 0.0,
            "AUP_p": 0.0
        },
        {
            "D": "200911",
            "TV": 1.0,
            "AUP": 3972.0,
            "TV_p": 0.0,
            "AUP_p": -3.77906976744186
        },
        {
            "D": "200912",
            "TV": 2.0,
            "AUP": 4008.0,
            "TV_p": 100.0,
            "AUP_p": 0.906344410876133
        },
        {
            "D": "201001",
            "TV": 0.0,
            "AUP": 4008.0,
            "TV_p": 0.0,
            "AUP_p": 0.0
        },
        {
            "D": "201002",
            "TV": 1.0,
            "AUP": 4390.0,
            "TV_p": 0.0,
            "AUP_p": 9.530938123752495
        },
        {
            "D": "201003",
            "TV": 0.0,
            "AUP": 4390.0,
            "TV_p": 0.0,
            "AUP_p": 0.0
        },
        {
            "D": "201004",
            "TV": 0.0,
            "AUP": 4390.0,
            "TV_p": 0.0,
            "AUP_p": 0.0
        },
        {
            "D": "201005",
            "TV": 1.0,
            "AUP": 4220.0,
            "TV_p": 0.0,
            "AUP_p": -3.8724373576309796
        },
        {
            "D": "201006",
            "TV": 0.0,
            "AUP": 4220.0,
            "TV_p": 0.0,
            "AUP_p": 0.0
        },
        {
            "D": "201007",
            "TV": 1.0,
            "AUP": 4334.0,
            "TV_p": 0.0,
            "AUP_p": 2.7014218009478674
        },
        {
            "D": "201008",
            "TV": 1.0,
            "AUP": 5114.0,
            "TV_p": 0.0,
            "AUP_p": 17.99723119520074
        },
        {
            "D": "201009",
            "TV": 0.0,
            "AUP": 5114.0,
            "TV_p": 0.0,
            "AUP_p": 0.0
        },
        {
            "D": "201010",
            "TV": 0.0,
            "AUP": 5114.0,
            "TV_p": 0.0,
            "AUP_p": 0.0
        },
        {
            "D": "201011",
            "TV": 0.0,
            "AUP": 5114.0,
            "TV_p": 0.0,
            "AUP_p": 0.0
        },
        {
            "D": "201012",
            "TV": 0.0,
            "AUP": 5114.0,
            "TV_p": 0.0,
            "AUP_p": 0.0
        },
        {
            "D": "201101",
            "TV": 1.0,
            "AUP": 5098.0,
            "TV_p": 0.0,
            "AUP_p": -0.3128666405944466
        },
        {
            "D": "201102",
            "TV": 4.0,
            "AUP": 5375.75,
            "TV_p": 300.0,
            "AUP_p": 5.448214986269125
        },
        {
            "D": "201103",
            "TV": 1.0,
            "AUP": 4957.0,
            "TV_p": -75.0,
            "AUP_p": -7.789610751988095
        },
        {
            "D": "201104",
            "TV": 1.0,
            "AUP": 5739.0,
            "TV_p": 0.0,
            "AUP_p": 15.775670768610045
        },
        {
            "D": "201105",
            "TV": 0.0,
            "AUP": 5739.0,
            "TV_p": 0.0,
            "AUP_p": 0.0
        },
        {
            "D": "201106",
            "TV": 1.0,
            "AUP": 6316.0,
            "TV_p": 0.0,
            "AUP_p": 10.054016379160133
        },
        {
            "D": "201107",
            "TV": 0.0,
            "AUP": 6316.0,
            "TV_p": 0.0,
            "AUP_p": 0.0
        },
        {
            "D": "201108",
            "TV": 0.0,
            "AUP": 6316.0,
            "TV_p": 0.0,
            "AUP_p": 0.0
        },
        {
            "D": "201109",
            "TV": 0.0,
            "AUP": 6316.0,
            "TV_p": 0.0,
            "AUP_p": 0.0
        },
        {
            "D": "201110",
            "TV": 0.0,
            "AUP": 6316.0,
            "TV_p": 0.0,
            "AUP_p": 0.0
        },
        {
            "D": "201111",
            "TV": 0.0,
            "AUP": 6316.0,
            "TV_p": 0.0,
            "AUP_p": 0.0
        },
        {
            "D": "201112",
            "TV": 1.0,
            "AUP": 4815.0,
            "TV_p": 0.0,
            "AUP_p": -23.76504116529449
        },
        {
            "D": "201201",
            "TV": 0.0,
            "AUP": 4815.0,
            "TV_p": 0.0,
            "AUP_p": 0.0
        },
        {
            "D": "201202",
            "TV": 0.0,
            "AUP": 4815.0,
            "TV_p": 0.0,
            "AUP_p": 0.0
        },
        {
            "D": "201203",
            "TV": 0.0,
            "AUP": 4815.0,
            "TV_p": 0.0,
            "AUP_p": 0.0
        },
        {
            "D": "201204",
            "TV": 0.0,
            "AUP": 4815.0,
            "TV_p": 0.0,
            "AUP_p": 0.0
        },
        {
            "D": "201205",
            "TV": 1.0,
            "AUP": 6790.0,
            "TV_p": 0.0,
            "AUP_p": 41.01765316718588
        },
        {
            "D": "201206",
            "TV": 1.0,
            "AUP": 6883.0,
            "TV_p": 0.0,
            "AUP_p": 1.369661266568483
        },
        {
            "D": "201207",
            "TV": 1.0,
            "AUP": 7081.0,
            "TV_p": 0.0,
            "AUP_p": 2.876652622403022
        },
        {
            "D": "201208",
            "TV": 1.0,
            "AUP": 6961.0,
            "TV_p": 0.0,
            "AUP_p": -1.6946758932354187
        },
        {
            "D": "201209",
            "TV": 0.0,
            "AUP": 6961.0,
            "TV_p": 0.0,
            "AUP_p": 0.0
        },
        {
            "D": "201210",
            "TV": 0.0,
            "AUP": 6961.0,
            "TV_p": 0.0,
            "AUP_p": 0.0
        },
        {
            "D": "201211",
            "TV": 0.0,
            "AUP": 6961.0,
            "TV_p": 0.0,
            "AUP_p": 0.0
        },
        {
            "D": "201212",
            "TV": 0.0,
            "AUP": 6961.0,
            "TV_p": 0.0,
            "AUP_p": 0.0
        },
        {
            "D": "201301",
            "TV": 0.0,
            "AUP": 6961.0,
            "TV_p": 0.0,
            "AUP_p": 0.0
        },
        {
            "D": "201302",
            "TV": 1.0,
            "AUP": 8182.0,
            "TV_p": 0.0,
            "AUP_p": 17.54058324953311
        },
        {
            "D": "201303",
            "TV": 0.0,
            "AUP": 8182.0,
            "TV_p": 0.0,
            "AUP_p": 0.0
        },
        {
            "D": "201304",
            "TV": 0.0,
            "AUP": 8182.0,
            "TV_p": 0.0,
            "AUP_p": 0.0
        },
        {
            "D": "201305",
            "TV": 0.0,
            "AUP": 8182.0,
            "TV_p": 0.0,
            "AUP_p": 0.0
        },
        {
            "D": "201306",
            "TV": 0.0,
            "AUP": 8182.0,
            "TV_p": 0.0,
            "AUP_p": 0.0
        },
        {
            "D": "201307",
            "TV": 1.0,
            "AUP": 9149.0,
            "TV_p": 0.0,
            "AUP_p": 11.818626252749938
        },
        {
            "D": "201308",
            "TV": 0.0,
            "AUP": 9149.0,
            "TV_p": 0.0,
            "AUP_p": 0.0
        },
        {
            "D": "201309",
            "TV": 0.0,
            "AUP": 9149.0,
            "TV_p": 0.0,
            "AUP_p": 0.0
        },
        {
            "D": "201310",
            "TV": 0.0,
            "AUP": 9149.0,
            "TV_p": 0.0,
            "AUP_p": 0.0
        },
        {
            "D": "201311",
            "TV": 0.0,
            "AUP": 9149.0,
            "TV_p": 0.0,
            "AUP_p": 0.0
        },
        {
            "D": "201312",
            "TV": 0.0,
            "AUP": 9149.0,
            "TV_p": 0.0,
            "AUP_p": 0.0
        },
        {
            "D": "201401",
            "TV": 0.0,
            "AUP": 9149.0,
            "TV_p": 0.0,
            "AUP_p": 0.0
        },
        {
            "D": "201402",
            "TV": 0.0,
            "AUP": 9149.0,
            "TV_p": 0.0,
            "AUP_p": 0.0
        },
        {
            "D": "201403",
            "TV": 0.0,
            "AUP": 9149.0,
            "TV_p": 0.0,
            "AUP_p": 0.0
        },
        {
            "D": "201404",
            "TV": 1.0,
            "AUP": 8523.0,
            "TV_p": 0.0,
            "AUP_p": -6.842277844573178
        },
        {
            "D": "201405",
            "TV": 0.0,
            "AUP": 8523.0,
            "TV_p": 0.0,
            "AUP_p": 0.0
        },
        {
            "D": "201406",
            "TV": 1.0,
            "AUP": 8381.0,
            "TV_p": 0.0,
            "AUP_p": -1.6660800187727327
        },
        {
            "D": "201407",
            "TV": 0.0,
            "AUP": 8381.0,
            "TV_p": 0.0,
            "AUP_p": 0.0
        },
        {
            "D": "201408",
            "TV": 0.0,
            "AUP": 8381.0,
            "TV_p": 0.0,
            "AUP_p": 0.0
        },
        {
            "D": "201409",
            "TV": 0.0,
            "AUP": 8381.0,
            "TV_p": 0.0,
            "AUP_p": 0.0
        },
        {
            "D": "201410",
            "TV": 0.0,
            "AUP": 8381.0,
            "TV_p": 0.0,
            "AUP_p": 0.0
        },
        {
            "D": "201411",
            "TV": 0.0,
            "AUP": 8381.0,
            "TV_p": 0.0,
            "AUP_p": 0.0
        },
        {
            "D": "201412",
            "TV": 0.0,
            "AUP": 8381.0,
            "TV_p": 0.0,
            "AUP_p": 0.0
        },
        {
            "D": "201501",
            "TV": 1.0,
            "AUP": 9290.0,
            "TV_p": 0.0,
            "AUP_p": 10.845961102493735
        },
        {
            "D": "201502",
            "TV": 1.0,
            "AUP": 9256.0,
            "TV_p": 0.0,
            "AUP_p": -0.36598493003229277
        },
        {
            "D": "201503",
            "TV": 1.0,
            "AUP": 10197.0,
            "TV_p": 0.0,
            "AUP_p": 10.16637856525497
        },
        {
            "D": "201504",
            "TV": 2.0,
            "AUP": 10425.0,
            "TV_p": 100.0,
            "AUP_p": 2.2359517505148574
        },
        {
            "D": "201505",
            "TV": 1.0,
            "AUP": 10480.0,
            "TV_p": -50.0,
            "AUP_p": 0.5275779376498801
        },
        {
            "D": "201506",
            "TV": 0.0,
            "AUP": 10480.0,
            "TV_p": 0.0,
            "AUP_p": 0.0
        },
        {
            "D": "201507",
            "TV": 1.0,
            "AUP": 10228.0,
            "TV_p": 0.0,
            "AUP_p": -2.404580152671756
        },
        {
            "D": "201508",
            "TV": 0.0,
            "AUP": 10228.0,
            "TV_p": 0.0,
            "AUP_p": 0.0
        },
        {
            "D": "201509",
            "TV": 0.0,
            "AUP": 10228.0,
            "TV_p": 0.0,
            "AUP_p": 0.0
        },
        {
            "D": "201510",
            "TV": 0.0,
            "AUP": 10228.0,
            "TV_p": 0.0,
            "AUP_p": 0.0
        },
        {
            "D": "201511",
            "TV": 0.0,
            "AUP": 10228.0,
            "TV_p": 0.0,
            "AUP_p": 0.0
        },
        {
            "D": "201512",
            "TV": 1.0,
            "AUP": 8497.0,
            "TV_p": 0.0,
            "AUP_p": -16.924129839655848
        },
        {
            "D": "201601",
            "TV": 0.0,
            "AUP": 8497.0,
            "TV_p": 0.0,
            "AUP_p": 0.0
        },
        {
            "D": "201602",
            "TV": 0.0,
            "AUP": 8497.0,
            "TV_p": 0.0,
            "AUP_p": 0.0
        },
        {
            "D": "201603",
            "TV": 0.0,
            "AUP": 8497.0,
            "TV_p": 0.0,
            "AUP_p": 0.0
        },
        {
            "D": "201604",
            "TV": 1.0,
            "AUP": 8497.0,
            "TV_p": 0.0,
            "AUP_p": 0.0
        },
        {
            "D": "201605",
            "TV": 0.0,
            "AUP": 8497.0,
            "TV_p": 0.0,
            "AUP_p": 0.0
        },
        {
            "D": "201606",
            "TV": 1.0,
            "AUP": 8381.0,
            "TV_p": 0.0,
            "AUP_p": -1.3651877133105803
        },
        {
            "D": "201607",
            "TV": 0.0,
            "AUP": 8381.0,
            "TV_p": 0.0,
            "AUP_p": 0.0
        },
        {
            "D": "201608",
            "TV": 0.0,
            "AUP": 8381.0,
            "TV_p": 0.0,
            "AUP_p": 0.0
        },
        {
            "D": "201609",
            "TV": 0.0,
            "AUP": 8381.0,
            "TV_p": 0.0,
            "AUP_p": 0.0
        },
        {
            "D": "201610",
            "TV": 0.0,
            "AUP": 8381.0,
            "TV_p": 0.0,
            "AUP_p": 0.0
        },
        {
            "D": "201611",
            "TV": 0.0,
            "AUP": 8381.0,
            "TV_p": 0.0,
            "AUP_p": 0.0
        },
        {
            "D": "201612",
            "TV": 0.0,
            "AUP": 8381.0,
            "TV_p": 0.0,
            "AUP_p": 0.0
        },
        {
            "D": "201701",
            "TV": 0.0,
            "AUP": 8381.0,
            "TV_p": 0.0,
            "AUP_p": 0.0
        },
        {
            "D": "201702",
            "TV": 0.0,
            "AUP": 8381.0,
            "TV_p": 0.0,
            "AUP_p": 0.0
        },
        {
            "D": "201703",
            "TV": 1.0,
            "AUP": 11046.0,
            "TV_p": 0.0,
            "AUP_p": 31.79811478343873
        },
        {
            "D": "201704",
            "TV": 0.0,
            "AUP": 11046.0,
            "TV_p": 0.0,
            "AUP_p": 0.0
        },
        {
            "D": "201705",
            "TV": 0.0,
            "AUP": 11046.0,
            "TV_p": 0.0,
            "AUP_p": 0.0
        },
        {
            "D": "201706",
            "TV": 0.0,
            "AUP": 11046.0,
            "TV_p": 0.0,
            "AUP_p": 0.0
        },
        {
            "D": "201707",
            "TV": 0.0,
            "AUP": 11046.0,
            "TV_p": 0.0,
            "AUP_p": 0.0
        },
        {
            "D": "201708",
            "TV": 0.0,
            "AUP": 11046.0,
            "TV_p": 0.0,
            "AUP_p": 0.0
        },
        {
            "D": "201709",
            "TV": 0.0,
            "AUP": 11046.0,
            "TV_p": 0.0,
            "AUP_p": 0.0
        },
        {
            "D": "201710",
            "TV": 0.0,
            "AUP": 11046.0,
            "TV_p": 0.0,
            "AUP_p": 0.0
        },
        {
            "D": "201711",
            "TV": 0.0,
            "AUP": 11046.0,
            "TV_p": 0.0,
            "AUP_p": 0.0
        },
        {
            "D": "201712",
            "TV": 1.0,
            "AUP": 12040.0,
            "TV_p": 0.0,
            "AUP_p": 8.99873257287706
        },
        {
            "D": "201801",
            "TV": 0.0,
            "AUP": 12040.0,
            "TV_p": 0.0,
            "AUP_p": 0.0
        },
        {
            "D": "201802",
            "TV": 1.0,
            "AUP": 12296.0,
            "TV_p": 0.0,
            "AUP_p": 2.12624584717608
        },
        {
            "D": "201803",
            "TV": 0.0,
            "AUP": 12296.0,
            "TV_p": 0.0,
            "AUP_p": 0.0
        },
        {
            "D": "201804",
            "TV": 0.0,
            "AUP": 12296.0,
            "TV_p": 0.0,
            "AUP_p": 0.0
        },
        {
            "D": "201805",
            "TV": 2.0,
            "AUP": 13921.0,
            "TV_p": 0.0,
            "AUP_p": 13.215679895901106
        },
        {
            "D": "201806",
            "TV": 0.0,
            "AUP": 13921.0,
            "TV_p": 0.0,
            "AUP_p": 0.0
        },
        {
            "D": "201807",
            "TV": 0.0,
            "AUP": 13921.0,
            "TV_p": 0.0,
            "AUP_p": 0.0
        },
        {
            "D": "201808",
            "TV": 0.0,
            "AUP": 13921.0,
            "TV_p": 0.0,
            "AUP_p": 0.0
        },
        {
            "D": "201809",
            "TV": 0.0,
            "AUP": 13921.0,
            "TV_p": 0.0,
            "AUP_p": 0.0
        },
        {
            "D": "201810",
            "TV": 0.0,
            "AUP": 13921.0,
            "TV_p": 0.0,
            "AUP_p": 0.0
        },
        {
            "D": "201811",
            "TV": 0.0,
            "AUP": 13921.0,
            "TV_p": 0.0,
            "AUP_p": 0.0
        },
        {
            "D": "201812",
            "TV": 0.0,
            "AUP": 13921.0,
            "TV_p": 0.0,
            "AUP_p": 0.0
        },
        {
            "D": "201901",
            "TV": 0.0,
            "AUP": 13921.0,
            "TV_p": 0.0,
            "AUP_p": 0.0
        },
        {
            "D": "201902",
            "TV": 0.0,
            "AUP": 13921.0,
            "TV_p": 0.0,
            "AUP_p": 0.0
        },
        {
            "D": "201903",
            "TV": 1.0,
            "AUP": 14694.0,
            "TV_p": 0.0,
            "AUP_p": 5.552762014223116
        },
        {
            "D": "201904",
            "TV": 1.0,
            "AUP": 14694.0,
            "TV_p": 0.0,
            "AUP_p": 0.0
        },
        {
            "D": "201905",
            "TV": 1.0,
            "AUP": 14389.0,
            "TV_p": 0.0,
            "AUP_p": -2.075677147134885
        },
        {
            "D": "201906",
            "TV": 0.0,
            "AUP": 14389.0,
            "TV_p": 0.0,
            "AUP_p": 0.0
        },
        {
            "D": "201907",
            "TV": 0.0,
            "AUP": 14389.0,
            "TV_p": 0.0,
            "AUP_p": 0.0
        },
        {
            "D": "201908",
            "TV": 0.0,
            "AUP": 14389.0,
            "TV_p": 0.0,
            "AUP_p": 0.0
        },
        {
            "D": "201909",
            "TV": 0.0,
            "AUP": 14389.0,
            "TV_p": 0.0,
            "AUP_p": 0.0
        },
        {
            "D": "201910",
            "TV": 0.0,
            "AUP": 14389.0,
            "TV_p": 0.0,
            "AUP_p": 0.0
        },
        {
            "D": "201911",
            "TV": 1.0,
            "AUP": 14731.0,
            "TV_p": 0.0,
            "AUP_p": 2.3768156230453816
        },
        {
            "D": "201912",
            "TV": 0.0,
            "AUP": 14731.0,
            "TV_p": 0.0,
            "AUP_p": 0.0
        },
        {
            "D": "202001",
            "TV": 0.0,
            "AUP": 14731.0,
            "TV_p": 0.0,
            "AUP_p": 0.0
        },
        {
            "D": "202002",
            "TV": 0.0,
            "AUP": 14731.0,
            "TV_p": 0.0,
            "AUP_p": 0.0
        },
        {
            "D": "202003",
            "TV": 0.0,
            "AUP": 14731.0,
            "TV_p": 0.0,
            "AUP_p": 0.0
        },
        {
            "D": "202004",
            "TV": 0.0,
            "AUP": 14731.0,
            "TV_p": 0.0,
            "AUP_p": 0.0
        },
        {
            "D": "202005",
            "TV": 0.0,
            "AUP": 14731.0,
            "TV_p": 0.0,
            "AUP_p": 0.0
        },
        {
            "D": "202006",
            "TV": 0.0,
            "AUP": 14731.0,
            "TV_p": 0.0,
            "AUP_p": 0.0
        },
        {
            "D": "202007",
            "TV": 0.0,
            "AUP": 14731.0,
            "TV_p": 0.0,
            "AUP_p": 0.0
        },
        {
            "D": "202008",
            "TV": 0.0,
            "AUP": 14731.0,
            "TV_p": 0.0,
            "AUP_p": 0.0
        },
        {
            "D": "202009",
            "TV": 1.0,
            "AUP": 13580.0,
            "TV_p": 0.0,
            "AUP_p": -7.813454619509877
        },
        {
            "D": "202010",
            "TV": 0.0,
            "AUP": 13580.0,
            "TV_p": 0.0,
            "AUP_p": 0.0
        },
        {
            "D": "202011",
            "TV": 1.0,
            "AUP": 14391.0,
            "TV_p": 0.0,
            "AUP_p": 5.972017673048601
        },
        {
            "D": "202012",
            "TV": 0.0,
            "AUP": 14391.0,
            "TV_p": 0.0,
            "AUP_p": 0.0
        },
        {
            "D": "202101",
            "TV": 0.0,
            "AUP": 14391.0,
            "TV_p": 0.0,
            "AUP_p": 0.0
        },
        {
            "D": "202102",
            "TV": 0.0,
            "AUP": 14391.0,
            "TV_p": 0.0,
            "AUP_p": 0.0
        },
        {
            "D": "202103",
            "TV": 0.0,
            "AUP": 14391.0,
            "TV_p": 0.0,
            "AUP_p": 0.0
        },
        {
            "D": "202104",
            "TV": 0.0,
            "AUP": 14391.0,
            "TV_p": 0.0,
            "AUP_p": 0.0
        },
        {
            "D": "202105",
            "TV": 2.0,
            "AUP": 14133.5,
            "TV_p": 0.0,
            "AUP_p": -1.7893127649225211
        },
        {
            "D": "202106",
            "TV": 2.0,
            "AUP": 14483.0,
            "TV_p": 0.0,
            "AUP_p": 2.4728481975448404
        },
        {
            "D": "202107",
            "TV": 1.0,
            "AUP": 13768.0,
            "TV_p": -50.0,
            "AUP_p": -4.936822481530069
        },
        {
            "D": "202108",
            "TV": 0.0,
            "AUP": 13768.0,
            "TV_p": 0.0,
            "AUP_p": 0.0
        },
        {
            "D": "202109",
            "TV": 0.0,
            "AUP": 13768.0,
            "TV_p": 0.0,
            "AUP_p": 0.0
        },
        {
            "D": "202110",
            "TV": 0.0,
            "AUP": 13768.0,
            "TV_p": 0.0,
            "AUP_p": 0.0
        },
        {
            "D": "202111",
            "TV": 1.0,
            "AUP": 13920.0,
            "TV_p": 0.0,
            "AUP_p": 1.1040092969203952
        },
        {
            "D": "202112",
            "TV": 1.0,
            "AUP": 13920.0,
            "TV_p": 0.0,
            "AUP_p": 0.0
        },
        {
            "D": "202201",
            "TV": 0.0,
            "AUP": 13920.0,
            "TV_p": 0.0,
            "AUP_p": 0.0
        },
        {
            "D": "202202",
            "TV": 0.0,
            "AUP": 13920.0,
            "TV_p": 0.0,
            "AUP_p": 0.0
        },
        {
            "D": "202203",
            "TV": 0.0,
            "AUP": 13920.0,
            "TV_p": 0.0,
            "AUP_p": 0.0
        },
        {
            "D": "202204",
            "TV": 0.0,
            "AUP": 13920.0,
            "TV_p": 0.0,
            "AUP_p": 0.0
        },
        {
            "D": "202205",
            "TV": 0.0,
            "AUP": 13920.0,
            "TV_p": 0.0,
            "AUP_p": 0.0
        },
        {
            "D": "202206",
            "TV": 1.0,
            "AUP": 11989.0,
            "TV_p": 0.0,
            "AUP_p": -13.87212643678161
        },
        {
            "D": "202207",
            "TV": 0.0,
            "AUP": 11989.0,
            "TV_p": 0.0,
            "AUP_p": 0.0
        },
        {
            "D": "202208",
            "TV": 0.0,
            "AUP": 11989.0,
            "TV_p": 0.0,
            "AUP_p": 0.0
        },
        {
            "D": "202209",
            "TV": 0.0,
            "AUP": 11989.0,
            "TV_p": 0.0,
            "AUP_p": 0.0
        },
        {
            "D": "202210",
            "TV": 0.0,
            "AUP": 11989.0,
            "TV_p": 0.0,
            "AUP_p": 0.0
        },
        {
            "D": "202211",
            "TV": 0.0,
            "AUP": 11989.0,
            "TV_p": 0.0,
            "AUP_p": 0.0
        },
        {
            "D": "202212",
            "TV": 0.0,
            "AUP": 11989.0,
            "TV_p": 0.0,
            "AUP_p": 0.0
        },
        {
            "D": "202301",
            "TV": 0.0,
            "AUP": 11989.0,
            "TV_p": 0.0,
            "AUP_p": 0.0
        },
        {
            "D": "202302",
            "TV": 0.0,
            "AUP": 11989.0,
            "TV_p": 0.0,
            "AUP_p": 0.0
        },
        {
            "D": "202303",
            "TV": 0.0,
            "AUP": 11989.0,
            "TV_p": 0.0,
            "AUP_p": 0.0
        },
        {
            "D": "202304",
            "TV": 0.0,
            "AUP": 11989.0,
            "TV_p": 0.0,
            "AUP_p": 0.0
        },
        {
            "D": "202305",
            "TV": 0.0,
            "AUP": 11989.0,
            "TV_p": 0.0,
            "AUP_p": 0.0
        },
        {
            "D": "202306",
            "TV": 0.0,
            "AUP": 11989.0,
            "TV_p": 0.0,
            "AUP_p": 0.0
        },
        {
            "D": "202307",
            "TV": 0.0,
            "AUP": 11989.0,
            "TV_p": 0.0,
            "AUP_p": 0.0
        },
        {
            "D": "202308",
            "TV": 0.0,
            "AUP": 11989.0,
            "TV_p": 0.0,
            "AUP_p": 0.0
        },
        {
            "D": "202309",
            "TV": 0.0,
            "AUP": 11989.0,
            "TV_p": 0.0,
            "AUP_p": 0.0
        },
        {
            "D": "202310",
            "TV": 0.0,
            "AUP": 11989.0,
            "TV_p": 0.0,
            "AUP_p": 0.0
        },
        {
            "D": "202311",
            "TV": 0.0,
            "AUP": 11989.0,
            "TV_p": 0.0,
            "AUP_p": 0.0
        },
        {
            "D": "202312",
            "TV": 0.0,
            "AUP": 11989.0,
            "TV_p": 0.0,
            "AUP_p": 0.0
        },
        {
            "D": "202401",
            "TV": 0.0,
            "AUP": 11989.0,
            "TV_p": 0.0,
            "AUP_p": 0.0
        },
        {
            "D": "202402",
            "TV": 0.0,
            "AUP": 11989.0,
            "TV_p": 0.0,
            "AUP_p": 0.0
        },
        {
            "D": "202403",
            "TV": 0.0,
            "AUP": 11989.0,
            "TV_p": 0.0,
            "AUP_p": 0.0
        },
        {
            "D": "202404",
            "TV": 1.0,
            "AUP": 11080.0,
            "TV_p": 0.0,
            "AUP_p": -7.581950120944199
        },
        {
            "D": "202405",
            "TV": 0.0,
            "AUP": 11080.0,
            "TV_p": 0.0,
            "AUP_p": 0.0
        },
        {
            "D": "202406",
            "TV": 0.0,
            "AUP": 11080.0,
            "TV_p": 0.0,
            "AUP_p": 0.0
        },
        {
            "D": "202407",
            "TV": 0.0,
            "AUP": 11080.0,
            "TV_p": 0.0,
            "AUP_p": 0.0
        }
    ],
    "MinDate": "199601",
    "MaxDate": "202407"
}