{
    "List": [
        {
            "D": "199601",
            "TV": 0.0,
            "AUP": 2913.5,
            "TV_p": 0.0,
            "AUP_p": 0.0
        },
        {
            "D": "199602",
            "TV": 0.0,
            "AUP": 2913.5,
            "TV_p": 0.0,
            "AUP_p": 0.0
        },
        {
            "D": "199603",
            "TV": 0.0,
            "AUP": 2913.5,
            "TV_p": 0.0,
            "AUP_p": 0.0
        },
        {
            "D": "199604",
            "TV": 0.0,
            "AUP": 2913.5,
            "TV_p": 0.0,
            "AUP_p": 0.0
        },
        {
            "D": "199605",
            "TV": 0.0,
            "AUP": 2913.5,
            "TV_p": 0.0,
            "AUP_p": 0.0
        },
        {
            "D": "199606",
            "TV": 0.0,
            "AUP": 2913.5,
            "TV_p": 0.0,
            "AUP_p": 0.0
        },
        {
            "D": "199607",
            "TV": 0.0,
            "AUP": 2913.5,
            "TV_p": 0.0,
            "AUP_p": 0.0
        },
        {
            "D": "199608",
            "TV": 1.0,
            "AUP": 4165.0,
            "TV_p": 0.0,
            "AUP_p": 42.95520851209885
        },
        {
            "D": "199609",
            "TV": 0.0,
            "AUP": 4165.0,
            "TV_p": 0.0,
            "AUP_p": 0.0
        },
        {
            "D": "199610",
            "TV": 0.0,
            "AUP": 4165.0,
            "TV_p": 0.0,
            "AUP_p": 0.0
        },
        {
            "D": "199611",
            "TV": 1.0,
            "AUP": 3369.0,
            "TV_p": 0.0,
            "AUP_p": -19.111644657863145
        },
        {
            "D": "199612",
            "TV": 1.0,
            "AUP": 3860.0,
            "TV_p": 0.0,
            "AUP_p": 14.574057583852776
        },
        {
            "D": "199701",
            "TV": 1.0,
            "AUP": 4264.0,
            "TV_p": 0.0,
            "AUP_p": 10.466321243523316
        },
        {
            "D": "199702",
            "TV": 1.0,
            "AUP": 3811.0,
            "TV_p": 0.0,
            "AUP_p": -10.623827392120075
        },
        {
            "D": "199703",
            "TV": 0.0,
            "AUP": 3811.0,
            "TV_p": 0.0,
            "AUP_p": 0.0
        },
        {
            "D": "199704",
            "TV": 1.0,
            "AUP": 4330.0,
            "TV_p": 0.0,
            "AUP_p": 13.618472841773812
        },
        {
            "D": "199705",
            "TV": 0.0,
            "AUP": 4330.0,
            "TV_p": 0.0,
            "AUP_p": 0.0
        },
        {
            "D": "199706",
            "TV": 0.0,
            "AUP": 4330.0,
            "TV_p": 0.0,
            "AUP_p": 0.0
        },
        {
            "D": "199707",
            "TV": 0.0,
            "AUP": 4330.0,
            "TV_p": 0.0,
            "AUP_p": 0.0
        },
        {
            "D": "199708",
            "TV": 1.0,
            "AUP": 5905.0,
            "TV_p": 0.0,
            "AUP_p": 36.37413394919168
        },
        {
            "D": "199709",
            "TV": 0.0,
            "AUP": 5905.0,
            "TV_p": 0.0,
            "AUP_p": 0.0
        },
        {
            "D": "199710",
            "TV": 0.0,
            "AUP": 5905.0,
            "TV_p": 0.0,
            "AUP_p": 0.0
        },
        {
            "D": "199711",
            "TV": 0.0,
            "AUP": 5905.0,
            "TV_p": 0.0,
            "AUP_p": 0.0
        },
        {
            "D": "199712",
            "TV": 0.0,
            "AUP": 5905.0,
            "TV_p": 0.0,
            "AUP_p": 0.0
        },
        {
            "D": "199801",
            "TV": 0.0,
            "AUP": 5905.0,
            "TV_p": 0.0,
            "AUP_p": 0.0
        },
        {
            "D": "199802",
            "TV": 0.0,
            "AUP": 5905.0,
            "TV_p": 0.0,
            "AUP_p": 0.0
        },
        {
            "D": "199803",
            "TV": 0.0,
            "AUP": 5905.0,
            "TV_p": 0.0,
            "AUP_p": 0.0
        },
        {
            "D": "199804",
            "TV": 0.0,
            "AUP": 5905.0,
            "TV_p": 0.0,
            "AUP_p": 0.0
        },
        {
            "D": "199805",
            "TV": 0.0,
            "AUP": 5905.0,
            "TV_p": 0.0,
            "AUP_p": 0.0
        },
        {
            "D": "199806",
            "TV": 0.0,
            "AUP": 5905.0,
            "TV_p": 0.0,
            "AUP_p": 0.0
        },
        {
            "D": "199807",
            "TV": 0.0,
            "AUP": 5905.0,
            "TV_p": 0.0,
            "AUP_p": 0.0
        },
        {
            "D": "199808",
            "TV": 0.0,
            "AUP": 5905.0,
            "TV_p": 0.0,
            "AUP_p": 0.0
        },
        {
            "D": "199809",
            "TV": 0.0,
            "AUP": 5905.0,
            "TV_p": 0.0,
            "AUP_p": 0.0
        },
        {
            "D": "199810",
            "TV": 0.0,
            "AUP": 5905.0,
            "TV_p": 0.0,
            "AUP_p": 0.0
        },
        {
            "D": "199811",
            "TV": 0.0,
            "AUP": 5905.0,
            "TV_p": 0.0,
            "AUP_p": 0.0
        },
        {
            "D": "199812",
            "TV": 0.0,
            "AUP": 5905.0,
            "TV_p": 0.0,
            "AUP_p": 0.0
        },
        {
            "D": "199901",
            "TV": 0.0,
            "AUP": 5905.0,
            "TV_p": 0.0,
            "AUP_p": 0.0
        },
        {
            "D": "199902",
            "TV": 0.0,
            "AUP": 5905.0,
            "TV_p": 0.0,
            "AUP_p": 0.0
        },
        {
            "D": "199903",
            "TV": 0.0,
            "AUP": 5905.0,
            "TV_p": 0.0,
            "AUP_p": 0.0
        },
        {
            "D": "199904",
            "TV": 0.0,
            "AUP": 5905.0,
            "TV_p": 0.0,
            "AUP_p": 0.0
        },
        {
            "D": "199905",
            "TV": 0.0,
            "AUP": 5905.0,
            "TV_p": 0.0,
            "AUP_p": 0.0
        },
        {
            "D": "199906",
            "TV": 0.0,
            "AUP": 5905.0,
            "TV_p": 0.0,
            "AUP_p": 0.0
        },
        {
            "D": "199907",
            "TV": 0.0,
            "AUP": 5905.0,
            "TV_p": 0.0,
            "AUP_p": 0.0
        },
        {
            "D": "199908",
            "TV": 0.0,
            "AUP": 5905.0,
            "TV_p": 0.0,
            "AUP_p": 0.0
        },
        {
            "D": "199909",
            "TV": 0.0,
            "AUP": 5905.0,
            "TV_p": 0.0,
            "AUP_p": 0.0
        },
        {
            "D": "199910",
            "TV": 0.0,
            "AUP": 5905.0,
            "TV_p": 0.0,
            "AUP_p": 0.0
        },
        {
            "D": "199911",
            "TV": 0.0,
            "AUP": 5905.0,
            "TV_p": 0.0,
            "AUP_p": 0.0
        },
        {
            "D": "199912",
            "TV": 0.0,
            "AUP": 5905.0,
            "TV_p": 0.0,
            "AUP_p": 0.0
        },
        {
            "D": "200001",
            "TV": 1.0,
            "AUP": 2132.0,
            "TV_p": 0.0,
            "AUP_p": -63.895004233700256
        },
        {
            "D": "200002",
            "TV": 0.0,
            "AUP": 2132.0,
            "TV_p": 0.0,
            "AUP_p": 0.0
        },
        {
            "D": "200003",
            "TV": 0.0,
            "AUP": 2132.0,
            "TV_p": 0.0,
            "AUP_p": 0.0
        },
        {
            "D": "200004",
            "TV": 0.0,
            "AUP": 2132.0,
            "TV_p": 0.0,
            "AUP_p": 0.0
        },
        {
            "D": "200005",
            "TV": 0.0,
            "AUP": 2132.0,
            "TV_p": 0.0,
            "AUP_p": 0.0
        },
        {
            "D": "200006",
            "TV": 0.0,
            "AUP": 2132.0,
            "TV_p": 0.0,
            "AUP_p": 0.0
        },
        {
            "D": "200007",
            "TV": 0.0,
            "AUP": 2132.0,
            "TV_p": 0.0,
            "AUP_p": 0.0
        },
        {
            "D": "200008",
            "TV": 0.0,
            "AUP": 2132.0,
            "TV_p": 0.0,
            "AUP_p": 0.0
        },
        {
            "D": "200009",
            "TV": 0.0,
            "AUP": 2132.0,
            "TV_p": 0.0,
            "AUP_p": 0.0
        },
        {
            "D": "200010",
            "TV": 0.0,
            "AUP": 2132.0,
            "TV_p": 0.0,
            "AUP_p": 0.0
        },
        {
            "D": "200011",
            "TV": 0.0,
            "AUP": 2132.0,
            "TV_p": 0.0,
            "AUP_p": 0.0
        },
        {
            "D": "200012",
            "TV": 0.0,
            "AUP": 2132.0,
            "TV_p": 0.0,
            "AUP_p": 0.0
        },
        {
            "D": "200101",
            "TV": 2.0,
            "AUP": 2162.0,
            "TV_p": 0.0,
            "AUP_p": 1.4071294559099436
        },
        {
            "D": "200102",
            "TV": 0.0,
            "AUP": 2162.0,
            "TV_p": 0.0,
            "AUP_p": 0.0
        },
        {
            "D": "200103",
            "TV": 0.0,
            "AUP": 2162.0,
            "TV_p": 0.0,
            "AUP_p": 0.0
        },
        {
            "D": "200104",
            "TV": 0.0,
            "AUP": 2162.0,
            "TV_p": 0.0,
            "AUP_p": 0.0
        },
        {
            "D": "200105",
            "TV": 0.0,
            "AUP": 2162.0,
            "TV_p": 0.0,
            "AUP_p": 0.0
        },
        {
            "D": "200106",
            "TV": 0.0,
            "AUP": 2162.0,
            "TV_p": 0.0,
            "AUP_p": 0.0
        },
        {
            "D": "200107",
            "TV": 0.0,
            "AUP": 2162.0,
            "TV_p": 0.0,
            "AUP_p": 0.0
        },
        {
            "D": "200108",
            "TV": 0.0,
            "AUP": 2162.0,
            "TV_p": 0.0,
            "AUP_p": 0.0
        },
        {
            "D": "200109",
            "TV": 0.0,
            "AUP": 2162.0,
            "TV_p": 0.0,
            "AUP_p": 0.0
        },
        {
            "D": "200110",
            "TV": 0.0,
            "AUP": 2162.0,
            "TV_p": 0.0,
            "AUP_p": 0.0
        },
        {
            "D": "200111",
            "TV": 0.0,
            "AUP": 2162.0,
            "TV_p": 0.0,
            "AUP_p": 0.0
        },
        {
            "D": "200112",
            "TV": 0.0,
            "AUP": 2162.0,
            "TV_p": 0.0,
            "AUP_p": 0.0
        },
        {
            "D": "200201",
            "TV": 0.0,
            "AUP": 2162.0,
            "TV_p": 0.0,
            "AUP_p": 0.0
        },
        {
            "D": "200202",
            "TV": 0.0,
            "AUP": 2162.0,
            "TV_p": 0.0,
            "AUP_p": 0.0
        },
        {
            "D": "200203",
            "TV": 0.0,
            "AUP": 2162.0,
            "TV_p": 0.0,
            "AUP_p": 0.0
        },
        {
            "D": "200204",
            "TV": 0.0,
            "AUP": 2162.0,
            "TV_p": 0.0,
            "AUP_p": 0.0
        },
        {
            "D": "200205",
            "TV": 0.0,
            "AUP": 2162.0,
            "TV_p": 0.0,
            "AUP_p": 0.0
        },
        {
            "D": "200206",
            "TV": 0.0,
            "AUP": 2162.0,
            "TV_p": 0.0,
            "AUP_p": 0.0
        },
        {
            "D": "200207",
            "TV": 0.0,
            "AUP": 2162.0,
            "TV_p": 0.0,
            "AUP_p": 0.0
        },
        {
            "D": "200208",
            "TV": 0.0,
            "AUP": 2162.0,
            "TV_p": 0.0,
            "AUP_p": 0.0
        },
        {
            "D": "200209",
            "TV": 0.0,
            "AUP": 2162.0,
            "TV_p": 0.0,
            "AUP_p": 0.0
        },
        {
            "D": "200210",
            "TV": 0.0,
            "AUP": 2162.0,
            "TV_p": 0.0,
            "AUP_p": 0.0
        },
        {
            "D": "200211",
            "TV": 0.0,
            "AUP": 2162.0,
            "TV_p": 0.0,
            "AUP_p": 0.0
        },
        {
            "D": "200212",
            "TV": 0.0,
            "AUP": 2162.0,
            "TV_p": 0.0,
            "AUP_p": 0.0
        },
        {
            "D": "200301",
            "TV": 0.0,
            "AUP": 2162.0,
            "TV_p": 0.0,
            "AUP_p": 0.0
        },
        {
            "D": "200302",
            "TV": 0.0,
            "AUP": 2162.0,
            "TV_p": 0.0,
            "AUP_p": 0.0
        },
        {
            "D": "200303",
            "TV": 0.0,
            "AUP": 2162.0,
            "TV_p": 0.0,
            "AUP_p": 0.0
        },
        {
            "D": "200304",
            "TV": 0.0,
            "AUP": 2162.0,
            "TV_p": 0.0,
            "AUP_p": 0.0
        },
        {
            "D": "200305",
            "TV": 0.0,
            "AUP": 2162.0,
            "TV_p": 0.0,
            "AUP_p": 0.0
        },
        {
            "D": "200306",
            "TV": 0.0,
            "AUP": 2162.0,
            "TV_p": 0.0,
            "AUP_p": 0.0
        },
        {
            "D": "200307",
            "TV": 0.0,
            "AUP": 2162.0,
            "TV_p": 0.0,
            "AUP_p": 0.0
        },
        {
            "D": "200308",
            "TV": 0.0,
            "AUP": 2162.0,
            "TV_p": 0.0,
            "AUP_p": 0.0
        },
        {
            "D": "200309",
            "TV": 0.0,
            "AUP": 2162.0,
            "TV_p": 0.0,
            "AUP_p": 0.0
        },
        {
            "D": "200310",
            "TV": 0.0,
            "AUP": 2162.0,
            "TV_p": 0.0,
            "AUP_p": 0.0
        },
        {
            "D": "200311",
            "TV": 1.0,
            "AUP": 1307.0,
            "TV_p": 0.0,
            "AUP_p": -39.546716003700276
        },
        {
            "D": "200312",
            "TV": 0.0,
            "AUP": 1307.0,
            "TV_p": 0.0,
            "AUP_p": 0.0
        },
        {
            "D": "200401",
            "TV": 0.0,
            "AUP": 1307.0,
            "TV_p": 0.0,
            "AUP_p": 0.0
        },
        {
            "D": "200402",
            "TV": 0.0,
            "AUP": 1307.0,
            "TV_p": 0.0,
            "AUP_p": 0.0
        },
        {
            "D": "200403",
            "TV": 0.0,
            "AUP": 1307.0,
            "TV_p": 0.0,
            "AUP_p": 0.0
        },
        {
            "D": "200404",
            "TV": 0.0,
            "AUP": 1307.0,
            "TV_p": 0.0,
            "AUP_p": 0.0
        },
        {
            "D": "200405",
            "TV": 0.0,
            "AUP": 1307.0,
            "TV_p": 0.0,
            "AUP_p": 0.0
        },
        {
            "D": "200406",
            "TV": 0.0,
            "AUP": 1307.0,
            "TV_p": 0.0,
            "AUP_p": 0.0
        },
        {
            "D": "200407",
            "TV": 0.0,
            "AUP": 1307.0,
            "TV_p": 0.0,
            "AUP_p": 0.0
        },
        {
            "D": "200408",
            "TV": 0.0,
            "AUP": 1307.0,
            "TV_p": 0.0,
            "AUP_p": 0.0
        },
        {
            "D": "200409",
            "TV": 0.0,
            "AUP": 1307.0,
            "TV_p": 0.0,
            "AUP_p": 0.0
        },
        {
            "D": "200410",
            "TV": 0.0,
            "AUP": 1307.0,
            "TV_p": 0.0,
            "AUP_p": 0.0
        },
        {
            "D": "200411",
            "TV": 0.0,
            "AUP": 1307.0,
            "TV_p": 0.0,
            "AUP_p": 0.0
        },
        {
            "D": "200412",
            "TV": 0.0,
            "AUP": 1307.0,
            "TV_p": 0.0,
            "AUP_p": 0.0
        },
        {
            "D": "200501",
            "TV": 0.0,
            "AUP": 1307.0,
            "TV_p": 0.0,
            "AUP_p": 0.0
        },
        {
            "D": "200502",
            "TV": 0.0,
            "AUP": 1307.0,
            "TV_p": 0.0,
            "AUP_p": 0.0
        },
        {
            "D": "200503",
            "TV": 0.0,
            "AUP": 1307.0,
            "TV_p": 0.0,
            "AUP_p": 0.0
        },
        {
            "D": "200504",
            "TV": 1.0,
            "AUP": 2453.0,
            "TV_p": 0.0,
            "AUP_p": 87.68171384850804
        },
        {
            "D": "200505",
            "TV": 0.0,
            "AUP": 2453.0,
            "TV_p": 0.0,
            "AUP_p": 0.0
        },
        {
            "D": "200506",
            "TV": 1.0,
            "AUP": 2677.0,
            "TV_p": 0.0,
            "AUP_p": 9.131675499388505
        },
        {
            "D": "200507",
            "TV": 0.0,
            "AUP": 2677.0,
            "TV_p": 0.0,
            "AUP_p": 0.0
        },
        {
            "D": "200508",
            "TV": 0.0,
            "AUP": 2677.0,
            "TV_p": 0.0,
            "AUP_p": 0.0
        },
        {
            "D": "200509",
            "TV": 0.0,
            "AUP": 2677.0,
            "TV_p": 0.0,
            "AUP_p": 0.0
        },
        {
            "D": "200510",
            "TV": 0.0,
            "AUP": 2677.0,
            "TV_p": 0.0,
            "AUP_p": 0.0
        },
        {
            "D": "200511",
            "TV": 2.0,
            "AUP": 3170.0,
            "TV_p": 0.0,
            "AUP_p": 18.416137467314158
        },
        {
            "D": "200512",
            "TV": 0.0,
            "AUP": 3170.0,
            "TV_p": 0.0,
            "AUP_p": 0.0
        },
        {
            "D": "200601",
            "TV": 0.0,
            "AUP": 3170.0,
            "TV_p": 0.0,
            "AUP_p": 0.0
        },
        {
            "D": "200602",
            "TV": 0.0,
            "AUP": 3170.0,
            "TV_p": 0.0,
            "AUP_p": 0.0
        },
        {
            "D": "200603",
            "TV": 0.0,
            "AUP": 3170.0,
            "TV_p": 0.0,
            "AUP_p": 0.0
        },
        {
            "D": "200604",
            "TV": 0.0,
            "AUP": 3170.0,
            "TV_p": 0.0,
            "AUP_p": 0.0
        },
        {
            "D": "200605",
            "TV": 0.0,
            "AUP": 3170.0,
            "TV_p": 0.0,
            "AUP_p": 0.0
        },
        {
            "D": "200606",
            "TV": 0.0,
            "AUP": 3170.0,
            "TV_p": 0.0,
            "AUP_p": 0.0
        },
        {
            "D": "200607",
            "TV": 0.0,
            "AUP": 3170.0,
            "TV_p": 0.0,
            "AUP_p": 0.0
        },
        {
            "D": "200608",
            "TV": 0.0,
            "AUP": 3170.0,
            "TV_p": 0.0,
            "AUP_p": 0.0
        },
        {
            "D": "200609",
            "TV": 2.0,
            "AUP": 2773.5,
            "TV_p": 0.0,
            "AUP_p": -12.507886435331232
        },
        {
            "D": "200610",
            "TV": 0.0,
            "AUP": 2773.5,
            "TV_p": 0.0,
            "AUP_p": 0.0
        },
        {
            "D": "200611",
            "TV": 0.0,
            "AUP": 2773.5,
            "TV_p": 0.0,
            "AUP_p": 0.0
        },
        {
            "D": "200612",
            "TV": 0.0,
            "AUP": 2773.5,
            "TV_p": 0.0,
            "AUP_p": 0.0
        },
        {
            "D": "200701",
            "TV": 0.0,
            "AUP": 2773.5,
            "TV_p": 0.0,
            "AUP_p": 0.0
        },
        {
            "D": "200702",
            "TV": 0.0,
            "AUP": 2773.5,
            "TV_p": 0.0,
            "AUP_p": 0.0
        },
        {
            "D": "200703",
            "TV": 0.0,
            "AUP": 2773.5,
            "TV_p": 0.0,
            "AUP_p": 0.0
        },
        {
            "D": "200704",
            "TV": 0.0,
            "AUP": 2773.5,
            "TV_p": 0.0,
            "AUP_p": 0.0
        },
        {
            "D": "200705",
            "TV": 1.0,
            "AUP": 3536.0,
            "TV_p": 0.0,
            "AUP_p": 27.492338200829273
        },
        {
            "D": "200706",
            "TV": 0.0,
            "AUP": 3536.0,
            "TV_p": 0.0,
            "AUP_p": 0.0
        },
        {
            "D": "200707",
            "TV": 0.0,
            "AUP": 3536.0,
            "TV_p": 0.0,
            "AUP_p": 0.0
        },
        {
            "D": "200708",
            "TV": 0.0,
            "AUP": 3536.0,
            "TV_p": 0.0,
            "AUP_p": 0.0
        },
        {
            "D": "200709",
            "TV": 0.0,
            "AUP": 3536.0,
            "TV_p": 0.0,
            "AUP_p": 0.0
        },
        {
            "D": "200710",
            "TV": 0.0,
            "AUP": 3536.0,
            "TV_p": 0.0,
            "AUP_p": 0.0
        },
        {
            "D": "200711",
            "TV": 0.0,
            "AUP": 3536.0,
            "TV_p": 0.0,
            "AUP_p": 0.0
        },
        {
            "D": "200712",
            "TV": 0.0,
            "AUP": 3536.0,
            "TV_p": 0.0,
            "AUP_p": 0.0
        },
        {
            "D": "200801",
            "TV": 1.0,
            "AUP": 3813.0,
            "TV_p": 0.0,
            "AUP_p": 7.833710407239819
        },
        {
            "D": "200802",
            "TV": 0.0,
            "AUP": 3813.0,
            "TV_p": 0.0,
            "AUP_p": 0.0
        },
        {
            "D": "200803",
            "TV": 0.0,
            "AUP": 3813.0,
            "TV_p": 0.0,
            "AUP_p": 0.0
        },
        {
            "D": "200804",
            "TV": 0.0,
            "AUP": 3813.0,
            "TV_p": 0.0,
            "AUP_p": 0.0
        },
        {
            "D": "200805",
            "TV": 1.0,
            "AUP": 3325.0,
            "TV_p": 0.0,
            "AUP_p": -12.798321531602413
        },
        {
            "D": "200806",
            "TV": 0.0,
            "AUP": 3325.0,
            "TV_p": 0.0,
            "AUP_p": 0.0
        },
        {
            "D": "200807",
            "TV": 0.0,
            "AUP": 3325.0,
            "TV_p": 0.0,
            "AUP_p": 0.0
        },
        {
            "D": "200808",
            "TV": 0.0,
            "AUP": 3325.0,
            "TV_p": 0.0,
            "AUP_p": 0.0
        },
        {
            "D": "200809",
            "TV": 0.0,
            "AUP": 3325.0,
            "TV_p": 0.0,
            "AUP_p": 0.0
        },
        {
            "D": "200810",
            "TV": 0.0,
            "AUP": 3325.0,
            "TV_p": 0.0,
            "AUP_p": 0.0
        },
        {
            "D": "200811",
            "TV": 0.0,
            "AUP": 3325.0,
            "TV_p": 0.0,
            "AUP_p": 0.0
        },
        {
            "D": "200812",
            "TV": 0.0,
            "AUP": 3325.0,
            "TV_p": 0.0,
            "AUP_p": 0.0
        },
        {
            "D": "200901",
            "TV": 0.0,
            "AUP": 3325.0,
            "TV_p": 0.0,
            "AUP_p": 0.0
        },
        {
            "D": "200902",
            "TV": 0.0,
            "AUP": 3325.0,
            "TV_p": 0.0,
            "AUP_p": 0.0
        },
        {
            "D": "200903",
            "TV": 0.0,
            "AUP": 3325.0,
            "TV_p": 0.0,
            "AUP_p": 0.0
        },
        {
            "D": "200904",
            "TV": 0.0,
            "AUP": 3325.0,
            "TV_p": 0.0,
            "AUP_p": 0.0
        },
        {
            "D": "200905",
            "TV": 0.0,
            "AUP": 3325.0,
            "TV_p": 0.0,
            "AUP_p": 0.0
        },
        {
            "D": "200906",
            "TV": 0.0,
            "AUP": 3325.0,
            "TV_p": 0.0,
            "AUP_p": 0.0
        },
        {
            "D": "200907",
            "TV": 0.0,
            "AUP": 3325.0,
            "TV_p": 0.0,
            "AUP_p": 0.0
        },
        {
            "D": "200908",
            "TV": 0.0,
            "AUP": 3325.0,
            "TV_p": 0.0,
            "AUP_p": 0.0
        },
        {
            "D": "200909",
            "TV": 1.0,
            "AUP": 4680.0,
            "TV_p": 0.0,
            "AUP_p": 40.75187969924812
        },
        {
            "D": "200910",
            "TV": 0.0,
            "AUP": 4680.0,
            "TV_p": 0.0,
            "AUP_p": 0.0
        },
        {
            "D": "200911",
            "TV": 0.0,
            "AUP": 4680.0,
            "TV_p": 0.0,
            "AUP_p": 0.0
        },
        {
            "D": "200912",
            "TV": 0.0,
            "AUP": 4680.0,
            "TV_p": 0.0,
            "AUP_p": 0.0
        },
        {
            "D": "201001",
            "TV": 0.0,
            "AUP": 4680.0,
            "TV_p": 0.0,
            "AUP_p": 0.0
        },
        {
            "D": "201002",
            "TV": 0.0,
            "AUP": 4680.0,
            "TV_p": 0.0,
            "AUP_p": 0.0
        },
        {
            "D": "201003",
            "TV": 0.0,
            "AUP": 4680.0,
            "TV_p": 0.0,
            "AUP_p": 0.0
        },
        {
            "D": "201004",
            "TV": 0.0,
            "AUP": 4680.0,
            "TV_p": 0.0,
            "AUP_p": 0.0
        },
        {
            "D": "201005",
            "TV": 0.0,
            "AUP": 4680.0,
            "TV_p": 0.0,
            "AUP_p": 0.0
        },
        {
            "D": "201006",
            "TV": 0.0,
            "AUP": 4680.0,
            "TV_p": 0.0,
            "AUP_p": 0.0
        },
        {
            "D": "201007",
            "TV": 0.0,
            "AUP": 4680.0,
            "TV_p": 0.0,
            "AUP_p": 0.0
        },
        {
            "D": "201008",
            "TV": 0.0,
            "AUP": 4680.0,
            "TV_p": 0.0,
            "AUP_p": 0.0
        },
        {
            "D": "201009",
            "TV": 0.0,
            "AUP": 4680.0,
            "TV_p": 0.0,
            "AUP_p": 0.0
        },
        {
            "D": "201010",
            "TV": 0.0,
            "AUP": 4680.0,
            "TV_p": 0.0,
            "AUP_p": 0.0
        },
        {
            "D": "201011",
            "TV": 0.0,
            "AUP": 4680.0,
            "TV_p": 0.0,
            "AUP_p": 0.0
        },
        {
            "D": "201012",
            "TV": 0.0,
            "AUP": 4680.0,
            "TV_p": 0.0,
            "AUP_p": 0.0
        },
        {
            "D": "201101",
            "TV": 0.0,
            "AUP": 4680.0,
            "TV_p": 0.0,
            "AUP_p": 0.0
        },
        {
            "D": "201102",
            "TV": 1.0,
            "AUP": 5023.0,
            "TV_p": 0.0,
            "AUP_p": 7.32905982905983
        },
        {
            "D": "201103",
            "TV": 0.0,
            "AUP": 5023.0,
            "TV_p": 0.0,
            "AUP_p": 0.0
        },
        {
            "D": "201104",
            "TV": 0.0,
            "AUP": 5023.0,
            "TV_p": 0.0,
            "AUP_p": 0.0
        },
        {
            "D": "201105",
            "TV": 0.0,
            "AUP": 5023.0,
            "TV_p": 0.0,
            "AUP_p": 0.0
        },
        {
            "D": "201106",
            "TV": 0.0,
            "AUP": 5023.0,
            "TV_p": 0.0,
            "AUP_p": 0.0
        },
        {
            "D": "201107",
            "TV": 0.0,
            "AUP": 5023.0,
            "TV_p": 0.0,
            "AUP_p": 0.0
        },
        {
            "D": "201108",
            "TV": 0.0,
            "AUP": 5023.0,
            "TV_p": 0.0,
            "AUP_p": 0.0
        },
        {
            "D": "201109",
            "TV": 0.0,
            "AUP": 5023.0,
            "TV_p": 0.0,
            "AUP_p": 0.0
        },
        {
            "D": "201110",
            "TV": 0.0,
            "AUP": 5023.0,
            "TV_p": 0.0,
            "AUP_p": 0.0
        },
        {
            "D": "201111",
            "TV": 1.0,
            "AUP": 7557.0,
            "TV_p": 0.0,
            "AUP_p": 50.44793947839936
        },
        {
            "D": "201112",
            "TV": 0.0,
            "AUP": 7557.0,
            "TV_p": 0.0,
            "AUP_p": 0.0
        },
        {
            "D": "201201",
            "TV": 0.0,
            "AUP": 7557.0,
            "TV_p": 0.0,
            "AUP_p": 0.0
        },
        {
            "D": "201202",
            "TV": 0.0,
            "AUP": 7557.0,
            "TV_p": 0.0,
            "AUP_p": 0.0
        },
        {
            "D": "201203",
            "TV": 0.0,
            "AUP": 7557.0,
            "TV_p": 0.0,
            "AUP_p": 0.0
        },
        {
            "D": "201204",
            "TV": 0.0,
            "AUP": 7557.0,
            "TV_p": 0.0,
            "AUP_p": 0.0
        },
        {
            "D": "201205",
            "TV": 0.0,
            "AUP": 7557.0,
            "TV_p": 0.0,
            "AUP_p": 0.0
        },
        {
            "D": "201206",
            "TV": 0.0,
            "AUP": 7557.0,
            "TV_p": 0.0,
            "AUP_p": 0.0
        },
        {
            "D": "201207",
            "TV": 0.0,
            "AUP": 7557.0,
            "TV_p": 0.0,
            "AUP_p": 0.0
        },
        {
            "D": "201208",
            "TV": 0.0,
            "AUP": 7557.0,
            "TV_p": 0.0,
            "AUP_p": 0.0
        },
        {
            "D": "201209",
            "TV": 0.0,
            "AUP": 7557.0,
            "TV_p": 0.0,
            "AUP_p": 0.0
        },
        {
            "D": "201210",
            "TV": 0.0,
            "AUP": 7557.0,
            "TV_p": 0.0,
            "AUP_p": 0.0
        },
        {
            "D": "201211",
            "TV": 0.0,
            "AUP": 7557.0,
            "TV_p": 0.0,
            "AUP_p": 0.0
        },
        {
            "D": "201212",
            "TV": 0.0,
            "AUP": 7557.0,
            "TV_p": 0.0,
            "AUP_p": 0.0
        },
        {
            "D": "201301",
            "TV": 0.0,
            "AUP": 7557.0,
            "TV_p": 0.0,
            "AUP_p": 0.0
        },
        {
            "D": "201302",
            "TV": 0.0,
            "AUP": 7557.0,
            "TV_p": 0.0,
            "AUP_p": 0.0
        },
        {
            "D": "201303",
            "TV": 0.0,
            "AUP": 7557.0,
            "TV_p": 0.0,
            "AUP_p": 0.0
        },
        {
            "D": "201304",
            "TV": 0.0,
            "AUP": 7557.0,
            "TV_p": 0.0,
            "AUP_p": 0.0
        },
        {
            "D": "201305",
            "TV": 0.0,
            "AUP": 7557.0,
            "TV_p": 0.0,
            "AUP_p": 0.0
        },
        {
            "D": "201306",
            "TV": 0.0,
            "AUP": 7557.0,
            "TV_p": 0.0,
            "AUP_p": 0.0
        },
        {
            "D": "201307",
            "TV": 0.0,
            "AUP": 7557.0,
            "TV_p": 0.0,
            "AUP_p": 0.0
        },
        {
            "D": "201308",
            "TV": 0.0,
            "AUP": 7557.0,
            "TV_p": 0.0,
            "AUP_p": 0.0
        },
        {
            "D": "201309",
            "TV": 0.0,
            "AUP": 7557.0,
            "TV_p": 0.0,
            "AUP_p": 0.0
        },
        {
            "D": "201310",
            "TV": 0.0,
            "AUP": 7557.0,
            "TV_p": 0.0,
            "AUP_p": 0.0
        },
        {
            "D": "201311",
            "TV": 0.0,
            "AUP": 7557.0,
            "TV_p": 0.0,
            "AUP_p": 0.0
        },
        {
            "D": "201312",
            "TV": 0.0,
            "AUP": 7557.0,
            "TV_p": 0.0,
            "AUP_p": 0.0
        },
        {
            "D": "201401",
            "TV": 1.0,
            "AUP": 7794.0,
            "TV_p": 0.0,
            "AUP_p": 3.136165144898769
        },
        {
            "D": "201402",
            "TV": 0.0,
            "AUP": 7794.0,
            "TV_p": 0.0,
            "AUP_p": 0.0
        },
        {
            "D": "201403",
            "TV": 1.0,
            "AUP": 9369.0,
            "TV_p": 0.0,
            "AUP_p": 20.207852193995382
        },
        {
            "D": "201404",
            "TV": 0.0,
            "AUP": 9369.0,
            "TV_p": 0.0,
            "AUP_p": 0.0
        },
        {
            "D": "201405",
            "TV": 0.0,
            "AUP": 9369.0,
            "TV_p": 0.0,
            "AUP_p": 0.0
        },
        {
            "D": "201406",
            "TV": 1.0,
            "AUP": 9995.0,
            "TV_p": 0.0,
            "AUP_p": 6.681609563453944
        },
        {
            "D": "201407",
            "TV": 0.0,
            "AUP": 9995.0,
            "TV_p": 0.0,
            "AUP_p": 0.0
        },
        {
            "D": "201408",
            "TV": 0.0,
            "AUP": 9995.0,
            "TV_p": 0.0,
            "AUP_p": 0.0
        },
        {
            "D": "201409",
            "TV": 1.0,
            "AUP": 9611.0,
            "TV_p": 0.0,
            "AUP_p": -3.84192096048024
        },
        {
            "D": "201410",
            "TV": 0.0,
            "AUP": 9611.0,
            "TV_p": 0.0,
            "AUP_p": 0.0
        },
        {
            "D": "201411",
            "TV": 1.0,
            "AUP": 9841.0,
            "TV_p": 0.0,
            "AUP_p": 2.3930912496098222
        },
        {
            "D": "201412",
            "TV": 0.0,
            "AUP": 9841.0,
            "TV_p": 0.0,
            "AUP_p": 0.0
        },
        {
            "D": "201501",
            "TV": 0.0,
            "AUP": 9841.0,
            "TV_p": 0.0,
            "AUP_p": 0.0
        },
        {
            "D": "201502",
            "TV": 0.0,
            "AUP": 9841.0,
            "TV_p": 0.0,
            "AUP_p": 0.0
        },
        {
            "D": "201503",
            "TV": 0.0,
            "AUP": 9841.0,
            "TV_p": 0.0,
            "AUP_p": 0.0
        },
        {
            "D": "201504",
            "TV": 0.0,
            "AUP": 9841.0,
            "TV_p": 0.0,
            "AUP_p": 0.0
        },
        {
            "D": "201505",
            "TV": 0.0,
            "AUP": 9841.0,
            "TV_p": 0.0,
            "AUP_p": 0.0
        },
        {
            "D": "201506",
            "TV": 0.0,
            "AUP": 9841.0,
            "TV_p": 0.0,
            "AUP_p": 0.0
        },
        {
            "D": "201507",
            "TV": 0.0,
            "AUP": 9841.0,
            "TV_p": 0.0,
            "AUP_p": 0.0
        },
        {
            "D": "201508",
            "TV": 0.0,
            "AUP": 9841.0,
            "TV_p": 0.0,
            "AUP_p": 0.0
        },
        {
            "D": "201509",
            "TV": 0.0,
            "AUP": 9841.0,
            "TV_p": 0.0,
            "AUP_p": 0.0
        },
        {
            "D": "201510",
            "TV": 0.0,
            "AUP": 9841.0,
            "TV_p": 0.0,
            "AUP_p": 0.0
        },
        {
            "D": "201511",
            "TV": 0.0,
            "AUP": 9841.0,
            "TV_p": 0.0,
            "AUP_p": 0.0
        },
        {
            "D": "201512",
            "TV": 0.0,
            "AUP": 9841.0,
            "TV_p": 0.0,
            "AUP_p": 0.0
        },
        {
            "D": "201601",
            "TV": 0.0,
            "AUP": 9841.0,
            "TV_p": 0.0,
            "AUP_p": 0.0
        },
        {
            "D": "201602",
            "TV": 0.0,
            "AUP": 9841.0,
            "TV_p": 0.0,
            "AUP_p": 0.0
        },
        {
            "D": "201603",
            "TV": 0.0,
            "AUP": 9841.0,
            "TV_p": 0.0,
            "AUP_p": 0.0
        },
        {
            "D": "201604",
            "TV": 0.0,
            "AUP": 9841.0,
            "TV_p": 0.0,
            "AUP_p": 0.0
        },
        {
            "D": "201605",
            "TV": 0.0,
            "AUP": 9841.0,
            "TV_p": 0.0,
            "AUP_p": 0.0
        },
        {
            "D": "201606",
            "TV": 0.0,
            "AUP": 9841.0,
            "TV_p": 0.0,
            "AUP_p": 0.0
        },
        {
            "D": "201607",
            "TV": 0.0,
            "AUP": 9841.0,
            "TV_p": 0.0,
            "AUP_p": 0.0
        },
        {
            "D": "201608",
            "TV": 0.0,
            "AUP": 9841.0,
            "TV_p": 0.0,
            "AUP_p": 0.0
        },
        {
            "D": "201609",
            "TV": 0.0,
            "AUP": 9841.0,
            "TV_p": 0.0,
            "AUP_p": 0.0
        },
        {
            "D": "201610",
            "TV": 0.0,
            "AUP": 9841.0,
            "TV_p": 0.0,
            "AUP_p": 0.0
        },
        {
            "D": "201611",
            "TV": 0.0,
            "AUP": 9841.0,
            "TV_p": 0.0,
            "AUP_p": 0.0
        },
        {
            "D": "201612",
            "TV": 0.0,
            "AUP": 9841.0,
            "TV_p": 0.0,
            "AUP_p": 0.0
        },
        {
            "D": "201701",
            "TV": 0.0,
            "AUP": 9841.0,
            "TV_p": 0.0,
            "AUP_p": 0.0
        },
        {
            "D": "201702",
            "TV": 0.0,
            "AUP": 9841.0,
            "TV_p": 0.0,
            "AUP_p": 0.0
        },
        {
            "D": "201703",
            "TV": 0.0,
            "AUP": 9841.0,
            "TV_p": 0.0,
            "AUP_p": 0.0
        },
        {
            "D": "201704",
            "TV": 0.0,
            "AUP": 9841.0,
            "TV_p": 0.0,
            "AUP_p": 0.0
        },
        {
            "D": "201705",
            "TV": 0.0,
            "AUP": 9841.0,
            "TV_p": 0.0,
            "AUP_p": 0.0
        },
        {
            "D": "201706",
            "TV": 0.0,
            "AUP": 9841.0,
            "TV_p": 0.0,
            "AUP_p": 0.0
        },
        {
            "D": "201707",
            "TV": 0.0,
            "AUP": 9841.0,
            "TV_p": 0.0,
            "AUP_p": 0.0
        },
        {
            "D": "201708",
            "TV": 0.0,
            "AUP": 9841.0,
            "TV_p": 0.0,
            "AUP_p": 0.0
        },
        {
            "D": "201709",
            "TV": 0.0,
            "AUP": 9841.0,
            "TV_p": 0.0,
            "AUP_p": 0.0
        },
        {
            "D": "201710",
            "TV": 0.0,
            "AUP": 9841.0,
            "TV_p": 0.0,
            "AUP_p": 0.0
        },
        {
            "D": "201711",
            "TV": 0.0,
            "AUP": 9841.0,
            "TV_p": 0.0,
            "AUP_p": 0.0
        },
        {
            "D": "201712",
            "TV": 0.0,
            "AUP": 9841.0,
            "TV_p": 0.0,
            "AUP_p": 0.0
        },
        {
            "D": "201801",
            "TV": 0.0,
            "AUP": 9841.0,
            "TV_p": 0.0,
            "AUP_p": 0.0
        },
        {
            "D": "201802",
            "TV": 0.0,
            "AUP": 9841.0,
            "TV_p": 0.0,
            "AUP_p": 0.0
        },
        {
            "D": "201803",
            "TV": 0.0,
            "AUP": 9841.0,
            "TV_p": 0.0,
            "AUP_p": 0.0
        },
        {
            "D": "201804",
            "TV": 0.0,
            "AUP": 9841.0,
            "TV_p": 0.0,
            "AUP_p": 0.0
        },
        {
            "D": "201805",
            "TV": 0.0,
            "AUP": 9841.0,
            "TV_p": 0.0,
            "AUP_p": 0.0
        },
        {
            "D": "201806",
            "TV": 0.0,
            "AUP": 9841.0,
            "TV_p": 0.0,
            "AUP_p": 0.0
        },
        {
            "D": "201807",
            "TV": 0.0,
            "AUP": 9841.0,
            "TV_p": 0.0,
            "AUP_p": 0.0
        },
        {
            "D": "201808",
            "TV": 0.0,
            "AUP": 9841.0,
            "TV_p": 0.0,
            "AUP_p": 0.0
        },
        {
            "D": "201809",
            "TV": 0.0,
            "AUP": 9841.0,
            "TV_p": 0.0,
            "AUP_p": 0.0
        },
        {
            "D": "201810",
            "TV": 0.0,
            "AUP": 9841.0,
            "TV_p": 0.0,
            "AUP_p": 0.0
        },
        {
            "D": "201811",
            "TV": 0.0,
            "AUP": 9841.0,
            "TV_p": 0.0,
            "AUP_p": 0.0
        },
        {
            "D": "201812",
            "TV": 0.0,
            "AUP": 9841.0,
            "TV_p": 0.0,
            "AUP_p": 0.0
        },
        {
            "D": "201901",
            "TV": 0.0,
            "AUP": 9841.0,
            "TV_p": 0.0,
            "AUP_p": 0.0
        },
        {
            "D": "201902",
            "TV": 0.0,
            "AUP": 9841.0,
            "TV_p": 0.0,
            "AUP_p": 0.0
        },
        {
            "D": "201903",
            "TV": 0.0,
            "AUP": 9841.0,
            "TV_p": 0.0,
            "AUP_p": 0.0
        },
        {
            "D": "201904",
            "TV": 0.0,
            "AUP": 9841.0,
            "TV_p": 0.0,
            "AUP_p": 0.0
        },
        {
            "D": "201905",
            "TV": 0.0,
            "AUP": 9841.0,
            "TV_p": 0.0,
            "AUP_p": 0.0
        },
        {
            "D": "201906",
            "TV": 0.0,
            "AUP": 9841.0,
            "TV_p": 0.0,
            "AUP_p": 0.0
        },
        {
            "D": "201907",
            "TV": 0.0,
            "AUP": 9841.0,
            "TV_p": 0.0,
            "AUP_p": 0.0
        },
        {
            "D": "201908",
            "TV": 0.0,
            "AUP": 9841.0,
            "TV_p": 0.0,
            "AUP_p": 0.0
        },
        {
            "D": "201909",
            "TV": 0.0,
            "AUP": 9841.0,
            "TV_p": 0.0,
            "AUP_p": 0.0
        },
        {
            "D": "201910",
            "TV": 0.0,
            "AUP": 9841.0,
            "TV_p": 0.0,
            "AUP_p": 0.0
        },
        {
            "D": "201911",
            "TV": 0.0,
            "AUP": 9841.0,
            "TV_p": 0.0,
            "AUP_p": 0.0
        },
        {
            "D": "201912",
            "TV": 0.0,
            "AUP": 9841.0,
            "TV_p": 0.0,
            "AUP_p": 0.0
        },
        {
            "D": "202001",
            "TV": 0.0,
            "AUP": 9841.0,
            "TV_p": 0.0,
            "AUP_p": 0.0
        },
        {
            "D": "202002",
            "TV": 0.0,
            "AUP": 9841.0,
            "TV_p": 0.0,
            "AUP_p": 0.0
        },
        {
            "D": "202003",
            "TV": 0.0,
            "AUP": 9841.0,
            "TV_p": 0.0,
            "AUP_p": 0.0
        },
        {
            "D": "202004",
            "TV": 0.0,
            "AUP": 9841.0,
            "TV_p": 0.0,
            "AUP_p": 0.0
        },
        {
            "D": "202005",
            "TV": 0.0,
            "AUP": 9841.0,
            "TV_p": 0.0,
            "AUP_p": 0.0
        },
        {
            "D": "202006",
            "TV": 0.0,
            "AUP": 9841.0,
            "TV_p": 0.0,
            "AUP_p": 0.0
        },
        {
            "D": "202007",
            "TV": 0.0,
            "AUP": 9841.0,
            "TV_p": 0.0,
            "AUP_p": 0.0
        },
        {
            "D": "202008",
            "TV": 0.0,
            "AUP": 9841.0,
            "TV_p": 0.0,
            "AUP_p": 0.0
        },
        {
            "D": "202009",
            "TV": 0.0,
            "AUP": 9841.0,
            "TV_p": 0.0,
            "AUP_p": 0.0
        },
        {
            "D": "202010",
            "TV": 0.0,
            "AUP": 9841.0,
            "TV_p": 0.0,
            "AUP_p": 0.0
        },
        {
            "D": "202011",
            "TV": 0.0,
            "AUP": 9841.0,
            "TV_p": 0.0,
            "AUP_p": 0.0
        },
        {
            "D": "202012",
            "TV": 0.0,
            "AUP": 9841.0,
            "TV_p": 0.0,
            "AUP_p": 0.0
        },
        {
            "D": "202101",
            "TV": 0.0,
            "AUP": 9841.0,
            "TV_p": 0.0,
            "AUP_p": 0.0
        },
        {
            "D": "202102",
            "TV": 0.0,
            "AUP": 9841.0,
            "TV_p": 0.0,
            "AUP_p": 0.0
        },
        {
            "D": "202103",
            "TV": 0.0,
            "AUP": 9841.0,
            "TV_p": 0.0,
            "AUP_p": 0.0
        },
        {
            "D": "202104",
            "TV": 0.0,
            "AUP": 9841.0,
            "TV_p": 0.0,
            "AUP_p": 0.0
        },
        {
            "D": "202105",
            "TV": 0.0,
            "AUP": 9841.0,
            "TV_p": 0.0,
            "AUP_p": 0.0
        },
        {
            "D": "202106",
            "TV": 0.0,
            "AUP": 9841.0,
            "TV_p": 0.0,
            "AUP_p": 0.0
        },
        {
            "D": "202107",
            "TV": 0.0,
            "AUP": 9841.0,
            "TV_p": 0.0,
            "AUP_p": 0.0
        },
        {
            "D": "202108",
            "TV": 0.0,
            "AUP": 9841.0,
            "TV_p": 0.0,
            "AUP_p": 0.0
        },
        {
            "D": "202109",
            "TV": 0.0,
            "AUP": 9841.0,
            "TV_p": 0.0,
            "AUP_p": 0.0
        },
        {
            "D": "202110",
            "TV": 0.0,
            "AUP": 9841.0,
            "TV_p": 0.0,
            "AUP_p": 0.0
        },
        {
            "D": "202111",
            "TV": 0.0,
            "AUP": 9841.0,
            "TV_p": 0.0,
            "AUP_p": 0.0
        },
        {
            "D": "202112",
            "TV": 0.0,
            "AUP": 9841.0,
            "TV_p": 0.0,
            "AUP_p": 0.0
        },
        {
            "D": "202201",
            "TV": 0.0,
            "AUP": 9841.0,
            "TV_p": 0.0,
            "AUP_p": 0.0
        },
        {
            "D": "202202",
            "TV": 0.0,
            "AUP": 9841.0,
            "TV_p": 0.0,
            "AUP_p": 0.0
        },
        {
            "D": "202203",
            "TV": 0.0,
            "AUP": 9841.0,
            "TV_p": 0.0,
            "AUP_p": 0.0
        },
        {
            "D": "202204",
            "TV": 0.0,
            "AUP": 9841.0,
            "TV_p": 0.0,
            "AUP_p": 0.0
        },
        {
            "D": "202205",
            "TV": 0.0,
            "AUP": 9841.0,
            "TV_p": 0.0,
            "AUP_p": 0.0
        },
        {
            "D": "202206",
            "TV": 0.0,
            "AUP": 9841.0,
            "TV_p": 0.0,
            "AUP_p": 0.0
        },
        {
            "D": "202207",
            "TV": 0.0,
            "AUP": 9841.0,
            "TV_p": 0.0,
            "AUP_p": 0.0
        },
        {
            "D": "202208",
            "TV": 0.0,
            "AUP": 9841.0,
            "TV_p": 0.0,
            "AUP_p": 0.0
        },
        {
            "D": "202209",
            "TV": 0.0,
            "AUP": 9841.0,
            "TV_p": 0.0,
            "AUP_p": 0.0
        },
        {
            "D": "202210",
            "TV": 0.0,
            "AUP": 9841.0,
            "TV_p": 0.0,
            "AUP_p": 0.0
        },
        {
            "D": "202211",
            "TV": 0.0,
            "AUP": 9841.0,
            "TV_p": 0.0,
            "AUP_p": 0.0
        },
        {
            "D": "202212",
            "TV": 0.0,
            "AUP": 9841.0,
            "TV_p": 0.0,
            "AUP_p": 0.0
        },
        {
            "D": "202301",
            "TV": 0.0,
            "AUP": 9841.0,
            "TV_p": 0.0,
            "AUP_p": 0.0
        },
        {
            "D": "202302",
            "TV": 0.0,
            "AUP": 9841.0,
            "TV_p": 0.0,
            "AUP_p": 0.0
        },
        {
            "D": "202303",
            "TV": 0.0,
            "AUP": 9841.0,
            "TV_p": 0.0,
            "AUP_p": 0.0
        },
        {
            "D": "202304",
            "TV": 0.0,
            "AUP": 9841.0,
            "TV_p": 0.0,
            "AUP_p": 0.0
        },
        {
            "D": "202305",
            "TV": 0.0,
            "AUP": 9841.0,
            "TV_p": 0.0,
            "AUP_p": 0.0
        },
        {
            "D": "202306",
            "TV": 0.0,
            "AUP": 9841.0,
            "TV_p": 0.0,
            "AUP_p": 0.0
        },
        {
            "D": "202307",
            "TV": 0.0,
            "AUP": 9841.0,
            "TV_p": 0.0,
            "AUP_p": 0.0
        },
        {
            "D": "202308",
            "TV": 0.0,
            "AUP": 9841.0,
            "TV_p": 0.0,
            "AUP_p": 0.0
        },
        {
            "D": "202309",
            "TV": 1.0,
            "AUP": 9375.0,
            "TV_p": 0.0,
            "AUP_p": -4.73529112895031
        },
        {
            "D": "202310",
            "TV": 0.0,
            "AUP": 9375.0,
            "TV_p": 0.0,
            "AUP_p": 0.0
        },
        {
            "D": "202311",
            "TV": 0.0,
            "AUP": 9375.0,
            "TV_p": 0.0,
            "AUP_p": 0.0
        },
        {
            "D": "202312",
            "TV": 0.0,
            "AUP": 9375.0,
            "TV_p": 0.0,
            "AUP_p": 0.0
        },
        {
            "D": "202401",
            "TV": 0.0,
            "AUP": 9375.0,
            "TV_p": 0.0,
            "AUP_p": 0.0
        },
        {
            "D": "202402",
            "TV": 0.0,
            "AUP": 9375.0,
            "TV_p": 0.0,
            "AUP_p": 0.0
        },
        {
            "D": "202403",
            "TV": 0.0,
            "AUP": 9375.0,
            "TV_p": 0.0,
            "AUP_p": 0.0
        },
        {
            "D": "202404",
            "TV": 0.0,
            "AUP": 9375.0,
            "TV_p": 0.0,
            "AUP_p": 0.0
        },
        {
            "D": "202405",
            "TV": 0.0,
            "AUP": 9375.0,
            "TV_p": 0.0,
            "AUP_p": 0.0
        },
        {
            "D": "202406",
            "TV": 0.0,
            "AUP": 9375.0,
            "TV_p": 0.0,
            "AUP_p": 0.0
        },
        {
            "D": "202407",
            "TV": 0.0,
            "AUP": 9375.0,
            "TV_p": 0.0,
            "AUP_p": 0.0
        }
    ],
    "MinDate": "199601",
    "MaxDate": "202407"
}