{
    "List": [
        {
            "D": "199601",
            "TV": 0.0,
            "AUP": 2796.0,
            "TV_p": 0.0,
            "AUP_p": 0.0
        },
        {
            "D": "199602",
            "TV": 0.0,
            "AUP": 2796.0,
            "TV_p": 0.0,
            "AUP_p": 0.0
        },
        {
            "D": "199603",
            "TV": 1.0,
            "AUP": 1398.0,
            "TV_p": 0.0,
            "AUP_p": -50.0
        },
        {
            "D": "199604",
            "TV": 0.0,
            "AUP": 1398.0,
            "TV_p": 0.0,
            "AUP_p": 0.0
        },
        {
            "D": "199605",
            "TV": 0.0,
            "AUP": 1398.0,
            "TV_p": 0.0,
            "AUP_p": 0.0
        },
        {
            "D": "199606",
            "TV": 1.0,
            "AUP": 2151.0,
            "TV_p": 0.0,
            "AUP_p": 53.862660944206006
        },
        {
            "D": "199607",
            "TV": 2.0,
            "AUP": 2845.5,
            "TV_p": 100.0,
            "AUP_p": 32.28730822873082
        },
        {
            "D": "199608",
            "TV": 1.0,
            "AUP": 1828.0,
            "TV_p": -50.0,
            "AUP_p": -35.75821472500439
        },
        {
            "D": "199609",
            "TV": 1.0,
            "AUP": 2971.0,
            "TV_p": 0.0,
            "AUP_p": 62.527352297593
        },
        {
            "D": "199610",
            "TV": 1.0,
            "AUP": 2796.0,
            "TV_p": 0.0,
            "AUP_p": -5.890272635476271
        },
        {
            "D": "199611",
            "TV": 1.0,
            "AUP": 4515.0,
            "TV_p": 0.0,
            "AUP_p": 61.480686695278976
        },
        {
            "D": "199612",
            "TV": 0.0,
            "AUP": 4515.0,
            "TV_p": 0.0,
            "AUP_p": 0.0
        },
        {
            "D": "199701",
            "TV": 0.0,
            "AUP": 4515.0,
            "TV_p": 0.0,
            "AUP_p": 0.0
        },
        {
            "D": "199702",
            "TV": 0.0,
            "AUP": 4515.0,
            "TV_p": 0.0,
            "AUP_p": 0.0
        },
        {
            "D": "199703",
            "TV": 0.0,
            "AUP": 4515.0,
            "TV_p": 0.0,
            "AUP_p": 0.0
        },
        {
            "D": "199704",
            "TV": 1.0,
            "AUP": 3643.0,
            "TV_p": 0.0,
            "AUP_p": -19.313399778516057
        },
        {
            "D": "199705",
            "TV": 0.0,
            "AUP": 3643.0,
            "TV_p": 0.0,
            "AUP_p": 0.0
        },
        {
            "D": "199706",
            "TV": 2.0,
            "AUP": 4097.5,
            "TV_p": 0.0,
            "AUP_p": 12.475981334065331
        },
        {
            "D": "199707",
            "TV": 0.0,
            "AUP": 4097.5,
            "TV_p": 0.0,
            "AUP_p": 0.0
        },
        {
            "D": "199708",
            "TV": 0.0,
            "AUP": 4097.5,
            "TV_p": 0.0,
            "AUP_p": 0.0
        },
        {
            "D": "199709",
            "TV": 2.0,
            "AUP": 4036.0,
            "TV_p": 0.0,
            "AUP_p": -1.50091519219036
        },
        {
            "D": "199710",
            "TV": 0.0,
            "AUP": 4036.0,
            "TV_p": 0.0,
            "AUP_p": 0.0
        },
        {
            "D": "199711",
            "TV": 0.0,
            "AUP": 4036.0,
            "TV_p": 0.0,
            "AUP_p": 0.0
        },
        {
            "D": "199712",
            "TV": 0.0,
            "AUP": 4036.0,
            "TV_p": 0.0,
            "AUP_p": 0.0
        },
        {
            "D": "199801",
            "TV": 0.0,
            "AUP": 4036.0,
            "TV_p": 0.0,
            "AUP_p": 0.0
        },
        {
            "D": "199802",
            "TV": 0.0,
            "AUP": 4036.0,
            "TV_p": 0.0,
            "AUP_p": 0.0
        },
        {
            "D": "199803",
            "TV": 0.0,
            "AUP": 4036.0,
            "TV_p": 0.0,
            "AUP_p": 0.0
        },
        {
            "D": "199804",
            "TV": 1.0,
            "AUP": 3328.0,
            "TV_p": 0.0,
            "AUP_p": -17.542120911793855
        },
        {
            "D": "199805",
            "TV": 0.0,
            "AUP": 3328.0,
            "TV_p": 0.0,
            "AUP_p": 0.0
        },
        {
            "D": "199806",
            "TV": 1.0,
            "AUP": 2985.0,
            "TV_p": 0.0,
            "AUP_p": -10.306490384615383
        },
        {
            "D": "199807",
            "TV": 0.0,
            "AUP": 2985.0,
            "TV_p": 0.0,
            "AUP_p": 0.0
        },
        {
            "D": "199808",
            "TV": 0.0,
            "AUP": 2985.0,
            "TV_p": 0.0,
            "AUP_p": 0.0
        },
        {
            "D": "199809",
            "TV": 1.0,
            "AUP": 2903.0,
            "TV_p": 0.0,
            "AUP_p": -2.747068676716918
        },
        {
            "D": "199810",
            "TV": 0.0,
            "AUP": 2903.0,
            "TV_p": 0.0,
            "AUP_p": 0.0
        },
        {
            "D": "199811",
            "TV": 0.0,
            "AUP": 2903.0,
            "TV_p": 0.0,
            "AUP_p": 0.0
        },
        {
            "D": "199812",
            "TV": 0.0,
            "AUP": 2903.0,
            "TV_p": 0.0,
            "AUP_p": 0.0
        },
        {
            "D": "199901",
            "TV": 0.0,
            "AUP": 2903.0,
            "TV_p": 0.0,
            "AUP_p": 0.0
        },
        {
            "D": "199902",
            "TV": 0.0,
            "AUP": 2903.0,
            "TV_p": 0.0,
            "AUP_p": 0.0
        },
        {
            "D": "199903",
            "TV": 0.0,
            "AUP": 2903.0,
            "TV_p": 0.0,
            "AUP_p": 0.0
        },
        {
            "D": "199904",
            "TV": 0.0,
            "AUP": 2903.0,
            "TV_p": 0.0,
            "AUP_p": 0.0
        },
        {
            "D": "199905",
            "TV": 0.0,
            "AUP": 2903.0,
            "TV_p": 0.0,
            "AUP_p": 0.0
        },
        {
            "D": "199906",
            "TV": 0.0,
            "AUP": 2903.0,
            "TV_p": 0.0,
            "AUP_p": 0.0
        },
        {
            "D": "199907",
            "TV": 0.0,
            "AUP": 2903.0,
            "TV_p": 0.0,
            "AUP_p": 0.0
        },
        {
            "D": "199908",
            "TV": 0.0,
            "AUP": 2903.0,
            "TV_p": 0.0,
            "AUP_p": 0.0
        },
        {
            "D": "199909",
            "TV": 1.0,
            "AUP": 3226.0,
            "TV_p": 0.0,
            "AUP_p": 11.126420943851189
        },
        {
            "D": "199910",
            "TV": 0.0,
            "AUP": 3226.0,
            "TV_p": 0.0,
            "AUP_p": 0.0
        },
        {
            "D": "199911",
            "TV": 0.0,
            "AUP": 3226.0,
            "TV_p": 0.0,
            "AUP_p": 0.0
        },
        {
            "D": "199912",
            "TV": 0.0,
            "AUP": 3226.0,
            "TV_p": 0.0,
            "AUP_p": 0.0
        },
        {
            "D": "200001",
            "TV": 0.0,
            "AUP": 3226.0,
            "TV_p": 0.0,
            "AUP_p": 0.0
        },
        {
            "D": "200002",
            "TV": 0.0,
            "AUP": 3226.0,
            "TV_p": 0.0,
            "AUP_p": 0.0
        },
        {
            "D": "200003",
            "TV": 1.0,
            "AUP": 1790.0,
            "TV_p": 0.0,
            "AUP_p": -44.51332920024799
        },
        {
            "D": "200004",
            "TV": 0.0,
            "AUP": 1790.0,
            "TV_p": 0.0,
            "AUP_p": 0.0
        },
        {
            "D": "200005",
            "TV": 0.0,
            "AUP": 1790.0,
            "TV_p": 0.0,
            "AUP_p": 0.0
        },
        {
            "D": "200006",
            "TV": 0.0,
            "AUP": 1790.0,
            "TV_p": 0.0,
            "AUP_p": 0.0
        },
        {
            "D": "200007",
            "TV": 0.0,
            "AUP": 1790.0,
            "TV_p": 0.0,
            "AUP_p": 0.0
        },
        {
            "D": "200008",
            "TV": 1.0,
            "AUP": 2445.0,
            "TV_p": 0.0,
            "AUP_p": 36.592178770949715
        },
        {
            "D": "200009",
            "TV": 0.0,
            "AUP": 2445.0,
            "TV_p": 0.0,
            "AUP_p": 0.0
        },
        {
            "D": "200010",
            "TV": 0.0,
            "AUP": 2445.0,
            "TV_p": 0.0,
            "AUP_p": 0.0
        },
        {
            "D": "200011",
            "TV": 0.0,
            "AUP": 2445.0,
            "TV_p": 0.0,
            "AUP_p": 0.0
        },
        {
            "D": "200012",
            "TV": 0.0,
            "AUP": 2445.0,
            "TV_p": 0.0,
            "AUP_p": 0.0
        },
        {
            "D": "200101",
            "TV": 0.0,
            "AUP": 2445.0,
            "TV_p": 0.0,
            "AUP_p": 0.0
        },
        {
            "D": "200102",
            "TV": 0.0,
            "AUP": 2445.0,
            "TV_p": 0.0,
            "AUP_p": 0.0
        },
        {
            "D": "200103",
            "TV": 0.0,
            "AUP": 2445.0,
            "TV_p": 0.0,
            "AUP_p": 0.0
        },
        {
            "D": "200104",
            "TV": 2.0,
            "AUP": 1596.5,
            "TV_p": 0.0,
            "AUP_p": -34.70347648261758
        },
        {
            "D": "200105",
            "TV": 0.0,
            "AUP": 1596.5,
            "TV_p": 0.0,
            "AUP_p": 0.0
        },
        {
            "D": "200106",
            "TV": 0.0,
            "AUP": 1596.5,
            "TV_p": 0.0,
            "AUP_p": 0.0
        },
        {
            "D": "200107",
            "TV": 0.0,
            "AUP": 1596.5,
            "TV_p": 0.0,
            "AUP_p": 0.0
        },
        {
            "D": "200108",
            "TV": 0.0,
            "AUP": 1596.5,
            "TV_p": 0.0,
            "AUP_p": 0.0
        },
        {
            "D": "200109",
            "TV": 0.0,
            "AUP": 1596.5,
            "TV_p": 0.0,
            "AUP_p": 0.0
        },
        {
            "D": "200110",
            "TV": 1.0,
            "AUP": 1113.0,
            "TV_p": 0.0,
            "AUP_p": -30.284998434074538
        },
        {
            "D": "200111",
            "TV": 1.0,
            "AUP": 2105.0,
            "TV_p": 0.0,
            "AUP_p": 89.12848158131177
        },
        {
            "D": "200112",
            "TV": 0.0,
            "AUP": 2105.0,
            "TV_p": 0.0,
            "AUP_p": 0.0
        },
        {
            "D": "200201",
            "TV": 0.0,
            "AUP": 2105.0,
            "TV_p": 0.0,
            "AUP_p": 0.0
        },
        {
            "D": "200202",
            "TV": 0.0,
            "AUP": 2105.0,
            "TV_p": 0.0,
            "AUP_p": 0.0
        },
        {
            "D": "200203",
            "TV": 0.0,
            "AUP": 2105.0,
            "TV_p": 0.0,
            "AUP_p": 0.0
        },
        {
            "D": "200204",
            "TV": 0.0,
            "AUP": 2105.0,
            "TV_p": 0.0,
            "AUP_p": 0.0
        },
        {
            "D": "200205",
            "TV": 0.0,
            "AUP": 2105.0,
            "TV_p": 0.0,
            "AUP_p": 0.0
        },
        {
            "D": "200206",
            "TV": 1.0,
            "AUP": 1662.0,
            "TV_p": 0.0,
            "AUP_p": -21.045130641330168
        },
        {
            "D": "200207",
            "TV": 0.0,
            "AUP": 1662.0,
            "TV_p": 0.0,
            "AUP_p": 0.0
        },
        {
            "D": "200208",
            "TV": 0.0,
            "AUP": 1662.0,
            "TV_p": 0.0,
            "AUP_p": 0.0
        },
        {
            "D": "200209",
            "TV": 0.0,
            "AUP": 1662.0,
            "TV_p": 0.0,
            "AUP_p": 0.0
        },
        {
            "D": "200210",
            "TV": 1.0,
            "AUP": 2584.0,
            "TV_p": 0.0,
            "AUP_p": 55.47533092659447
        },
        {
            "D": "200211",
            "TV": 0.0,
            "AUP": 2584.0,
            "TV_p": 0.0,
            "AUP_p": 0.0
        },
        {
            "D": "200212",
            "TV": 0.0,
            "AUP": 2584.0,
            "TV_p": 0.0,
            "AUP_p": 0.0
        },
        {
            "D": "200301",
            "TV": 3.0,
            "AUP": 1796.333,
            "TV_p": 0.0,
            "AUP_p": -30.48245615325077
        },
        {
            "D": "200302",
            "TV": 0.0,
            "AUP": 1796.333,
            "TV_p": 0.0,
            "AUP_p": 0.0
        },
        {
            "D": "200303",
            "TV": 0.0,
            "AUP": 1796.333,
            "TV_p": 0.0,
            "AUP_p": 0.0
        },
        {
            "D": "200304",
            "TV": 0.0,
            "AUP": 1796.333,
            "TV_p": 0.0,
            "AUP_p": 0.0
        },
        {
            "D": "200305",
            "TV": 2.0,
            "AUP": 1447.5,
            "TV_p": 0.0,
            "AUP_p": -19.419187218300095
        },
        {
            "D": "200306",
            "TV": 0.0,
            "AUP": 1447.5,
            "TV_p": 0.0,
            "AUP_p": 0.0
        },
        {
            "D": "200307",
            "TV": 0.0,
            "AUP": 1447.5,
            "TV_p": 0.0,
            "AUP_p": 0.0
        },
        {
            "D": "200308",
            "TV": 1.0,
            "AUP": 1741.0,
            "TV_p": 0.0,
            "AUP_p": 20.276338514680482
        },
        {
            "D": "200309",
            "TV": 1.0,
            "AUP": 1660.0,
            "TV_p": 0.0,
            "AUP_p": -4.652498564043653
        },
        {
            "D": "200310",
            "TV": 1.0,
            "AUP": 1943.0,
            "TV_p": 0.0,
            "AUP_p": 17.048192771084338
        },
        {
            "D": "200311",
            "TV": 0.0,
            "AUP": 1943.0,
            "TV_p": 0.0,
            "AUP_p": 0.0
        },
        {
            "D": "200312",
            "TV": 1.0,
            "AUP": 1505.0,
            "TV_p": 0.0,
            "AUP_p": -22.54246011322697
        },
        {
            "D": "200401",
            "TV": 2.0,
            "AUP": 1903.5,
            "TV_p": 100.0,
            "AUP_p": 26.478405315614616
        },
        {
            "D": "200402",
            "TV": 0.0,
            "AUP": 1903.5,
            "TV_p": 0.0,
            "AUP_p": 0.0
        },
        {
            "D": "200403",
            "TV": 1.0,
            "AUP": 2839.0,
            "TV_p": 0.0,
            "AUP_p": 49.14630942999737
        },
        {
            "D": "200404",
            "TV": 1.0,
            "AUP": 538.0,
            "TV_p": 0.0,
            "AUP_p": -81.04966537513208
        },
        {
            "D": "200405",
            "TV": 0.0,
            "AUP": 538.0,
            "TV_p": 0.0,
            "AUP_p": 0.0
        },
        {
            "D": "200406",
            "TV": 0.0,
            "AUP": 538.0,
            "TV_p": 0.0,
            "AUP_p": 0.0
        },
        {
            "D": "200407",
            "TV": 1.0,
            "AUP": 1478.0,
            "TV_p": 0.0,
            "AUP_p": 174.7211895910781
        },
        {
            "D": "200408",
            "TV": 0.0,
            "AUP": 1478.0,
            "TV_p": 0.0,
            "AUP_p": 0.0
        },
        {
            "D": "200409",
            "TV": 1.0,
            "AUP": 1763.0,
            "TV_p": 0.0,
            "AUP_p": 19.282814614343707
        },
        {
            "D": "200410",
            "TV": 0.0,
            "AUP": 1763.0,
            "TV_p": 0.0,
            "AUP_p": 0.0
        },
        {
            "D": "200411",
            "TV": 1.0,
            "AUP": 2258.0,
            "TV_p": 0.0,
            "AUP_p": 28.077141236528647
        },
        {
            "D": "200412",
            "TV": 0.0,
            "AUP": 2258.0,
            "TV_p": 0.0,
            "AUP_p": 0.0
        },
        {
            "D": "200501",
            "TV": 1.0,
            "AUP": 1978.0,
            "TV_p": 0.0,
            "AUP_p": -12.400354295837024
        },
        {
            "D": "200502",
            "TV": 1.0,
            "AUP": 1912.0,
            "TV_p": 0.0,
            "AUP_p": -3.336703741152679
        },
        {
            "D": "200503",
            "TV": 2.0,
            "AUP": 2482.0,
            "TV_p": 100.0,
            "AUP_p": 29.811715481171547
        },
        {
            "D": "200504",
            "TV": 2.0,
            "AUP": 2500.5,
            "TV_p": 0.0,
            "AUP_p": 0.7453666398066076
        },
        {
            "D": "200505",
            "TV": 1.0,
            "AUP": 2372.0,
            "TV_p": -50.0,
            "AUP_p": -5.138972205558888
        },
        {
            "D": "200506",
            "TV": 1.0,
            "AUP": 2308.0,
            "TV_p": 0.0,
            "AUP_p": -2.6981450252951094
        },
        {
            "D": "200507",
            "TV": 4.0,
            "AUP": 2438.25,
            "TV_p": 300.0,
            "AUP_p": 5.6434142114384755
        },
        {
            "D": "200508",
            "TV": 1.0,
            "AUP": 2538.0,
            "TV_p": -75.0,
            "AUP_p": 4.091048908028299
        },
        {
            "D": "200509",
            "TV": 0.0,
            "AUP": 2538.0,
            "TV_p": 0.0,
            "AUP_p": 0.0
        },
        {
            "D": "200510",
            "TV": 0.0,
            "AUP": 2538.0,
            "TV_p": 0.0,
            "AUP_p": 0.0
        },
        {
            "D": "200511",
            "TV": 0.0,
            "AUP": 2538.0,
            "TV_p": 0.0,
            "AUP_p": 0.0
        },
        {
            "D": "200512",
            "TV": 0.0,
            "AUP": 2538.0,
            "TV_p": 0.0,
            "AUP_p": 0.0
        },
        {
            "D": "200601",
            "TV": 0.0,
            "AUP": 2538.0,
            "TV_p": 0.0,
            "AUP_p": 0.0
        },
        {
            "D": "200602",
            "TV": 0.0,
            "AUP": 2538.0,
            "TV_p": 0.0,
            "AUP_p": 0.0
        },
        {
            "D": "200603",
            "TV": 2.0,
            "AUP": 2280.5,
            "TV_p": 0.0,
            "AUP_p": -10.145784081954295
        },
        {
            "D": "200604",
            "TV": 1.0,
            "AUP": 3129.0,
            "TV_p": -50.0,
            "AUP_p": 37.206752905064675
        },
        {
            "D": "200605",
            "TV": 1.0,
            "AUP": 2157.0,
            "TV_p": 0.0,
            "AUP_p": -31.064237775647175
        },
        {
            "D": "200606",
            "TV": 0.0,
            "AUP": 2157.0,
            "TV_p": 0.0,
            "AUP_p": 0.0
        },
        {
            "D": "200607",
            "TV": 1.0,
            "AUP": 2753.0,
            "TV_p": 0.0,
            "AUP_p": 27.63096893834029
        },
        {
            "D": "200608",
            "TV": 0.0,
            "AUP": 2753.0,
            "TV_p": 0.0,
            "AUP_p": 0.0
        },
        {
            "D": "200609",
            "TV": 0.0,
            "AUP": 2753.0,
            "TV_p": 0.0,
            "AUP_p": 0.0
        },
        {
            "D": "200610",
            "TV": 0.0,
            "AUP": 2753.0,
            "TV_p": 0.0,
            "AUP_p": 0.0
        },
        {
            "D": "200611",
            "TV": 0.0,
            "AUP": 2753.0,
            "TV_p": 0.0,
            "AUP_p": 0.0
        },
        {
            "D": "200612",
            "TV": 0.0,
            "AUP": 2753.0,
            "TV_p": 0.0,
            "AUP_p": 0.0
        },
        {
            "D": "200701",
            "TV": 0.0,
            "AUP": 2753.0,
            "TV_p": 0.0,
            "AUP_p": 0.0
        },
        {
            "D": "200702",
            "TV": 1.0,
            "AUP": 3227.0,
            "TV_p": 0.0,
            "AUP_p": 17.217580820922628
        },
        {
            "D": "200703",
            "TV": 1.0,
            "AUP": 317.0,
            "TV_p": 0.0,
            "AUP_p": -90.17663464518128
        },
        {
            "D": "200704",
            "TV": 0.0,
            "AUP": 317.0,
            "TV_p": 0.0,
            "AUP_p": 0.0
        },
        {
            "D": "200705",
            "TV": 1.0,
            "AUP": 3312.0,
            "TV_p": 0.0,
            "AUP_p": 944.794952681388
        },
        {
            "D": "200706",
            "TV": 0.0,
            "AUP": 3312.0,
            "TV_p": 0.0,
            "AUP_p": 0.0
        },
        {
            "D": "200707",
            "TV": 1.0,
            "AUP": 2753.0,
            "TV_p": 0.0,
            "AUP_p": -16.8780193236715
        },
        {
            "D": "200708",
            "TV": 1.0,
            "AUP": 3613.0,
            "TV_p": 0.0,
            "AUP_p": 31.238648746821653
        },
        {
            "D": "200709",
            "TV": 2.0,
            "AUP": 2513.0,
            "TV_p": 100.0,
            "AUP_p": -30.445613063935788
        },
        {
            "D": "200710",
            "TV": 0.0,
            "AUP": 2513.0,
            "TV_p": 0.0,
            "AUP_p": 0.0
        },
        {
            "D": "200711",
            "TV": 0.0,
            "AUP": 2513.0,
            "TV_p": 0.0,
            "AUP_p": 0.0
        },
        {
            "D": "200712",
            "TV": 0.0,
            "AUP": 2513.0,
            "TV_p": 0.0,
            "AUP_p": 0.0
        },
        {
            "D": "200801",
            "TV": 1.0,
            "AUP": 4081.0,
            "TV_p": 0.0,
            "AUP_p": 62.39554317548747
        },
        {
            "D": "200802",
            "TV": 0.0,
            "AUP": 4081.0,
            "TV_p": 0.0,
            "AUP_p": 0.0
        },
        {
            "D": "200803",
            "TV": 0.0,
            "AUP": 4081.0,
            "TV_p": 0.0,
            "AUP_p": 0.0
        },
        {
            "D": "200804",
            "TV": 0.0,
            "AUP": 4081.0,
            "TV_p": 0.0,
            "AUP_p": 0.0
        },
        {
            "D": "200805",
            "TV": 0.0,
            "AUP": 4081.0,
            "TV_p": 0.0,
            "AUP_p": 0.0
        },
        {
            "D": "200806",
            "TV": 0.0,
            "AUP": 4081.0,
            "TV_p": 0.0,
            "AUP_p": 0.0
        },
        {
            "D": "200807",
            "TV": 0.0,
            "AUP": 4081.0,
            "TV_p": 0.0,
            "AUP_p": 0.0
        },
        {
            "D": "200808",
            "TV": 1.0,
            "AUP": 4015.0,
            "TV_p": 0.0,
            "AUP_p": -1.6172506738544474
        },
        {
            "D": "200809",
            "TV": 1.0,
            "AUP": 2841.0,
            "TV_p": 0.0,
            "AUP_p": -29.24034869240349
        },
        {
            "D": "200810",
            "TV": 0.0,
            "AUP": 2841.0,
            "TV_p": 0.0,
            "AUP_p": 0.0
        },
        {
            "D": "200811",
            "TV": 0.0,
            "AUP": 2841.0,
            "TV_p": 0.0,
            "AUP_p": 0.0
        },
        {
            "D": "200812",
            "TV": 0.0,
            "AUP": 2841.0,
            "TV_p": 0.0,
            "AUP_p": 0.0
        },
        {
            "D": "200901",
            "TV": 1.0,
            "AUP": 2968.0,
            "TV_p": 0.0,
            "AUP_p": 4.470256951777543
        },
        {
            "D": "200902",
            "TV": 0.0,
            "AUP": 2968.0,
            "TV_p": 0.0,
            "AUP_p": 0.0
        },
        {
            "D": "200903",
            "TV": 0.0,
            "AUP": 2968.0,
            "TV_p": 0.0,
            "AUP_p": 0.0
        },
        {
            "D": "200904",
            "TV": 0.0,
            "AUP": 2968.0,
            "TV_p": 0.0,
            "AUP_p": 0.0
        },
        {
            "D": "200905",
            "TV": 0.0,
            "AUP": 2968.0,
            "TV_p": 0.0,
            "AUP_p": 0.0
        },
        {
            "D": "200906",
            "TV": 0.0,
            "AUP": 2968.0,
            "TV_p": 0.0,
            "AUP_p": 0.0
        },
        {
            "D": "200907",
            "TV": 0.0,
            "AUP": 2968.0,
            "TV_p": 0.0,
            "AUP_p": 0.0
        },
        {
            "D": "200908",
            "TV": 0.0,
            "AUP": 2968.0,
            "TV_p": 0.0,
            "AUP_p": 0.0
        },
        {
            "D": "200909",
            "TV": 1.0,
            "AUP": 4086.0,
            "TV_p": 0.0,
            "AUP_p": 37.668463611859835
        },
        {
            "D": "200910",
            "TV": 0.0,
            "AUP": 4086.0,
            "TV_p": 0.0,
            "AUP_p": 0.0
        },
        {
            "D": "200911",
            "TV": 2.0,
            "AUP": 4413.5,
            "TV_p": 0.0,
            "AUP_p": 8.015173764072442
        },
        {
            "D": "200912",
            "TV": 0.0,
            "AUP": 4413.5,
            "TV_p": 0.0,
            "AUP_p": 0.0
        },
        {
            "D": "201001",
            "TV": 1.0,
            "AUP": 4844.0,
            "TV_p": 0.0,
            "AUP_p": 9.754163362410786
        },
        {
            "D": "201002",
            "TV": 1.0,
            "AUP": 4636.0,
            "TV_p": 0.0,
            "AUP_p": -4.293971924029727
        },
        {
            "D": "201003",
            "TV": 2.0,
            "AUP": 5079.5,
            "TV_p": 100.0,
            "AUP_p": 9.566436583261433
        },
        {
            "D": "201004",
            "TV": 1.0,
            "AUP": 5079.5,
            "TV_p": -50.0,
            "AUP_p": 0.0
        },
        {
            "D": "201005",
            "TV": 0.0,
            "AUP": 5079.5,
            "TV_p": 0.0,
            "AUP_p": 0.0
        },
        {
            "D": "201006",
            "TV": 0.0,
            "AUP": 5079.5,
            "TV_p": 0.0,
            "AUP_p": 0.0
        },
        {
            "D": "201007",
            "TV": 1.0,
            "AUP": 5316.0,
            "TV_p": 0.0,
            "AUP_p": 4.655970075794862
        },
        {
            "D": "201008",
            "TV": 1.0,
            "AUP": 5770.0,
            "TV_p": 0.0,
            "AUP_p": 8.540255831452221
        },
        {
            "D": "201009",
            "TV": 0.0,
            "AUP": 5770.0,
            "TV_p": 0.0,
            "AUP_p": 0.0
        },
        {
            "D": "201010",
            "TV": 0.0,
            "AUP": 5770.0,
            "TV_p": 0.0,
            "AUP_p": 0.0
        },
        {
            "D": "201011",
            "TV": 0.0,
            "AUP": 5770.0,
            "TV_p": 0.0,
            "AUP_p": 0.0
        },
        {
            "D": "201012",
            "TV": 0.0,
            "AUP": 5770.0,
            "TV_p": 0.0,
            "AUP_p": 0.0
        },
        {
            "D": "201101",
            "TV": 0.0,
            "AUP": 5770.0,
            "TV_p": 0.0,
            "AUP_p": 0.0
        },
        {
            "D": "201102",
            "TV": 0.0,
            "AUP": 5770.0,
            "TV_p": 0.0,
            "AUP_p": 0.0
        },
        {
            "D": "201103",
            "TV": 0.0,
            "AUP": 5770.0,
            "TV_p": 0.0,
            "AUP_p": 0.0
        },
        {
            "D": "201104",
            "TV": 1.0,
            "AUP": 5105.0,
            "TV_p": 0.0,
            "AUP_p": -11.525129982668977
        },
        {
            "D": "201105",
            "TV": 0.0,
            "AUP": 5105.0,
            "TV_p": 0.0,
            "AUP_p": 0.0
        },
        {
            "D": "201106",
            "TV": 0.0,
            "AUP": 5105.0,
            "TV_p": 0.0,
            "AUP_p": 0.0
        },
        {
            "D": "201107",
            "TV": 0.0,
            "AUP": 5105.0,
            "TV_p": 0.0,
            "AUP_p": 0.0
        },
        {
            "D": "201108",
            "TV": 0.0,
            "AUP": 5105.0,
            "TV_p": 0.0,
            "AUP_p": 0.0
        },
        {
            "D": "201109",
            "TV": 0.0,
            "AUP": 5105.0,
            "TV_p": 0.0,
            "AUP_p": 0.0
        },
        {
            "D": "201110",
            "TV": 0.0,
            "AUP": 5105.0,
            "TV_p": 0.0,
            "AUP_p": 0.0
        },
        {
            "D": "201111",
            "TV": 1.0,
            "AUP": 5012.0,
            "TV_p": 0.0,
            "AUP_p": -1.821743388834476
        },
        {
            "D": "201112",
            "TV": 0.0,
            "AUP": 5012.0,
            "TV_p": 0.0,
            "AUP_p": 0.0
        },
        {
            "D": "201201",
            "TV": 0.0,
            "AUP": 5012.0,
            "TV_p": 0.0,
            "AUP_p": 0.0
        },
        {
            "D": "201202",
            "TV": 1.0,
            "AUP": 6924.0,
            "TV_p": 0.0,
            "AUP_p": 38.14844373503591
        },
        {
            "D": "201203",
            "TV": 0.0,
            "AUP": 6924.0,
            "TV_p": 0.0,
            "AUP_p": 0.0
        },
        {
            "D": "201204",
            "TV": 1.0,
            "AUP": 7129.0,
            "TV_p": 0.0,
            "AUP_p": 2.960716348931254
        },
        {
            "D": "201205",
            "TV": 0.0,
            "AUP": 7129.0,
            "TV_p": 0.0,
            "AUP_p": 0.0
        },
        {
            "D": "201206",
            "TV": 0.0,
            "AUP": 7129.0,
            "TV_p": 0.0,
            "AUP_p": 0.0
        },
        {
            "D": "201207",
            "TV": 0.0,
            "AUP": 7129.0,
            "TV_p": 0.0,
            "AUP_p": 0.0
        },
        {
            "D": "201208",
            "TV": 1.0,
            "AUP": 7587.0,
            "TV_p": 0.0,
            "AUP_p": 6.424463459110674
        },
        {
            "D": "201209",
            "TV": 0.0,
            "AUP": 7587.0,
            "TV_p": 0.0,
            "AUP_p": 0.0
        },
        {
            "D": "201210",
            "TV": 0.0,
            "AUP": 7587.0,
            "TV_p": 0.0,
            "AUP_p": 0.0
        },
        {
            "D": "201211",
            "TV": 0.0,
            "AUP": 7587.0,
            "TV_p": 0.0,
            "AUP_p": 0.0
        },
        {
            "D": "201212",
            "TV": 0.0,
            "AUP": 7587.0,
            "TV_p": 0.0,
            "AUP_p": 0.0
        },
        {
            "D": "201301",
            "TV": 1.0,
            "AUP": 7530.0,
            "TV_p": 0.0,
            "AUP_p": -0.7512850929221035
        },
        {
            "D": "201302",
            "TV": 0.0,
            "AUP": 7530.0,
            "TV_p": 0.0,
            "AUP_p": 0.0
        },
        {
            "D": "201303",
            "TV": 0.0,
            "AUP": 7530.0,
            "TV_p": 0.0,
            "AUP_p": 0.0
        },
        {
            "D": "201304",
            "TV": 0.0,
            "AUP": 7530.0,
            "TV_p": 0.0,
            "AUP_p": 0.0
        },
        {
            "D": "201305",
            "TV": 0.0,
            "AUP": 7530.0,
            "TV_p": 0.0,
            "AUP_p": 0.0
        },
        {
            "D": "201306",
            "TV": 0.0,
            "AUP": 7530.0,
            "TV_p": 0.0,
            "AUP_p": 0.0
        },
        {
            "D": "201307",
            "TV": 1.0,
            "AUP": 8324.0,
            "TV_p": 0.0,
            "AUP_p": 10.544488711819389
        },
        {
            "D": "201308",
            "TV": 0.0,
            "AUP": 8324.0,
            "TV_p": 0.0,
            "AUP_p": 0.0
        },
        {
            "D": "201309",
            "TV": 0.0,
            "AUP": 8324.0,
            "TV_p": 0.0,
            "AUP_p": 0.0
        },
        {
            "D": "201310",
            "TV": 0.0,
            "AUP": 8324.0,
            "TV_p": 0.0,
            "AUP_p": 0.0
        },
        {
            "D": "201311",
            "TV": 0.0,
            "AUP": 8324.0,
            "TV_p": 0.0,
            "AUP_p": 0.0
        },
        {
            "D": "201312",
            "TV": 1.0,
            "AUP": 8387.0,
            "TV_p": 0.0,
            "AUP_p": 0.7568476693897165
        },
        {
            "D": "201401",
            "TV": 0.0,
            "AUP": 8387.0,
            "TV_p": 0.0,
            "AUP_p": 0.0
        },
        {
            "D": "201402",
            "TV": 0.0,
            "AUP": 8387.0,
            "TV_p": 0.0,
            "AUP_p": 0.0
        },
        {
            "D": "201403",
            "TV": 0.0,
            "AUP": 8387.0,
            "TV_p": 0.0,
            "AUP_p": 0.0
        },
        {
            "D": "201404",
            "TV": 1.0,
            "AUP": 7787.0,
            "TV_p": 0.0,
            "AUP_p": -7.153928699177298
        },
        {
            "D": "201405",
            "TV": 0.0,
            "AUP": 7787.0,
            "TV_p": 0.0,
            "AUP_p": 0.0
        },
        {
            "D": "201406",
            "TV": 0.0,
            "AUP": 7787.0,
            "TV_p": 0.0,
            "AUP_p": 0.0
        },
        {
            "D": "201407",
            "TV": 0.0,
            "AUP": 7787.0,
            "TV_p": 0.0,
            "AUP_p": 0.0
        },
        {
            "D": "201408",
            "TV": 0.0,
            "AUP": 7787.0,
            "TV_p": 0.0,
            "AUP_p": 0.0
        },
        {
            "D": "201409",
            "TV": 0.0,
            "AUP": 7787.0,
            "TV_p": 0.0,
            "AUP_p": 0.0
        },
        {
            "D": "201410",
            "TV": 0.0,
            "AUP": 7787.0,
            "TV_p": 0.0,
            "AUP_p": 0.0
        },
        {
            "D": "201411",
            "TV": 0.0,
            "AUP": 7787.0,
            "TV_p": 0.0,
            "AUP_p": 0.0
        },
        {
            "D": "201412",
            "TV": 1.0,
            "AUP": 9272.0,
            "TV_p": 0.0,
            "AUP_p": 19.070245280595866
        },
        {
            "D": "201501",
            "TV": 0.0,
            "AUP": 9272.0,
            "TV_p": 0.0,
            "AUP_p": 0.0
        },
        {
            "D": "201502",
            "TV": 0.0,
            "AUP": 9272.0,
            "TV_p": 0.0,
            "AUP_p": 0.0
        },
        {
            "D": "201503",
            "TV": 0.0,
            "AUP": 9272.0,
            "TV_p": 0.0,
            "AUP_p": 0.0
        },
        {
            "D": "201504",
            "TV": 0.0,
            "AUP": 9272.0,
            "TV_p": 0.0,
            "AUP_p": 0.0
        },
        {
            "D": "201505",
            "TV": 0.0,
            "AUP": 9272.0,
            "TV_p": 0.0,
            "AUP_p": 0.0
        },
        {
            "D": "201506",
            "TV": 0.0,
            "AUP": 9272.0,
            "TV_p": 0.0,
            "AUP_p": 0.0
        },
        {
            "D": "201507",
            "TV": 0.0,
            "AUP": 9272.0,
            "TV_p": 0.0,
            "AUP_p": 0.0
        },
        {
            "D": "201508",
            "TV": 0.0,
            "AUP": 9272.0,
            "TV_p": 0.0,
            "AUP_p": 0.0
        },
        {
            "D": "201509",
            "TV": 0.0,
            "AUP": 9272.0,
            "TV_p": 0.0,
            "AUP_p": 0.0
        },
        {
            "D": "201510",
            "TV": 0.0,
            "AUP": 9272.0,
            "TV_p": 0.0,
            "AUP_p": 0.0
        },
        {
            "D": "201511",
            "TV": 0.0,
            "AUP": 9272.0,
            "TV_p": 0.0,
            "AUP_p": 0.0
        },
        {
            "D": "201512",
            "TV": 0.0,
            "AUP": 9272.0,
            "TV_p": 0.0,
            "AUP_p": 0.0
        },
        {
            "D": "201601",
            "TV": 0.0,
            "AUP": 9272.0,
            "TV_p": 0.0,
            "AUP_p": 0.0
        },
        {
            "D": "201602",
            "TV": 0.0,
            "AUP": 9272.0,
            "TV_p": 0.0,
            "AUP_p": 0.0
        },
        {
            "D": "201603",
            "TV": 0.0,
            "AUP": 9272.0,
            "TV_p": 0.0,
            "AUP_p": 0.0
        },
        {
            "D": "201604",
            "TV": 0.0,
            "AUP": 9272.0,
            "TV_p": 0.0,
            "AUP_p": 0.0
        },
        {
            "D": "201605",
            "TV": 0.0,
            "AUP": 9272.0,
            "TV_p": 0.0,
            "AUP_p": 0.0
        },
        {
            "D": "201606",
            "TV": 0.0,
            "AUP": 9272.0,
            "TV_p": 0.0,
            "AUP_p": 0.0
        },
        {
            "D": "201607",
            "TV": 0.0,
            "AUP": 9272.0,
            "TV_p": 0.0,
            "AUP_p": 0.0
        },
        {
            "D": "201608",
            "TV": 0.0,
            "AUP": 9272.0,
            "TV_p": 0.0,
            "AUP_p": 0.0
        },
        {
            "D": "201609",
            "TV": 1.0,
            "AUP": 6863.0,
            "TV_p": 0.0,
            "AUP_p": -25.981449525452977
        },
        {
            "D": "201610",
            "TV": 0.0,
            "AUP": 6863.0,
            "TV_p": 0.0,
            "AUP_p": 0.0
        },
        {
            "D": "201611",
            "TV": 0.0,
            "AUP": 6863.0,
            "TV_p": 0.0,
            "AUP_p": 0.0
        },
        {
            "D": "201612",
            "TV": 0.0,
            "AUP": 6863.0,
            "TV_p": 0.0,
            "AUP_p": 0.0
        },
        {
            "D": "201701",
            "TV": 0.0,
            "AUP": 6863.0,
            "TV_p": 0.0,
            "AUP_p": 0.0
        },
        {
            "D": "201702",
            "TV": 0.0,
            "AUP": 6863.0,
            "TV_p": 0.0,
            "AUP_p": 0.0
        },
        {
            "D": "201703",
            "TV": 0.0,
            "AUP": 6863.0,
            "TV_p": 0.0,
            "AUP_p": 0.0
        },
        {
            "D": "201704",
            "TV": 0.0,
            "AUP": 6863.0,
            "TV_p": 0.0,
            "AUP_p": 0.0
        },
        {
            "D": "201705",
            "TV": 1.0,
            "AUP": 8602.0,
            "TV_p": 0.0,
            "AUP_p": 25.33877313128369
        },
        {
            "D": "201706",
            "TV": 0.0,
            "AUP": 8602.0,
            "TV_p": 0.0,
            "AUP_p": 0.0
        },
        {
            "D": "201707",
            "TV": 0.0,
            "AUP": 8602.0,
            "TV_p": 0.0,
            "AUP_p": 0.0
        },
        {
            "D": "201708",
            "TV": 0.0,
            "AUP": 8602.0,
            "TV_p": 0.0,
            "AUP_p": 0.0
        },
        {
            "D": "201709",
            "TV": 0.0,
            "AUP": 8602.0,
            "TV_p": 0.0,
            "AUP_p": 0.0
        },
        {
            "D": "201710",
            "TV": 0.0,
            "AUP": 8602.0,
            "TV_p": 0.0,
            "AUP_p": 0.0
        },
        {
            "D": "201711",
            "TV": 1.0,
            "AUP": 9362.0,
            "TV_p": 0.0,
            "AUP_p": 8.835154615205767
        },
        {
            "D": "201712",
            "TV": 0.0,
            "AUP": 9362.0,
            "TV_p": 0.0,
            "AUP_p": 0.0
        },
        {
            "D": "201801",
            "TV": 0.0,
            "AUP": 9362.0,
            "TV_p": 0.0,
            "AUP_p": 0.0
        },
        {
            "D": "201802",
            "TV": 1.0,
            "AUP": 11075.0,
            "TV_p": 0.0,
            "AUP_p": 18.297372356334115
        },
        {
            "D": "201803",
            "TV": 0.0,
            "AUP": 11075.0,
            "TV_p": 0.0,
            "AUP_p": 0.0
        },
        {
            "D": "201804",
            "TV": 1.0,
            "AUP": 10538.0,
            "TV_p": 0.0,
            "AUP_p": -4.8487584650112865
        },
        {
            "D": "201805",
            "TV": 0.0,
            "AUP": 10538.0,
            "TV_p": 0.0,
            "AUP_p": 0.0
        },
        {
            "D": "201806",
            "TV": 1.0,
            "AUP": 10968.0,
            "TV_p": 0.0,
            "AUP_p": 4.080470677547922
        },
        {
            "D": "201807",
            "TV": 0.0,
            "AUP": 10968.0,
            "TV_p": 0.0,
            "AUP_p": 0.0
        },
        {
            "D": "201808",
            "TV": 0.0,
            "AUP": 10968.0,
            "TV_p": 0.0,
            "AUP_p": 0.0
        },
        {
            "D": "201809",
            "TV": 0.0,
            "AUP": 10968.0,
            "TV_p": 0.0,
            "AUP_p": 0.0
        },
        {
            "D": "201810",
            "TV": 0.0,
            "AUP": 10968.0,
            "TV_p": 0.0,
            "AUP_p": 0.0
        },
        {
            "D": "201811",
            "TV": 0.0,
            "AUP": 10968.0,
            "TV_p": 0.0,
            "AUP_p": 0.0
        },
        {
            "D": "201812",
            "TV": 0.0,
            "AUP": 10968.0,
            "TV_p": 0.0,
            "AUP_p": 0.0
        },
        {
            "D": "201901",
            "TV": 0.0,
            "AUP": 10968.0,
            "TV_p": 0.0,
            "AUP_p": 0.0
        },
        {
            "D": "201902",
            "TV": 0.0,
            "AUP": 10968.0,
            "TV_p": 0.0,
            "AUP_p": 0.0
        },
        {
            "D": "201903",
            "TV": 0.0,
            "AUP": 10968.0,
            "TV_p": 0.0,
            "AUP_p": 0.0
        },
        {
            "D": "201904",
            "TV": 0.0,
            "AUP": 10968.0,
            "TV_p": 0.0,
            "AUP_p": 0.0
        },
        {
            "D": "201905",
            "TV": 0.0,
            "AUP": 10968.0,
            "TV_p": 0.0,
            "AUP_p": 0.0
        },
        {
            "D": "201906",
            "TV": 0.0,
            "AUP": 10968.0,
            "TV_p": 0.0,
            "AUP_p": 0.0
        },
        {
            "D": "201907",
            "TV": 0.0,
            "AUP": 10968.0,
            "TV_p": 0.0,
            "AUP_p": 0.0
        },
        {
            "D": "201908",
            "TV": 1.0,
            "AUP": 10968.0,
            "TV_p": 0.0,
            "AUP_p": 0.0
        },
        {
            "D": "201909",
            "TV": 0.0,
            "AUP": 10968.0,
            "TV_p": 0.0,
            "AUP_p": 0.0
        },
        {
            "D": "201910",
            "TV": 0.0,
            "AUP": 10968.0,
            "TV_p": 0.0,
            "AUP_p": 0.0
        },
        {
            "D": "201911",
            "TV": 0.0,
            "AUP": 10968.0,
            "TV_p": 0.0,
            "AUP_p": 0.0
        },
        {
            "D": "201912",
            "TV": 0.0,
            "AUP": 10968.0,
            "TV_p": 0.0,
            "AUP_p": 0.0
        },
        {
            "D": "202001",
            "TV": 0.0,
            "AUP": 10968.0,
            "TV_p": 0.0,
            "AUP_p": 0.0
        },
        {
            "D": "202002",
            "TV": 0.0,
            "AUP": 10968.0,
            "TV_p": 0.0,
            "AUP_p": 0.0
        },
        {
            "D": "202003",
            "TV": 0.0,
            "AUP": 10968.0,
            "TV_p": 0.0,
            "AUP_p": 0.0
        },
        {
            "D": "202004",
            "TV": 0.0,
            "AUP": 10968.0,
            "TV_p": 0.0,
            "AUP_p": 0.0
        },
        {
            "D": "202005",
            "TV": 1.0,
            "AUP": 9109.0,
            "TV_p": 0.0,
            "AUP_p": -16.949307075127646
        },
        {
            "D": "202006",
            "TV": 0.0,
            "AUP": 9109.0,
            "TV_p": 0.0,
            "AUP_p": 0.0
        },
        {
            "D": "202007",
            "TV": 0.0,
            "AUP": 9109.0,
            "TV_p": 0.0,
            "AUP_p": 0.0
        },
        {
            "D": "202008",
            "TV": 1.0,
            "AUP": 9045.0,
            "TV_p": 0.0,
            "AUP_p": -0.7026018223734768
        },
        {
            "D": "202009",
            "TV": 1.0,
            "AUP": 11355.0,
            "TV_p": 0.0,
            "AUP_p": 25.538971807628524
        },
        {
            "D": "202010",
            "TV": 1.0,
            "AUP": 10925.0,
            "TV_p": 0.0,
            "AUP_p": -3.786878027300748
        },
        {
            "D": "202011",
            "TV": 0.0,
            "AUP": 10925.0,
            "TV_p": 0.0,
            "AUP_p": 0.0
        },
        {
            "D": "202012",
            "TV": 0.0,
            "AUP": 10925.0,
            "TV_p": 0.0,
            "AUP_p": 0.0
        },
        {
            "D": "202101",
            "TV": 0.0,
            "AUP": 10925.0,
            "TV_p": 0.0,
            "AUP_p": 0.0
        },
        {
            "D": "202102",
            "TV": 0.0,
            "AUP": 10925.0,
            "TV_p": 0.0,
            "AUP_p": 0.0
        },
        {
            "D": "202103",
            "TV": 0.0,
            "AUP": 10925.0,
            "TV_p": 0.0,
            "AUP_p": 0.0
        },
        {
            "D": "202104",
            "TV": 0.0,
            "AUP": 10925.0,
            "TV_p": 0.0,
            "AUP_p": 0.0
        },
        {
            "D": "202105",
            "TV": 0.0,
            "AUP": 10925.0,
            "TV_p": 0.0,
            "AUP_p": 0.0
        },
        {
            "D": "202106",
            "TV": 0.0,
            "AUP": 10925.0,
            "TV_p": 0.0,
            "AUP_p": 0.0
        },
        {
            "D": "202107",
            "TV": 0.0,
            "AUP": 10925.0,
            "TV_p": 0.0,
            "AUP_p": 0.0
        },
        {
            "D": "202108",
            "TV": 0.0,
            "AUP": 10925.0,
            "TV_p": 0.0,
            "AUP_p": 0.0
        },
        {
            "D": "202109",
            "TV": 0.0,
            "AUP": 10925.0,
            "TV_p": 0.0,
            "AUP_p": 0.0
        },
        {
            "D": "202110",
            "TV": 0.0,
            "AUP": 10925.0,
            "TV_p": 0.0,
            "AUP_p": 0.0
        },
        {
            "D": "202111",
            "TV": 0.0,
            "AUP": 10925.0,
            "TV_p": 0.0,
            "AUP_p": 0.0
        },
        {
            "D": "202112",
            "TV": 1.0,
            "AUP": 9514.0,
            "TV_p": 0.0,
            "AUP_p": -12.91533180778032
        },
        {
            "D": "202201",
            "TV": 0.0,
            "AUP": 9514.0,
            "TV_p": 0.0,
            "AUP_p": 0.0
        },
        {
            "D": "202202",
            "TV": 0.0,
            "AUP": 9514.0,
            "TV_p": 0.0,
            "AUP_p": 0.0
        },
        {
            "D": "202203",
            "TV": 0.0,
            "AUP": 9514.0,
            "TV_p": 0.0,
            "AUP_p": 0.0
        },
        {
            "D": "202204",
            "TV": 0.0,
            "AUP": 9514.0,
            "TV_p": 0.0,
            "AUP_p": 0.0
        },
        {
            "D": "202205",
            "TV": 0.0,
            "AUP": 9514.0,
            "TV_p": 0.0,
            "AUP_p": 0.0
        },
        {
            "D": "202206",
            "TV": 0.0,
            "AUP": 9514.0,
            "TV_p": 0.0,
            "AUP_p": 0.0
        },
        {
            "D": "202207",
            "TV": 0.0,
            "AUP": 9514.0,
            "TV_p": 0.0,
            "AUP_p": 0.0
        },
        {
            "D": "202208",
            "TV": 1.0,
            "AUP": 9967.0,
            "TV_p": 0.0,
            "AUP_p": 4.761404246373765
        },
        {
            "D": "202209",
            "TV": 0.0,
            "AUP": 9967.0,
            "TV_p": 0.0,
            "AUP_p": 0.0
        },
        {
            "D": "202210",
            "TV": 0.0,
            "AUP": 9967.0,
            "TV_p": 0.0,
            "AUP_p": 0.0
        },
        {
            "D": "202211",
            "TV": 0.0,
            "AUP": 9967.0,
            "TV_p": 0.0,
            "AUP_p": 0.0
        },
        {
            "D": "202212",
            "TV": 0.0,
            "AUP": 9967.0,
            "TV_p": 0.0,
            "AUP_p": 0.0
        },
        {
            "D": "202301",
            "TV": 0.0,
            "AUP": 9967.0,
            "TV_p": 0.0,
            "AUP_p": 0.0
        },
        {
            "D": "202302",
            "TV": 0.0,
            "AUP": 9967.0,
            "TV_p": 0.0,
            "AUP_p": 0.0
        },
        {
            "D": "202303",
            "TV": 0.0,
            "AUP": 9967.0,
            "TV_p": 0.0,
            "AUP_p": 0.0
        },
        {
            "D": "202304",
            "TV": 1.0,
            "AUP": 9785.0,
            "TV_p": 0.0,
            "AUP_p": -1.8260258854218923
        },
        {
            "D": "202305",
            "TV": 0.0,
            "AUP": 9785.0,
            "TV_p": 0.0,
            "AUP_p": 0.0
        },
        {
            "D": "202306",
            "TV": 0.0,
            "AUP": 9785.0,
            "TV_p": 0.0,
            "AUP_p": 0.0
        },
        {
            "D": "202307",
            "TV": 0.0,
            "AUP": 9785.0,
            "TV_p": 0.0,
            "AUP_p": 0.0
        },
        {
            "D": "202308",
            "TV": 0.0,
            "AUP": 9785.0,
            "TV_p": 0.0,
            "AUP_p": 0.0
        },
        {
            "D": "202309",
            "TV": 0.0,
            "AUP": 9785.0,
            "TV_p": 0.0,
            "AUP_p": 0.0
        },
        {
            "D": "202310",
            "TV": 0.0,
            "AUP": 9785.0,
            "TV_p": 0.0,
            "AUP_p": 0.0
        },
        {
            "D": "202311",
            "TV": 0.0,
            "AUP": 9785.0,
            "TV_p": 0.0,
            "AUP_p": 0.0
        },
        {
            "D": "202312",
            "TV": 0.0,
            "AUP": 9785.0,
            "TV_p": 0.0,
            "AUP_p": 0.0
        },
        {
            "D": "202401",
            "TV": 0.0,
            "AUP": 9785.0,
            "TV_p": 0.0,
            "AUP_p": 0.0
        },
        {
            "D": "202402",
            "TV": 0.0,
            "AUP": 9785.0,
            "TV_p": 0.0,
            "AUP_p": 0.0
        },
        {
            "D": "202403",
            "TV": 0.0,
            "AUP": 9785.0,
            "TV_p": 0.0,
            "AUP_p": 0.0
        },
        {
            "D": "202404",
            "TV": 1.0,
            "AUP": 9302.0,
            "TV_p": 0.0,
            "AUP_p": -4.936126724578436
        },
        {
            "D": "202405",
            "TV": 0.0,
            "AUP": 9302.0,
            "TV_p": 0.0,
            "AUP_p": 0.0
        },
        {
            "D": "202406",
            "TV": 0.0,
            "AUP": 9302.0,
            "TV_p": 0.0,
            "AUP_p": 0.0
        },
        {
            "D": "202407",
            "TV": 0.0,
            "AUP": 9302.0,
            "TV_p": 0.0,
            "AUP_p": 0.0
        }
    ],
    "MinDate": "199601",
    "MaxDate": "202407"
}