{
    "List": [
        {
            "D": "199601",
            "TV": 2.0,
            "AUP": 3839.5,
            "TV_p": 0.0,
            "AUP_p": 3.7422318292353416
        },
        {
            "D": "199602",
            "TV": 0.0,
            "AUP": 3839.5,
            "TV_p": 0.0,
            "AUP_p": 0.0
        },
        {
            "D": "199603",
            "TV": 1.0,
            "AUP": 3517.0,
            "TV_p": 0.0,
            "AUP_p": -8.399531188956894
        },
        {
            "D": "199604",
            "TV": 0.0,
            "AUP": 3517.0,
            "TV_p": 0.0,
            "AUP_p": 0.0
        },
        {
            "D": "199605",
            "TV": 7.0,
            "AUP": 3797.143,
            "TV_p": 0.0,
            "AUP_p": 7.9653925789024695
        },
        {
            "D": "199606",
            "TV": 3.0,
            "AUP": 3839.333,
            "TV_p": -57.14285714285714,
            "AUP_p": 1.1111111061366163
        },
        {
            "D": "199607",
            "TV": 0.0,
            "AUP": 3839.333,
            "TV_p": 0.0,
            "AUP_p": 0.0
        },
        {
            "D": "199608",
            "TV": 1.0,
            "AUP": 3934.0,
            "TV_p": 0.0,
            "AUP_p": 2.4657058606065023
        },
        {
            "D": "199609",
            "TV": 2.0,
            "AUP": 4437.0,
            "TV_p": 100.0,
            "AUP_p": 12.785968479918658
        },
        {
            "D": "199610",
            "TV": 2.0,
            "AUP": 3729.5,
            "TV_p": 0.0,
            "AUP_p": -15.945458643227406
        },
        {
            "D": "199611",
            "TV": 2.0,
            "AUP": 3761.0,
            "TV_p": 0.0,
            "AUP_p": 0.844617240917013
        },
        {
            "D": "199612",
            "TV": 2.0,
            "AUP": 4136.5,
            "TV_p": 0.0,
            "AUP_p": 9.984046796064876
        },
        {
            "D": "199701",
            "TV": 1.0,
            "AUP": 4238.0,
            "TV_p": -50.0,
            "AUP_p": 2.453765260485918
        },
        {
            "D": "199702",
            "TV": 3.0,
            "AUP": 4394.0,
            "TV_p": 200.0,
            "AUP_p": 3.6809815950920246
        },
        {
            "D": "199703",
            "TV": 1.0,
            "AUP": 4490.0,
            "TV_p": -66.66666666666666,
            "AUP_p": 2.1847974510696404
        },
        {
            "D": "199704",
            "TV": 2.0,
            "AUP": 4492.0,
            "TV_p": 100.0,
            "AUP_p": 0.044543429844097995
        },
        {
            "D": "199705",
            "TV": 5.0,
            "AUP": 4832.4,
            "TV_p": 150.0,
            "AUP_p": 7.577916295636679
        },
        {
            "D": "199706",
            "TV": 1.0,
            "AUP": 4738.0,
            "TV_p": -80.0,
            "AUP_p": -1.9534806721297833
        },
        {
            "D": "199707",
            "TV": 3.0,
            "AUP": 5398.0,
            "TV_p": 200.0,
            "AUP_p": 13.929928239763614
        },
        {
            "D": "199708",
            "TV": 1.0,
            "AUP": 5501.0,
            "TV_p": -66.66666666666666,
            "AUP_p": 1.908114116339385
        },
        {
            "D": "199709",
            "TV": 0.0,
            "AUP": 5501.0,
            "TV_p": 0.0,
            "AUP_p": 0.0
        },
        {
            "D": "199710",
            "TV": 1.0,
            "AUP": 6066.0,
            "TV_p": 0.0,
            "AUP_p": 10.270859843664788
        },
        {
            "D": "199711",
            "TV": 1.0,
            "AUP": 5130.0,
            "TV_p": 0.0,
            "AUP_p": -15.43026706231454
        },
        {
            "D": "199712",
            "TV": 1.0,
            "AUP": 5552.0,
            "TV_p": 0.0,
            "AUP_p": 8.226120857699804
        },
        {
            "D": "199801",
            "TV": 0.0,
            "AUP": 5552.0,
            "TV_p": 0.0,
            "AUP_p": 0.0
        },
        {
            "D": "199802",
            "TV": 1.0,
            "AUP": 4907.0,
            "TV_p": 0.0,
            "AUP_p": -11.61743515850144
        },
        {
            "D": "199803",
            "TV": 1.0,
            "AUP": 4809.0,
            "TV_p": 0.0,
            "AUP_p": -1.9971469329529243
        },
        {
            "D": "199804",
            "TV": 0.0,
            "AUP": 4809.0,
            "TV_p": 0.0,
            "AUP_p": 0.0
        },
        {
            "D": "199805",
            "TV": 1.0,
            "AUP": 4165.0,
            "TV_p": 0.0,
            "AUP_p": -13.39155749636099
        },
        {
            "D": "199806",
            "TV": 0.0,
            "AUP": 4165.0,
            "TV_p": 0.0,
            "AUP_p": 0.0
        },
        {
            "D": "199807",
            "TV": 0.0,
            "AUP": 4165.0,
            "TV_p": 0.0,
            "AUP_p": 0.0
        },
        {
            "D": "199808",
            "TV": 1.0,
            "AUP": 3940.0,
            "TV_p": 0.0,
            "AUP_p": -5.402160864345738
        },
        {
            "D": "199809",
            "TV": 0.0,
            "AUP": 3940.0,
            "TV_p": 0.0,
            "AUP_p": 0.0
        },
        {
            "D": "199810",
            "TV": 0.0,
            "AUP": 3940.0,
            "TV_p": 0.0,
            "AUP_p": 0.0
        },
        {
            "D": "199811",
            "TV": 0.0,
            "AUP": 3940.0,
            "TV_p": 0.0,
            "AUP_p": 0.0
        },
        {
            "D": "199812",
            "TV": 0.0,
            "AUP": 3940.0,
            "TV_p": 0.0,
            "AUP_p": 0.0
        },
        {
            "D": "199901",
            "TV": 2.0,
            "AUP": 4040.0,
            "TV_p": 0.0,
            "AUP_p": 2.5380710659898478
        },
        {
            "D": "199902",
            "TV": 1.0,
            "AUP": 3886.0,
            "TV_p": -50.0,
            "AUP_p": -3.8118811881188117
        },
        {
            "D": "199903",
            "TV": 0.0,
            "AUP": 3886.0,
            "TV_p": 0.0,
            "AUP_p": 0.0
        },
        {
            "D": "199904",
            "TV": 1.0,
            "AUP": 3102.0,
            "TV_p": 0.0,
            "AUP_p": -20.174987133299023
        },
        {
            "D": "199905",
            "TV": 2.0,
            "AUP": 3475.0,
            "TV_p": 100.0,
            "AUP_p": 12.024500322372662
        },
        {
            "D": "199906",
            "TV": 2.0,
            "AUP": 3107.0,
            "TV_p": 0.0,
            "AUP_p": -10.589928057553957
        },
        {
            "D": "199907",
            "TV": 0.0,
            "AUP": 3107.0,
            "TV_p": 0.0,
            "AUP_p": 0.0
        },
        {
            "D": "199908",
            "TV": 2.0,
            "AUP": 3078.5,
            "TV_p": 0.0,
            "AUP_p": -0.9172835532668169
        },
        {
            "D": "199909",
            "TV": 0.0,
            "AUP": 3078.5,
            "TV_p": 0.0,
            "AUP_p": 0.0
        },
        {
            "D": "199910",
            "TV": 2.0,
            "AUP": 3320.0,
            "TV_p": 0.0,
            "AUP_p": 7.844729576092253
        },
        {
            "D": "199911",
            "TV": 3.0,
            "AUP": 3315.667,
            "TV_p": 50.0,
            "AUP_p": -0.1305221084337326
        },
        {
            "D": "199912",
            "TV": 0.0,
            "AUP": 3315.667,
            "TV_p": 0.0,
            "AUP_p": 0.0
        },
        {
            "D": "200001",
            "TV": 0.0,
            "AUP": 3315.667,
            "TV_p": 0.0,
            "AUP_p": 0.0
        },
        {
            "D": "200002",
            "TV": 0.0,
            "AUP": 3315.667,
            "TV_p": 0.0,
            "AUP_p": 0.0
        },
        {
            "D": "200003",
            "TV": 0.0,
            "AUP": 3315.667,
            "TV_p": 0.0,
            "AUP_p": 0.0
        },
        {
            "D": "200004",
            "TV": 0.0,
            "AUP": 3315.667,
            "TV_p": 0.0,
            "AUP_p": 0.0
        },
        {
            "D": "200005",
            "TV": 1.0,
            "AUP": 3189.0,
            "TV_p": 0.0,
            "AUP_p": -3.820247291408517
        },
        {
            "D": "200006",
            "TV": 0.0,
            "AUP": 3189.0,
            "TV_p": 0.0,
            "AUP_p": 0.0
        },
        {
            "D": "200007",
            "TV": 1.0,
            "AUP": 2813.0,
            "TV_p": 0.0,
            "AUP_p": -11.790529946691752
        },
        {
            "D": "200008",
            "TV": 2.0,
            "AUP": 3417.5,
            "TV_p": 100.0,
            "AUP_p": 21.48951297547103
        },
        {
            "D": "200009",
            "TV": 1.0,
            "AUP": 2961.0,
            "TV_p": -50.0,
            "AUP_p": -13.35771762984638
        },
        {
            "D": "200010",
            "TV": 0.0,
            "AUP": 2961.0,
            "TV_p": 0.0,
            "AUP_p": 0.0
        },
        {
            "D": "200011",
            "TV": 0.0,
            "AUP": 2961.0,
            "TV_p": 0.0,
            "AUP_p": 0.0
        },
        {
            "D": "200012",
            "TV": 0.0,
            "AUP": 2961.0,
            "TV_p": 0.0,
            "AUP_p": 0.0
        },
        {
            "D": "200101",
            "TV": 0.0,
            "AUP": 2961.0,
            "TV_p": 0.0,
            "AUP_p": 0.0
        },
        {
            "D": "200102",
            "TV": 0.0,
            "AUP": 2961.0,
            "TV_p": 0.0,
            "AUP_p": 0.0
        },
        {
            "D": "200103",
            "TV": 1.0,
            "AUP": 3271.0,
            "TV_p": 0.0,
            "AUP_p": 10.469436001350894
        },
        {
            "D": "200104",
            "TV": 0.0,
            "AUP": 3271.0,
            "TV_p": 0.0,
            "AUP_p": 0.0
        },
        {
            "D": "200105",
            "TV": 0.0,
            "AUP": 3271.0,
            "TV_p": 0.0,
            "AUP_p": 0.0
        },
        {
            "D": "200106",
            "TV": 0.0,
            "AUP": 3271.0,
            "TV_p": 0.0,
            "AUP_p": 0.0
        },
        {
            "D": "200107",
            "TV": 1.0,
            "AUP": 2221.0,
            "TV_p": 0.0,
            "AUP_p": -32.10027514521553
        },
        {
            "D": "200108",
            "TV": 2.0,
            "AUP": 2369.0,
            "TV_p": 100.0,
            "AUP_p": 6.663665015758667
        },
        {
            "D": "200109",
            "TV": 1.0,
            "AUP": 2517.0,
            "TV_p": -50.0,
            "AUP_p": 6.247361756015196
        },
        {
            "D": "200110",
            "TV": 0.0,
            "AUP": 2517.0,
            "TV_p": 0.0,
            "AUP_p": 0.0
        },
        {
            "D": "200111",
            "TV": 1.0,
            "AUP": 2224.0,
            "TV_p": 0.0,
            "AUP_p": -11.640842272546683
        },
        {
            "D": "200112",
            "TV": 1.0,
            "AUP": 2499.0,
            "TV_p": 0.0,
            "AUP_p": 12.365107913669064
        },
        {
            "D": "200201",
            "TV": 3.0,
            "AUP": 2355.667,
            "TV_p": 200.0,
            "AUP_p": -5.735627611044414
        },
        {
            "D": "200202",
            "TV": 0.0,
            "AUP": 2355.667,
            "TV_p": 0.0,
            "AUP_p": 0.0
        },
        {
            "D": "200203",
            "TV": 1.0,
            "AUP": 1858.0,
            "TV_p": 0.0,
            "AUP_p": -21.126361941736626
        },
        {
            "D": "200204",
            "TV": 1.0,
            "AUP": 2911.0,
            "TV_p": 0.0,
            "AUP_p": 56.67384284176534
        },
        {
            "D": "200205",
            "TV": 1.0,
            "AUP": 2453.0,
            "TV_p": 0.0,
            "AUP_p": -15.7334249398832
        },
        {
            "D": "200206",
            "TV": 0.0,
            "AUP": 2453.0,
            "TV_p": 0.0,
            "AUP_p": 0.0
        },
        {
            "D": "200207",
            "TV": 0.0,
            "AUP": 2453.0,
            "TV_p": 0.0,
            "AUP_p": 0.0
        },
        {
            "D": "200208",
            "TV": 0.0,
            "AUP": 2453.0,
            "TV_p": 0.0,
            "AUP_p": 0.0
        },
        {
            "D": "200209",
            "TV": 0.0,
            "AUP": 2453.0,
            "TV_p": 0.0,
            "AUP_p": 0.0
        },
        {
            "D": "200210",
            "TV": 0.0,
            "AUP": 2453.0,
            "TV_p": 0.0,
            "AUP_p": 0.0
        },
        {
            "D": "200211",
            "TV": 0.0,
            "AUP": 2453.0,
            "TV_p": 0.0,
            "AUP_p": 0.0
        },
        {
            "D": "200212",
            "TV": 0.0,
            "AUP": 2453.0,
            "TV_p": 0.0,
            "AUP_p": 0.0
        },
        {
            "D": "200301",
            "TV": 1.0,
            "AUP": 2372.0,
            "TV_p": 0.0,
            "AUP_p": -3.3020790868324505
        },
        {
            "D": "200302",
            "TV": 1.0,
            "AUP": 2403.0,
            "TV_p": 0.0,
            "AUP_p": 1.3069139966273187
        },
        {
            "D": "200303",
            "TV": 0.0,
            "AUP": 2403.0,
            "TV_p": 0.0,
            "AUP_p": 0.0
        },
        {
            "D": "200304",
            "TV": 0.0,
            "AUP": 2403.0,
            "TV_p": 0.0,
            "AUP_p": 0.0
        },
        {
            "D": "200305",
            "TV": 0.0,
            "AUP": 2403.0,
            "TV_p": 0.0,
            "AUP_p": 0.0
        },
        {
            "D": "200306",
            "TV": 0.0,
            "AUP": 2403.0,
            "TV_p": 0.0,
            "AUP_p": 0.0
        },
        {
            "D": "200307",
            "TV": 0.0,
            "AUP": 2403.0,
            "TV_p": 0.0,
            "AUP_p": 0.0
        },
        {
            "D": "200308",
            "TV": 0.0,
            "AUP": 2403.0,
            "TV_p": 0.0,
            "AUP_p": 0.0
        },
        {
            "D": "200309",
            "TV": 0.0,
            "AUP": 2403.0,
            "TV_p": 0.0,
            "AUP_p": 0.0
        },
        {
            "D": "200310",
            "TV": 0.0,
            "AUP": 2403.0,
            "TV_p": 0.0,
            "AUP_p": 0.0
        },
        {
            "D": "200311",
            "TV": 0.0,
            "AUP": 2403.0,
            "TV_p": 0.0,
            "AUP_p": 0.0
        },
        {
            "D": "200312",
            "TV": 0.0,
            "AUP": 2403.0,
            "TV_p": 0.0,
            "AUP_p": 0.0
        },
        {
            "D": "200401",
            "TV": 0.0,
            "AUP": 2403.0,
            "TV_p": 0.0,
            "AUP_p": 0.0
        },
        {
            "D": "200402",
            "TV": 1.0,
            "AUP": 2184.0,
            "TV_p": 0.0,
            "AUP_p": -9.113607990012484
        },
        {
            "D": "200403",
            "TV": 0.0,
            "AUP": 2184.0,
            "TV_p": 0.0,
            "AUP_p": 0.0
        },
        {
            "D": "200404",
            "TV": 0.0,
            "AUP": 2184.0,
            "TV_p": 0.0,
            "AUP_p": 0.0
        },
        {
            "D": "200405",
            "TV": 1.0,
            "AUP": 2498.0,
            "TV_p": 0.0,
            "AUP_p": 14.377289377289376
        },
        {
            "D": "200406",
            "TV": 0.0,
            "AUP": 2498.0,
            "TV_p": 0.0,
            "AUP_p": 0.0
        },
        {
            "D": "200407",
            "TV": 1.0,
            "AUP": 2552.0,
            "TV_p": 0.0,
            "AUP_p": 2.1617293835068057
        },
        {
            "D": "200408",
            "TV": 1.0,
            "AUP": 2045.0,
            "TV_p": 0.0,
            "AUP_p": -19.86677115987461
        },
        {
            "D": "200409",
            "TV": 1.0,
            "AUP": 2149.0,
            "TV_p": 0.0,
            "AUP_p": 5.085574572127139
        },
        {
            "D": "200410",
            "TV": 0.0,
            "AUP": 2149.0,
            "TV_p": 0.0,
            "AUP_p": 0.0
        },
        {
            "D": "200411",
            "TV": 0.0,
            "AUP": 2149.0,
            "TV_p": 0.0,
            "AUP_p": 0.0
        },
        {
            "D": "200412",
            "TV": 0.0,
            "AUP": 2149.0,
            "TV_p": 0.0,
            "AUP_p": 0.0
        },
        {
            "D": "200501",
            "TV": 3.0,
            "AUP": 2451.333,
            "TV_p": 0.0,
            "AUP_p": 14.068559004187996
        },
        {
            "D": "200502",
            "TV": 0.0,
            "AUP": 2451.333,
            "TV_p": 0.0,
            "AUP_p": 0.0
        },
        {
            "D": "200503",
            "TV": 1.0,
            "AUP": 2517.0,
            "TV_p": 0.0,
            "AUP_p": 2.6788142647101987
        },
        {
            "D": "200504",
            "TV": 0.0,
            "AUP": 2517.0,
            "TV_p": 0.0,
            "AUP_p": 0.0
        },
        {
            "D": "200505",
            "TV": 0.0,
            "AUP": 2517.0,
            "TV_p": 0.0,
            "AUP_p": 0.0
        },
        {
            "D": "200506",
            "TV": 0.0,
            "AUP": 2517.0,
            "TV_p": 0.0,
            "AUP_p": 0.0
        },
        {
            "D": "200507",
            "TV": 0.0,
            "AUP": 2517.0,
            "TV_p": 0.0,
            "AUP_p": 0.0
        },
        {
            "D": "200508",
            "TV": 0.0,
            "AUP": 2517.0,
            "TV_p": 0.0,
            "AUP_p": 0.0
        },
        {
            "D": "200509",
            "TV": 1.0,
            "AUP": 2813.0,
            "TV_p": 0.0,
            "AUP_p": 11.760031783869685
        },
        {
            "D": "200510",
            "TV": 2.0,
            "AUP": 2984.5,
            "TV_p": 100.0,
            "AUP_p": 6.096693921080696
        },
        {
            "D": "200511",
            "TV": 1.0,
            "AUP": 2783.0,
            "TV_p": -50.0,
            "AUP_p": -6.7515496733121125
        },
        {
            "D": "200512",
            "TV": 0.0,
            "AUP": 2783.0,
            "TV_p": 0.0,
            "AUP_p": 0.0
        },
        {
            "D": "200601",
            "TV": 1.0,
            "AUP": 1963.0,
            "TV_p": 0.0,
            "AUP_p": -29.46460653970535
        },
        {
            "D": "200602",
            "TV": 0.0,
            "AUP": 1963.0,
            "TV_p": 0.0,
            "AUP_p": 0.0
        },
        {
            "D": "200603",
            "TV": 0.0,
            "AUP": 1963.0,
            "TV_p": 0.0,
            "AUP_p": 0.0
        },
        {
            "D": "200604",
            "TV": 0.0,
            "AUP": 1963.0,
            "TV_p": 0.0,
            "AUP_p": 0.0
        },
        {
            "D": "200605",
            "TV": 1.0,
            "AUP": 2591.0,
            "TV_p": 0.0,
            "AUP_p": 31.99184921039226
        },
        {
            "D": "200606",
            "TV": 1.0,
            "AUP": 3083.0,
            "TV_p": 0.0,
            "AUP_p": 18.988807410266308
        },
        {
            "D": "200607",
            "TV": 2.0,
            "AUP": 2460.0,
            "TV_p": 100.0,
            "AUP_p": -20.20759000973078
        },
        {
            "D": "200608",
            "TV": 1.0,
            "AUP": 2947.0,
            "TV_p": -50.0,
            "AUP_p": 19.796747967479675
        },
        {
            "D": "200609",
            "TV": 1.0,
            "AUP": 2685.0,
            "TV_p": 0.0,
            "AUP_p": -8.890397013912454
        },
        {
            "D": "200610",
            "TV": 2.0,
            "AUP": 2907.0,
            "TV_p": 100.0,
            "AUP_p": 8.268156424581004
        },
        {
            "D": "200611",
            "TV": 1.0,
            "AUP": 2773.0,
            "TV_p": -50.0,
            "AUP_p": -4.609563123495012
        },
        {
            "D": "200612",
            "TV": 2.0,
            "AUP": 3023.5,
            "TV_p": 100.0,
            "AUP_p": 9.033537684817887
        },
        {
            "D": "200701",
            "TV": 0.0,
            "AUP": 3023.5,
            "TV_p": 0.0,
            "AUP_p": 0.0
        },
        {
            "D": "200702",
            "TV": 3.0,
            "AUP": 3147.333,
            "TV_p": 0.0,
            "AUP_p": 4.095694823879611
        },
        {
            "D": "200703",
            "TV": 0.0,
            "AUP": 3147.333,
            "TV_p": 0.0,
            "AUP_p": 0.0
        },
        {
            "D": "200704",
            "TV": 0.0,
            "AUP": 3147.333,
            "TV_p": 0.0,
            "AUP_p": 0.0
        },
        {
            "D": "200705",
            "TV": 0.0,
            "AUP": 3147.333,
            "TV_p": 0.0,
            "AUP_p": 0.0
        },
        {
            "D": "200706",
            "TV": 1.0,
            "AUP": 2646.0,
            "TV_p": 0.0,
            "AUP_p": -15.928828629096467
        },
        {
            "D": "200707",
            "TV": 2.0,
            "AUP": 3466.5,
            "TV_p": 100.0,
            "AUP_p": 31.00907029478458
        },
        {
            "D": "200708",
            "TV": 3.0,
            "AUP": 2636.667,
            "TV_p": 50.0,
            "AUP_p": -23.938650915909417
        },
        {
            "D": "200709",
            "TV": 3.0,
            "AUP": 3222.0,
            "TV_p": 0.0,
            "AUP_p": 22.1997471863969
        },
        {
            "D": "200710",
            "TV": 0.0,
            "AUP": 3222.0,
            "TV_p": 0.0,
            "AUP_p": 0.0
        },
        {
            "D": "200711",
            "TV": 2.0,
            "AUP": 3743.5,
            "TV_p": 0.0,
            "AUP_p": 16.18559900682806
        },
        {
            "D": "200712",
            "TV": 3.0,
            "AUP": 3455.667,
            "TV_p": 50.0,
            "AUP_p": -7.688882970482166
        },
        {
            "D": "200801",
            "TV": 2.0,
            "AUP": 3012.5,
            "TV_p": -33.33333333333333,
            "AUP_p": -12.824346467217973
        },
        {
            "D": "200802",
            "TV": 3.0,
            "AUP": 3917.0,
            "TV_p": 50.0,
            "AUP_p": 30.024896265560162
        },
        {
            "D": "200803",
            "TV": 0.0,
            "AUP": 3917.0,
            "TV_p": 0.0,
            "AUP_p": 0.0
        },
        {
            "D": "200804",
            "TV": 2.0,
            "AUP": 3849.5,
            "TV_p": 0.0,
            "AUP_p": -1.7232575950982896
        },
        {
            "D": "200805",
            "TV": 1.0,
            "AUP": 3813.0,
            "TV_p": -50.0,
            "AUP_p": -0.9481750876737239
        },
        {
            "D": "200806",
            "TV": 3.0,
            "AUP": 3756.333,
            "TV_p": 200.0,
            "AUP_p": -1.4861439024390233
        },
        {
            "D": "200807",
            "TV": 0.0,
            "AUP": 3756.333,
            "TV_p": 0.0,
            "AUP_p": 0.0
        },
        {
            "D": "200808",
            "TV": 0.0,
            "AUP": 3756.333,
            "TV_p": 0.0,
            "AUP_p": 0.0
        },
        {
            "D": "200809",
            "TV": 0.0,
            "AUP": 3756.333,
            "TV_p": 0.0,
            "AUP_p": 0.0
        },
        {
            "D": "200810",
            "TV": 4.0,
            "AUP": 4061.25,
            "TV_p": 0.0,
            "AUP_p": 8.11740173113119
        },
        {
            "D": "200811",
            "TV": 1.0,
            "AUP": 3674.0,
            "TV_p": -75.0,
            "AUP_p": -9.53524161280394
        },
        {
            "D": "200812",
            "TV": 0.0,
            "AUP": 3674.0,
            "TV_p": 0.0,
            "AUP_p": 0.0
        },
        {
            "D": "200901",
            "TV": 0.0,
            "AUP": 3674.0,
            "TV_p": 0.0,
            "AUP_p": 0.0
        },
        {
            "D": "200902",
            "TV": 0.0,
            "AUP": 3674.0,
            "TV_p": 0.0,
            "AUP_p": 0.0
        },
        {
            "D": "200903",
            "TV": 2.0,
            "AUP": 4421.0,
            "TV_p": 0.0,
            "AUP_p": 20.332063146434404
        },
        {
            "D": "200904",
            "TV": 1.0,
            "AUP": 3664.0,
            "TV_p": -50.0,
            "AUP_p": -17.122822890748697
        },
        {
            "D": "200905",
            "TV": 3.0,
            "AUP": 4112.667,
            "TV_p": 200.0,
            "AUP_p": 12.245269268558955
        },
        {
            "D": "200906",
            "TV": 2.0,
            "AUP": 4205.0,
            "TV_p": -33.33333333333333,
            "AUP_p": 2.245096466565908
        },
        {
            "D": "200907",
            "TV": 1.0,
            "AUP": 3825.0,
            "TV_p": -50.0,
            "AUP_p": -9.036860879904875
        },
        {
            "D": "200908",
            "TV": 1.0,
            "AUP": 4743.0,
            "TV_p": 0.0,
            "AUP_p": 24.0
        },
        {
            "D": "200909",
            "TV": 3.0,
            "AUP": 4957.667,
            "TV_p": 200.0,
            "AUP_p": 4.5259680792747226
        },
        {
            "D": "200910",
            "TV": 1.0,
            "AUP": 4812.0,
            "TV_p": -66.66666666666666,
            "AUP_p": -2.9382101664678575
        },
        {
            "D": "200911",
            "TV": 4.0,
            "AUP": 4801.0,
            "TV_p": 300.0,
            "AUP_p": -0.228595178719867
        },
        {
            "D": "200912",
            "TV": 1.0,
            "AUP": 4886.0,
            "TV_p": -75.0,
            "AUP_p": 1.770464486565299
        },
        {
            "D": "201001",
            "TV": 4.0,
            "AUP": 4876.25,
            "TV_p": 300.0,
            "AUP_p": -0.19954973393368808
        },
        {
            "D": "201002",
            "TV": 0.0,
            "AUP": 4876.25,
            "TV_p": 0.0,
            "AUP_p": 0.0
        },
        {
            "D": "201003",
            "TV": 3.0,
            "AUP": 5182.667,
            "TV_p": 0.0,
            "AUP_p": 6.283858825942068
        },
        {
            "D": "201004",
            "TV": 0.0,
            "AUP": 5182.667,
            "TV_p": 0.0,
            "AUP_p": 0.0
        },
        {
            "D": "201005",
            "TV": 2.0,
            "AUP": 5910.5,
            "TV_p": 0.0,
            "AUP_p": 14.043606909447337
        },
        {
            "D": "201006",
            "TV": 0.0,
            "AUP": 5910.5,
            "TV_p": 0.0,
            "AUP_p": 0.0
        },
        {
            "D": "201007",
            "TV": 3.0,
            "AUP": 5494.333,
            "TV_p": 0.0,
            "AUP_p": -7.041141477032407
        },
        {
            "D": "201008",
            "TV": 1.0,
            "AUP": 5737.0,
            "TV_p": -66.66666666666666,
            "AUP_p": 4.416671728715452
        },
        {
            "D": "201009",
            "TV": 5.0,
            "AUP": 5804.0,
            "TV_p": 400.0,
            "AUP_p": 1.167857765382604
        },
        {
            "D": "201010",
            "TV": 0.0,
            "AUP": 5804.0,
            "TV_p": 0.0,
            "AUP_p": 0.0
        },
        {
            "D": "201011",
            "TV": 0.0,
            "AUP": 5804.0,
            "TV_p": 0.0,
            "AUP_p": 0.0
        },
        {
            "D": "201012",
            "TV": 2.0,
            "AUP": 6243.5,
            "TV_p": 0.0,
            "AUP_p": 7.572363886974501
        },
        {
            "D": "201101",
            "TV": 0.0,
            "AUP": 6243.5,
            "TV_p": 0.0,
            "AUP_p": 0.0
        },
        {
            "D": "201102",
            "TV": 1.0,
            "AUP": 6739.0,
            "TV_p": 0.0,
            "AUP_p": 7.936253703852006
        },
        {
            "D": "201103",
            "TV": 1.0,
            "AUP": 7395.0,
            "TV_p": 0.0,
            "AUP_p": 9.734381955779789
        },
        {
            "D": "201104",
            "TV": 1.0,
            "AUP": 6705.0,
            "TV_p": 0.0,
            "AUP_p": -9.330628803245435
        },
        {
            "D": "201105",
            "TV": 1.0,
            "AUP": 7400.0,
            "TV_p": 0.0,
            "AUP_p": 10.365398956002982
        },
        {
            "D": "201106",
            "TV": 1.0,
            "AUP": 6951.0,
            "TV_p": 0.0,
            "AUP_p": -6.0675675675675675
        },
        {
            "D": "201107",
            "TV": 1.0,
            "AUP": 7556.0,
            "TV_p": 0.0,
            "AUP_p": 8.703783628254927
        },
        {
            "D": "201108",
            "TV": 2.0,
            "AUP": 7419.5,
            "TV_p": 100.0,
            "AUP_p": -1.8065113816834302
        },
        {
            "D": "201109",
            "TV": 0.0,
            "AUP": 7419.5,
            "TV_p": 0.0,
            "AUP_p": 0.0
        },
        {
            "D": "201110",
            "TV": 0.0,
            "AUP": 7419.5,
            "TV_p": 0.0,
            "AUP_p": 0.0
        },
        {
            "D": "201111",
            "TV": 1.0,
            "AUP": 7419.5,
            "TV_p": 0.0,
            "AUP_p": 0.0
        },
        {
            "D": "201112",
            "TV": 0.0,
            "AUP": 7419.5,
            "TV_p": 0.0,
            "AUP_p": 0.0
        },
        {
            "D": "201201",
            "TV": 0.0,
            "AUP": 7419.5,
            "TV_p": 0.0,
            "AUP_p": 0.0
        },
        {
            "D": "201202",
            "TV": 0.0,
            "AUP": 7419.5,
            "TV_p": 0.0,
            "AUP_p": 0.0
        },
        {
            "D": "201203",
            "TV": 0.0,
            "AUP": 7419.5,
            "TV_p": 0.0,
            "AUP_p": 0.0
        },
        {
            "D": "201204",
            "TV": 0.0,
            "AUP": 7419.5,
            "TV_p": 0.0,
            "AUP_p": 0.0
        },
        {
            "D": "201205",
            "TV": 1.0,
            "AUP": 6542.0,
            "TV_p": 0.0,
            "AUP_p": -11.826942516342072
        },
        {
            "D": "201206",
            "TV": 1.0,
            "AUP": 8839.0,
            "TV_p": 0.0,
            "AUP_p": 35.111586670742895
        },
        {
            "D": "201207",
            "TV": 0.0,
            "AUP": 8839.0,
            "TV_p": 0.0,
            "AUP_p": 0.0
        },
        {
            "D": "201208",
            "TV": 1.0,
            "AUP": 8893.0,
            "TV_p": 0.0,
            "AUP_p": 0.6109288381038579
        },
        {
            "D": "201209",
            "TV": 0.0,
            "AUP": 8893.0,
            "TV_p": 0.0,
            "AUP_p": 0.0
        },
        {
            "D": "201210",
            "TV": 1.0,
            "AUP": 9253.0,
            "TV_p": 0.0,
            "AUP_p": 4.048127740919825
        },
        {
            "D": "201211",
            "TV": 1.0,
            "AUP": 9162.0,
            "TV_p": 0.0,
            "AUP_p": -0.9834648222198206
        },
        {
            "D": "201212",
            "TV": 0.0,
            "AUP": 9162.0,
            "TV_p": 0.0,
            "AUP_p": 0.0
        },
        {
            "D": "201301",
            "TV": 0.0,
            "AUP": 9162.0,
            "TV_p": 0.0,
            "AUP_p": 0.0
        },
        {
            "D": "201302",
            "TV": 2.0,
            "AUP": 10012.0,
            "TV_p": 0.0,
            "AUP_p": 9.27745033835407
        },
        {
            "D": "201303",
            "TV": 2.0,
            "AUP": 9245.5,
            "TV_p": 0.0,
            "AUP_p": -7.655813024370755
        },
        {
            "D": "201304",
            "TV": 0.0,
            "AUP": 9245.5,
            "TV_p": 0.0,
            "AUP_p": 0.0
        },
        {
            "D": "201305",
            "TV": 0.0,
            "AUP": 9245.5,
            "TV_p": 0.0,
            "AUP_p": 0.0
        },
        {
            "D": "201306",
            "TV": 0.0,
            "AUP": 9245.5,
            "TV_p": 0.0,
            "AUP_p": 0.0
        },
        {
            "D": "201307",
            "TV": 0.0,
            "AUP": 9245.5,
            "TV_p": 0.0,
            "AUP_p": 0.0
        },
        {
            "D": "201308",
            "TV": 0.0,
            "AUP": 9245.5,
            "TV_p": 0.0,
            "AUP_p": 0.0
        },
        {
            "D": "201309",
            "TV": 0.0,
            "AUP": 9245.5,
            "TV_p": 0.0,
            "AUP_p": 0.0
        },
        {
            "D": "201310",
            "TV": 0.0,
            "AUP": 9245.5,
            "TV_p": 0.0,
            "AUP_p": 0.0
        },
        {
            "D": "201311",
            "TV": 0.0,
            "AUP": 9245.5,
            "TV_p": 0.0,
            "AUP_p": 0.0
        },
        {
            "D": "201312",
            "TV": 0.0,
            "AUP": 9245.5,
            "TV_p": 0.0,
            "AUP_p": 0.0
        },
        {
            "D": "201401",
            "TV": 1.0,
            "AUP": 10067.0,
            "TV_p": 0.0,
            "AUP_p": 8.885403709912932
        },
        {
            "D": "201402",
            "TV": 0.0,
            "AUP": 10067.0,
            "TV_p": 0.0,
            "AUP_p": 0.0
        },
        {
            "D": "201403",
            "TV": 0.0,
            "AUP": 10067.0,
            "TV_p": 0.0,
            "AUP_p": 0.0
        },
        {
            "D": "201404",
            "TV": 0.0,
            "AUP": 10067.0,
            "TV_p": 0.0,
            "AUP_p": 0.0
        },
        {
            "D": "201405",
            "TV": 0.0,
            "AUP": 10067.0,
            "TV_p": 0.0,
            "AUP_p": 0.0
        },
        {
            "D": "201406",
            "TV": 0.0,
            "AUP": 10067.0,
            "TV_p": 0.0,
            "AUP_p": 0.0
        },
        {
            "D": "201407",
            "TV": 2.0,
            "AUP": 8736.0,
            "TV_p": 0.0,
            "AUP_p": -13.221416509387108
        },
        {
            "D": "201408",
            "TV": 1.0,
            "AUP": 11421.0,
            "TV_p": -50.0,
            "AUP_p": 30.734890109890113
        },
        {
            "D": "201409",
            "TV": 2.0,
            "AUP": 10759.5,
            "TV_p": 100.0,
            "AUP_p": -5.791962174940898
        },
        {
            "D": "201410",
            "TV": 0.0,
            "AUP": 10759.5,
            "TV_p": 0.0,
            "AUP_p": 0.0
        },
        {
            "D": "201411",
            "TV": 0.0,
            "AUP": 10759.5,
            "TV_p": 0.0,
            "AUP_p": 0.0
        },
        {
            "D": "201412",
            "TV": 0.0,
            "AUP": 10759.5,
            "TV_p": 0.0,
            "AUP_p": 0.0
        },
        {
            "D": "201501",
            "TV": 0.0,
            "AUP": 10759.5,
            "TV_p": 0.0,
            "AUP_p": 0.0
        },
        {
            "D": "201502",
            "TV": 0.0,
            "AUP": 10759.5,
            "TV_p": 0.0,
            "AUP_p": 0.0
        },
        {
            "D": "201503",
            "TV": 2.0,
            "AUP": 11626.5,
            "TV_p": 0.0,
            "AUP_p": 8.057995260002789
        },
        {
            "D": "201504",
            "TV": 0.0,
            "AUP": 11626.5,
            "TV_p": 0.0,
            "AUP_p": 0.0
        },
        {
            "D": "201505",
            "TV": 0.0,
            "AUP": 11626.5,
            "TV_p": 0.0,
            "AUP_p": 0.0
        },
        {
            "D": "201506",
            "TV": 2.0,
            "AUP": 11788.5,
            "TV_p": 0.0,
            "AUP_p": 1.3933685976003096
        },
        {
            "D": "201507",
            "TV": 0.0,
            "AUP": 11788.5,
            "TV_p": 0.0,
            "AUP_p": 0.0
        },
        {
            "D": "201508",
            "TV": 0.0,
            "AUP": 11788.5,
            "TV_p": 0.0,
            "AUP_p": 0.0
        },
        {
            "D": "201509",
            "TV": 0.0,
            "AUP": 11788.5,
            "TV_p": 0.0,
            "AUP_p": 0.0
        },
        {
            "D": "201510",
            "TV": 0.0,
            "AUP": 11788.5,
            "TV_p": 0.0,
            "AUP_p": 0.0
        },
        {
            "D": "201511",
            "TV": 0.0,
            "AUP": 11788.5,
            "TV_p": 0.0,
            "AUP_p": 0.0
        },
        {
            "D": "201512",
            "TV": 1.0,
            "AUP": 11788.5,
            "TV_p": 0.0,
            "AUP_p": 0.0
        },
        {
            "D": "201601",
            "TV": 0.0,
            "AUP": 11788.5,
            "TV_p": 0.0,
            "AUP_p": 0.0
        },
        {
            "D": "201602",
            "TV": 0.0,
            "AUP": 11788.5,
            "TV_p": 0.0,
            "AUP_p": 0.0
        },
        {
            "D": "201603",
            "TV": 0.0,
            "AUP": 11788.5,
            "TV_p": 0.0,
            "AUP_p": 0.0
        },
        {
            "D": "201604",
            "TV": 0.0,
            "AUP": 11788.5,
            "TV_p": 0.0,
            "AUP_p": 0.0
        },
        {
            "D": "201605",
            "TV": 2.0,
            "AUP": 11396.5,
            "TV_p": 0.0,
            "AUP_p": -3.3252746320566655
        },
        {
            "D": "201606",
            "TV": 0.0,
            "AUP": 11396.5,
            "TV_p": 0.0,
            "AUP_p": 0.0
        },
        {
            "D": "201607",
            "TV": 0.0,
            "AUP": 11396.5,
            "TV_p": 0.0,
            "AUP_p": 0.0
        },
        {
            "D": "201608",
            "TV": 0.0,
            "AUP": 11396.5,
            "TV_p": 0.0,
            "AUP_p": 0.0
        },
        {
            "D": "201609",
            "TV": 0.0,
            "AUP": 11396.5,
            "TV_p": 0.0,
            "AUP_p": 0.0
        },
        {
            "D": "201610",
            "TV": 1.0,
            "AUP": 13325.0,
            "TV_p": 0.0,
            "AUP_p": 16.921861975167815
        },
        {
            "D": "201611",
            "TV": 0.0,
            "AUP": 13325.0,
            "TV_p": 0.0,
            "AUP_p": 0.0
        },
        {
            "D": "201612",
            "TV": 1.0,
            "AUP": 10226.0,
            "TV_p": 0.0,
            "AUP_p": -23.25703564727955
        },
        {
            "D": "201701",
            "TV": 0.0,
            "AUP": 10226.0,
            "TV_p": 0.0,
            "AUP_p": 0.0
        },
        {
            "D": "201702",
            "TV": 0.0,
            "AUP": 10226.0,
            "TV_p": 0.0,
            "AUP_p": 0.0
        },
        {
            "D": "201703",
            "TV": 0.0,
            "AUP": 10226.0,
            "TV_p": 0.0,
            "AUP_p": 0.0
        },
        {
            "D": "201704",
            "TV": 0.0,
            "AUP": 10226.0,
            "TV_p": 0.0,
            "AUP_p": 0.0
        },
        {
            "D": "201705",
            "TV": 0.0,
            "AUP": 10226.0,
            "TV_p": 0.0,
            "AUP_p": 0.0
        },
        {
            "D": "201706",
            "TV": 1.0,
            "AUP": 13693.0,
            "TV_p": 0.0,
            "AUP_p": 33.90377469196167
        },
        {
            "D": "201707",
            "TV": 0.0,
            "AUP": 13693.0,
            "TV_p": 0.0,
            "AUP_p": 0.0
        },
        {
            "D": "201708",
            "TV": 0.0,
            "AUP": 13693.0,
            "TV_p": 0.0,
            "AUP_p": 0.0
        },
        {
            "D": "201709",
            "TV": 0.0,
            "AUP": 13693.0,
            "TV_p": 0.0,
            "AUP_p": 0.0
        },
        {
            "D": "201710",
            "TV": 1.0,
            "AUP": 13935.0,
            "TV_p": 0.0,
            "AUP_p": 1.7673263711385379
        },
        {
            "D": "201711",
            "TV": 2.0,
            "AUP": 12386.5,
            "TV_p": 100.0,
            "AUP_p": -11.112307140294222
        },
        {
            "D": "201712",
            "TV": 1.0,
            "AUP": 14393.0,
            "TV_p": -50.0,
            "AUP_p": 16.199087716465506
        },
        {
            "D": "201801",
            "TV": 2.0,
            "AUP": 14805.0,
            "TV_p": 100.0,
            "AUP_p": 2.8625026054331966
        },
        {
            "D": "201802",
            "TV": 0.0,
            "AUP": 14805.0,
            "TV_p": 0.0,
            "AUP_p": 0.0
        },
        {
            "D": "201803",
            "TV": 0.0,
            "AUP": 14805.0,
            "TV_p": 0.0,
            "AUP_p": 0.0
        },
        {
            "D": "201804",
            "TV": 0.0,
            "AUP": 14805.0,
            "TV_p": 0.0,
            "AUP_p": 0.0
        },
        {
            "D": "201805",
            "TV": 0.0,
            "AUP": 14805.0,
            "TV_p": 0.0,
            "AUP_p": 0.0
        },
        {
            "D": "201806",
            "TV": 1.0,
            "AUP": 14906.0,
            "TV_p": 0.0,
            "AUP_p": 0.6822019587977035
        },
        {
            "D": "201807",
            "TV": 1.0,
            "AUP": 14066.0,
            "TV_p": 0.0,
            "AUP_p": -5.635314638400644
        },
        {
            "D": "201808",
            "TV": 0.0,
            "AUP": 14066.0,
            "TV_p": 0.0,
            "AUP_p": 0.0
        },
        {
            "D": "201809",
            "TV": 0.0,
            "AUP": 14066.0,
            "TV_p": 0.0,
            "AUP_p": 0.0
        },
        {
            "D": "201810",
            "TV": 0.0,
            "AUP": 14066.0,
            "TV_p": 0.0,
            "AUP_p": 0.0
        },
        {
            "D": "201811",
            "TV": 1.0,
            "AUP": 14435.0,
            "TV_p": 0.0,
            "AUP_p": 2.6233470780605717
        },
        {
            "D": "201812",
            "TV": 0.0,
            "AUP": 14435.0,
            "TV_p": 0.0,
            "AUP_p": 0.0
        },
        {
            "D": "201901",
            "TV": 0.0,
            "AUP": 14435.0,
            "TV_p": 0.0,
            "AUP_p": 0.0
        },
        {
            "D": "201902",
            "TV": 0.0,
            "AUP": 14435.0,
            "TV_p": 0.0,
            "AUP_p": 0.0
        },
        {
            "D": "201903",
            "TV": 0.0,
            "AUP": 14435.0,
            "TV_p": 0.0,
            "AUP_p": 0.0
        },
        {
            "D": "201904",
            "TV": 1.0,
            "AUP": 14879.0,
            "TV_p": 0.0,
            "AUP_p": 3.075857291305854
        },
        {
            "D": "201905",
            "TV": 0.0,
            "AUP": 14879.0,
            "TV_p": 0.0,
            "AUP_p": 0.0
        },
        {
            "D": "201906",
            "TV": 1.0,
            "AUP": 14733.0,
            "TV_p": 0.0,
            "AUP_p": -0.9812487398346663
        },
        {
            "D": "201907",
            "TV": 0.0,
            "AUP": 14733.0,
            "TV_p": 0.0,
            "AUP_p": 0.0
        },
        {
            "D": "201908",
            "TV": 0.0,
            "AUP": 14733.0,
            "TV_p": 0.0,
            "AUP_p": 0.0
        },
        {
            "D": "201909",
            "TV": 1.0,
            "AUP": 14731.0,
            "TV_p": 0.0,
            "AUP_p": -0.013574967759451571
        },
        {
            "D": "201910",
            "TV": 0.0,
            "AUP": 14731.0,
            "TV_p": 0.0,
            "AUP_p": 0.0
        },
        {
            "D": "201911",
            "TV": 0.0,
            "AUP": 14731.0,
            "TV_p": 0.0,
            "AUP_p": 0.0
        },
        {
            "D": "201912",
            "TV": 0.0,
            "AUP": 14731.0,
            "TV_p": 0.0,
            "AUP_p": 0.0
        },
        {
            "D": "202001",
            "TV": 0.0,
            "AUP": 14731.0,
            "TV_p": 0.0,
            "AUP_p": 0.0
        },
        {
            "D": "202002",
            "TV": 1.0,
            "AUP": 14741.0,
            "TV_p": 0.0,
            "AUP_p": 0.06788405403570702
        },
        {
            "D": "202003",
            "TV": 1.0,
            "AUP": 14641.0,
            "TV_p": 0.0,
            "AUP_p": -0.6783800284919612
        },
        {
            "D": "202004",
            "TV": 1.0,
            "AUP": 10256.0,
            "TV_p": 0.0,
            "AUP_p": -29.950140017758347
        },
        {
            "D": "202005",
            "TV": 0.0,
            "AUP": 10256.0,
            "TV_p": 0.0,
            "AUP_p": 0.0
        },
        {
            "D": "202006",
            "TV": 2.0,
            "AUP": 16865.5,
            "TV_p": 0.0,
            "AUP_p": 64.44520280811233
        },
        {
            "D": "202007",
            "TV": 0.0,
            "AUP": 16865.5,
            "TV_p": 0.0,
            "AUP_p": 0.0
        },
        {
            "D": "202008",
            "TV": 0.0,
            "AUP": 16865.5,
            "TV_p": 0.0,
            "AUP_p": 0.0
        },
        {
            "D": "202009",
            "TV": 0.0,
            "AUP": 16865.5,
            "TV_p": 0.0,
            "AUP_p": 0.0
        },
        {
            "D": "202010",
            "TV": 0.0,
            "AUP": 16865.5,
            "TV_p": 0.0,
            "AUP_p": 0.0
        },
        {
            "D": "202011",
            "TV": 0.0,
            "AUP": 16865.5,
            "TV_p": 0.0,
            "AUP_p": 0.0
        },
        {
            "D": "202012",
            "TV": 0.0,
            "AUP": 16865.5,
            "TV_p": 0.0,
            "AUP_p": 0.0
        },
        {
            "D": "202101",
            "TV": 0.0,
            "AUP": 16865.5,
            "TV_p": 0.0,
            "AUP_p": 0.0
        },
        {
            "D": "202102",
            "TV": 3.0,
            "AUP": 14937.667,
            "TV_p": 0.0,
            "AUP_p": -11.430630577213842
        },
        {
            "D": "202103",
            "TV": 0.0,
            "AUP": 14937.667,
            "TV_p": 0.0,
            "AUP_p": 0.0
        },
        {
            "D": "202104",
            "TV": 1.0,
            "AUP": 13796.0,
            "TV_p": 0.0,
            "AUP_p": -7.642873549129188
        },
        {
            "D": "202105",
            "TV": 0.0,
            "AUP": 13796.0,
            "TV_p": 0.0,
            "AUP_p": 0.0
        },
        {
            "D": "202106",
            "TV": 0.0,
            "AUP": 13796.0,
            "TV_p": 0.0,
            "AUP_p": 0.0
        },
        {
            "D": "202107",
            "TV": 0.0,
            "AUP": 13796.0,
            "TV_p": 0.0,
            "AUP_p": 0.0
        },
        {
            "D": "202108",
            "TV": 1.0,
            "AUP": 15511.0,
            "TV_p": 0.0,
            "AUP_p": 12.43113946071325
        },
        {
            "D": "202109",
            "TV": 0.0,
            "AUP": 15511.0,
            "TV_p": 0.0,
            "AUP_p": 0.0
        },
        {
            "D": "202110",
            "TV": 0.0,
            "AUP": 15511.0,
            "TV_p": 0.0,
            "AUP_p": 0.0
        },
        {
            "D": "202111",
            "TV": 0.0,
            "AUP": 15511.0,
            "TV_p": 0.0,
            "AUP_p": 0.0
        },
        {
            "D": "202112",
            "TV": 2.0,
            "AUP": 14266.5,
            "TV_p": 0.0,
            "AUP_p": -8.023338276062148
        },
        {
            "D": "202201",
            "TV": 1.0,
            "AUP": 15064.0,
            "TV_p": -50.0,
            "AUP_p": 5.590018574983353
        },
        {
            "D": "202202",
            "TV": 1.0,
            "AUP": 15064.0,
            "TV_p": 0.0,
            "AUP_p": 0.0
        },
        {
            "D": "202203",
            "TV": 0.0,
            "AUP": 15064.0,
            "TV_p": 0.0,
            "AUP_p": 0.0
        },
        {
            "D": "202204",
            "TV": 0.0,
            "AUP": 15064.0,
            "TV_p": 0.0,
            "AUP_p": 0.0
        },
        {
            "D": "202205",
            "TV": 0.0,
            "AUP": 15064.0,
            "TV_p": 0.0,
            "AUP_p": 0.0
        },
        {
            "D": "202206",
            "TV": 0.0,
            "AUP": 15064.0,
            "TV_p": 0.0,
            "AUP_p": 0.0
        },
        {
            "D": "202207",
            "TV": 0.0,
            "AUP": 15064.0,
            "TV_p": 0.0,
            "AUP_p": 0.0
        },
        {
            "D": "202208",
            "TV": 0.0,
            "AUP": 15064.0,
            "TV_p": 0.0,
            "AUP_p": 0.0
        },
        {
            "D": "202209",
            "TV": 1.0,
            "AUP": 14000.0,
            "TV_p": 0.0,
            "AUP_p": -7.063197026022305
        },
        {
            "D": "202210",
            "TV": 1.0,
            "AUP": 13072.0,
            "TV_p": 0.0,
            "AUP_p": -6.628571428571428
        },
        {
            "D": "202211",
            "TV": 1.0,
            "AUP": 12745.0,
            "TV_p": 0.0,
            "AUP_p": -2.501529987760098
        },
        {
            "D": "202212",
            "TV": 0.0,
            "AUP": 12745.0,
            "TV_p": 0.0,
            "AUP_p": 0.0
        },
        {
            "D": "202301",
            "TV": 1.0,
            "AUP": 12745.0,
            "TV_p": 0.0,
            "AUP_p": 0.0
        },
        {
            "D": "202302",
            "TV": 0.0,
            "AUP": 12745.0,
            "TV_p": 0.0,
            "AUP_p": 0.0
        },
        {
            "D": "202303",
            "TV": 0.0,
            "AUP": 12745.0,
            "TV_p": 0.0,
            "AUP_p": 0.0
        },
        {
            "D": "202304",
            "TV": 0.0,
            "AUP": 12745.0,
            "TV_p": 0.0,
            "AUP_p": 0.0
        },
        {
            "D": "202305",
            "TV": 2.0,
            "AUP": 13150.5,
            "TV_p": 0.0,
            "AUP_p": 3.1816398587681443
        },
        {
            "D": "202306",
            "TV": 0.0,
            "AUP": 13150.5,
            "TV_p": 0.0,
            "AUP_p": 0.0
        },
        {
            "D": "202307",
            "TV": 0.0,
            "AUP": 13150.5,
            "TV_p": 0.0,
            "AUP_p": 0.0
        },
        {
            "D": "202308",
            "TV": 0.0,
            "AUP": 13150.5,
            "TV_p": 0.0,
            "AUP_p": 0.0
        },
        {
            "D": "202309",
            "TV": 0.0,
            "AUP": 13150.5,
            "TV_p": 0.0,
            "AUP_p": 0.0
        },
        {
            "D": "202310",
            "TV": 0.0,
            "AUP": 13150.5,
            "TV_p": 0.0,
            "AUP_p": 0.0
        },
        {
            "D": "202311",
            "TV": 0.0,
            "AUP": 13150.5,
            "TV_p": 0.0,
            "AUP_p": 0.0
        },
        {
            "D": "202312",
            "TV": 0.0,
            "AUP": 13150.5,
            "TV_p": 0.0,
            "AUP_p": 0.0
        },
        {
            "D": "202401",
            "TV": 1.0,
            "AUP": 12821.0,
            "TV_p": 0.0,
            "AUP_p": -2.5056081517813014
        },
        {
            "D": "202402",
            "TV": 0.0,
            "AUP": 12821.0,
            "TV_p": 0.0,
            "AUP_p": 0.0
        },
        {
            "D": "202403",
            "TV": 1.0,
            "AUP": 11111.0,
            "TV_p": 0.0,
            "AUP_p": -13.33749317525934
        },
        {
            "D": "202404",
            "TV": 2.0,
            "AUP": 13032.0,
            "TV_p": 100.0,
            "AUP_p": 17.289172891728917
        },
        {
            "D": "202405",
            "TV": 0.0,
            "AUP": 13032.0,
            "TV_p": 0.0,
            "AUP_p": 0.0
        },
        {
            "D": "202406",
            "TV": 0.0,
            "AUP": 13032.0,
            "TV_p": 0.0,
            "AUP_p": 0.0
        },
        {
            "D": "202407",
            "TV": 0.0,
            "AUP": 13032.0,
            "TV_p": 0.0,
            "AUP_p": 0.0
        }
    ],
    "MinDate": "199601",
    "MaxDate": "202407"
}