{
    "List": [
        {
            "D": "199601",
            "TV": 1.0,
            "AUP": 3375.0,
            "TV_p": 0.0,
            "AUP_p": -1.1423550087873462
        },
        {
            "D": "199602",
            "TV": 0.0,
            "AUP": 3375.0,
            "TV_p": 0.0,
            "AUP_p": 0.0
        },
        {
            "D": "199603",
            "TV": 6.0,
            "AUP": 3308.0,
            "TV_p": 0.0,
            "AUP_p": -1.9851851851851854
        },
        {
            "D": "199604",
            "TV": 3.0,
            "AUP": 3546.0,
            "TV_p": -50.0,
            "AUP_p": 7.194679564691657
        },
        {
            "D": "199605",
            "TV": 3.0,
            "AUP": 3462.0,
            "TV_p": 0.0,
            "AUP_p": -2.3688663282571913
        },
        {
            "D": "199606",
            "TV": 0.0,
            "AUP": 3462.0,
            "TV_p": 0.0,
            "AUP_p": 0.0
        },
        {
            "D": "199607",
            "TV": 2.0,
            "AUP": 3438.5,
            "TV_p": 0.0,
            "AUP_p": -0.6787983824378971
        },
        {
            "D": "199608",
            "TV": 0.0,
            "AUP": 3438.5,
            "TV_p": 0.0,
            "AUP_p": 0.0
        },
        {
            "D": "199609",
            "TV": 1.0,
            "AUP": 4017.0,
            "TV_p": 0.0,
            "AUP_p": 16.824196597353495
        },
        {
            "D": "199610",
            "TV": 0.0,
            "AUP": 4017.0,
            "TV_p": 0.0,
            "AUP_p": 0.0
        },
        {
            "D": "199611",
            "TV": 4.0,
            "AUP": 3652.5,
            "TV_p": 0.0,
            "AUP_p": -9.073935772964898
        },
        {
            "D": "199612",
            "TV": 1.0,
            "AUP": 3176.0,
            "TV_p": -75.0,
            "AUP_p": -13.045859000684462
        },
        {
            "D": "199701",
            "TV": 1.0,
            "AUP": 3610.0,
            "TV_p": 0.0,
            "AUP_p": 13.664987405541563
        },
        {
            "D": "199702",
            "TV": 2.0,
            "AUP": 3677.0,
            "TV_p": 100.0,
            "AUP_p": 1.85595567867036
        },
        {
            "D": "199703",
            "TV": 0.0,
            "AUP": 3677.0,
            "TV_p": 0.0,
            "AUP_p": 0.0
        },
        {
            "D": "199704",
            "TV": 2.0,
            "AUP": 4759.0,
            "TV_p": 0.0,
            "AUP_p": 29.426162632580912
        },
        {
            "D": "199705",
            "TV": 3.0,
            "AUP": 4767.333,
            "TV_p": 50.0,
            "AUP_p": 0.1751068081529646
        },
        {
            "D": "199706",
            "TV": 1.0,
            "AUP": 4359.0,
            "TV_p": -66.66666666666666,
            "AUP_p": -8.565235624987073
        },
        {
            "D": "199707",
            "TV": 4.0,
            "AUP": 4681.0,
            "TV_p": 300.0,
            "AUP_p": 7.387015370497821
        },
        {
            "D": "199708",
            "TV": 1.0,
            "AUP": 5235.0,
            "TV_p": -75.0,
            "AUP_p": 11.83507797479171
        },
        {
            "D": "199709",
            "TV": 2.0,
            "AUP": 3688.0,
            "TV_p": 100.0,
            "AUP_p": -29.551098376313277
        },
        {
            "D": "199710",
            "TV": 3.0,
            "AUP": 5161.0,
            "TV_p": 50.0,
            "AUP_p": 39.94034707158352
        },
        {
            "D": "199711",
            "TV": 3.0,
            "AUP": 4219.667,
            "TV_p": 0.0,
            "AUP_p": -18.2393593102112
        },
        {
            "D": "199712",
            "TV": 1.0,
            "AUP": 5226.0,
            "TV_p": -66.66666666666666,
            "AUP_p": 23.8486452522077
        },
        {
            "D": "199801",
            "TV": 0.0,
            "AUP": 5226.0,
            "TV_p": 0.0,
            "AUP_p": 0.0
        },
        {
            "D": "199802",
            "TV": 0.0,
            "AUP": 5226.0,
            "TV_p": 0.0,
            "AUP_p": 0.0
        },
        {
            "D": "199803",
            "TV": 0.0,
            "AUP": 5226.0,
            "TV_p": 0.0,
            "AUP_p": 0.0
        },
        {
            "D": "199804",
            "TV": 1.0,
            "AUP": 3741.0,
            "TV_p": 0.0,
            "AUP_p": -28.415614236509757
        },
        {
            "D": "199805",
            "TV": 2.0,
            "AUP": 4295.5,
            "TV_p": 100.0,
            "AUP_p": 14.822240042769314
        },
        {
            "D": "199806",
            "TV": 0.0,
            "AUP": 4295.5,
            "TV_p": 0.0,
            "AUP_p": 0.0
        },
        {
            "D": "199807",
            "TV": 1.0,
            "AUP": 4814.0,
            "TV_p": 0.0,
            "AUP_p": 12.070771737865208
        },
        {
            "D": "199808",
            "TV": 1.0,
            "AUP": 3312.0,
            "TV_p": 0.0,
            "AUP_p": -31.200664727877026
        },
        {
            "D": "199809",
            "TV": 1.0,
            "AUP": 2458.0,
            "TV_p": 0.0,
            "AUP_p": -25.78502415458937
        },
        {
            "D": "199810",
            "TV": 1.0,
            "AUP": 3308.0,
            "TV_p": 0.0,
            "AUP_p": 34.580960130187144
        },
        {
            "D": "199811",
            "TV": 2.0,
            "AUP": 3160.0,
            "TV_p": 100.0,
            "AUP_p": -4.474002418379685
        },
        {
            "D": "199812",
            "TV": 3.0,
            "AUP": 2696.0,
            "TV_p": 50.0,
            "AUP_p": -14.683544303797468
        },
        {
            "D": "199901",
            "TV": 2.0,
            "AUP": 3066.0,
            "TV_p": -33.33333333333333,
            "AUP_p": 13.724035608308604
        },
        {
            "D": "199902",
            "TV": 3.0,
            "AUP": 2958.333,
            "TV_p": 50.0,
            "AUP_p": -3.5116329745596855
        },
        {
            "D": "199903",
            "TV": 0.0,
            "AUP": 2958.333,
            "TV_p": 0.0,
            "AUP_p": 0.0
        },
        {
            "D": "199904",
            "TV": 1.0,
            "AUP": 2806.0,
            "TV_p": 0.0,
            "AUP_p": -5.1492957639604855
        },
        {
            "D": "199905",
            "TV": 1.0,
            "AUP": 3219.0,
            "TV_p": 0.0,
            "AUP_p": 14.718460441910192
        },
        {
            "D": "199906",
            "TV": 2.0,
            "AUP": 2685.0,
            "TV_p": 100.0,
            "AUP_p": -16.589002795899347
        },
        {
            "D": "199907",
            "TV": 1.0,
            "AUP": 2792.0,
            "TV_p": -50.0,
            "AUP_p": 3.985102420856611
        },
        {
            "D": "199908",
            "TV": 1.0,
            "AUP": 2766.0,
            "TV_p": 0.0,
            "AUP_p": -0.9312320916905444
        },
        {
            "D": "199909",
            "TV": 1.0,
            "AUP": 3123.0,
            "TV_p": 0.0,
            "AUP_p": 12.906724511930587
        },
        {
            "D": "199910",
            "TV": 1.0,
            "AUP": 2425.0,
            "TV_p": 0.0,
            "AUP_p": -22.350304194684597
        },
        {
            "D": "199911",
            "TV": 0.0,
            "AUP": 2425.0,
            "TV_p": 0.0,
            "AUP_p": 0.0
        },
        {
            "D": "199912",
            "TV": 1.0,
            "AUP": 2552.0,
            "TV_p": 0.0,
            "AUP_p": 5.237113402061856
        },
        {
            "D": "200001",
            "TV": 1.0,
            "AUP": 2662.0,
            "TV_p": 0.0,
            "AUP_p": 4.310344827586207
        },
        {
            "D": "200002",
            "TV": 0.0,
            "AUP": 2662.0,
            "TV_p": 0.0,
            "AUP_p": 0.0
        },
        {
            "D": "200003",
            "TV": 0.0,
            "AUP": 2662.0,
            "TV_p": 0.0,
            "AUP_p": 0.0
        },
        {
            "D": "200004",
            "TV": 0.0,
            "AUP": 2662.0,
            "TV_p": 0.0,
            "AUP_p": 0.0
        },
        {
            "D": "200005",
            "TV": 0.0,
            "AUP": 2662.0,
            "TV_p": 0.0,
            "AUP_p": 0.0
        },
        {
            "D": "200006",
            "TV": 0.0,
            "AUP": 2662.0,
            "TV_p": 0.0,
            "AUP_p": 0.0
        },
        {
            "D": "200007",
            "TV": 0.0,
            "AUP": 2662.0,
            "TV_p": 0.0,
            "AUP_p": 0.0
        },
        {
            "D": "200008",
            "TV": 3.0,
            "AUP": 2613.667,
            "TV_p": 0.0,
            "AUP_p": -1.81567746055597
        },
        {
            "D": "200009",
            "TV": 0.0,
            "AUP": 2613.667,
            "TV_p": 0.0,
            "AUP_p": 0.0
        },
        {
            "D": "200010",
            "TV": 1.0,
            "AUP": 2403.0,
            "TV_p": 0.0,
            "AUP_p": -8.060196380068922
        },
        {
            "D": "200011",
            "TV": 1.0,
            "AUP": 2688.0,
            "TV_p": 0.0,
            "AUP_p": 11.860174781523096
        },
        {
            "D": "200012",
            "TV": 0.0,
            "AUP": 2688.0,
            "TV_p": 0.0,
            "AUP_p": 0.0
        },
        {
            "D": "200101",
            "TV": 1.0,
            "AUP": 2260.0,
            "TV_p": 0.0,
            "AUP_p": -15.922619047619047
        },
        {
            "D": "200102",
            "TV": 0.0,
            "AUP": 2260.0,
            "TV_p": 0.0,
            "AUP_p": 0.0
        },
        {
            "D": "200103",
            "TV": 0.0,
            "AUP": 2260.0,
            "TV_p": 0.0,
            "AUP_p": 0.0
        },
        {
            "D": "200104",
            "TV": 0.0,
            "AUP": 2260.0,
            "TV_p": 0.0,
            "AUP_p": 0.0
        },
        {
            "D": "200105",
            "TV": 1.0,
            "AUP": 2329.0,
            "TV_p": 0.0,
            "AUP_p": 3.0530973451327434
        },
        {
            "D": "200106",
            "TV": 1.0,
            "AUP": 2292.0,
            "TV_p": 0.0,
            "AUP_p": -1.5886646629454702
        },
        {
            "D": "200107",
            "TV": 0.0,
            "AUP": 2292.0,
            "TV_p": 0.0,
            "AUP_p": 0.0
        },
        {
            "D": "200108",
            "TV": 1.0,
            "AUP": 2619.0,
            "TV_p": 0.0,
            "AUP_p": 14.267015706806282
        },
        {
            "D": "200109",
            "TV": 0.0,
            "AUP": 2619.0,
            "TV_p": 0.0,
            "AUP_p": 0.0
        },
        {
            "D": "200110",
            "TV": 0.0,
            "AUP": 2619.0,
            "TV_p": 0.0,
            "AUP_p": 0.0
        },
        {
            "D": "200111",
            "TV": 0.0,
            "AUP": 2619.0,
            "TV_p": 0.0,
            "AUP_p": 0.0
        },
        {
            "D": "200112",
            "TV": 0.0,
            "AUP": 2619.0,
            "TV_p": 0.0,
            "AUP_p": 0.0
        },
        {
            "D": "200201",
            "TV": 0.0,
            "AUP": 2619.0,
            "TV_p": 0.0,
            "AUP_p": 0.0
        },
        {
            "D": "200202",
            "TV": 1.0,
            "AUP": 2051.0,
            "TV_p": 0.0,
            "AUP_p": -21.68766704849179
        },
        {
            "D": "200203",
            "TV": 1.0,
            "AUP": 2044.0,
            "TV_p": 0.0,
            "AUP_p": -0.3412969283276451
        },
        {
            "D": "200204",
            "TV": 1.0,
            "AUP": 2097.0,
            "TV_p": 0.0,
            "AUP_p": 2.592954990215264
        },
        {
            "D": "200205",
            "TV": 1.0,
            "AUP": 2463.0,
            "TV_p": 0.0,
            "AUP_p": 17.453505007153076
        },
        {
            "D": "200206",
            "TV": 0.0,
            "AUP": 2463.0,
            "TV_p": 0.0,
            "AUP_p": 0.0
        },
        {
            "D": "200207",
            "TV": 0.0,
            "AUP": 2463.0,
            "TV_p": 0.0,
            "AUP_p": 0.0
        },
        {
            "D": "200208",
            "TV": 1.0,
            "AUP": 2043.0,
            "TV_p": 0.0,
            "AUP_p": -17.052375152253347
        },
        {
            "D": "200209",
            "TV": 1.0,
            "AUP": 1861.0,
            "TV_p": 0.0,
            "AUP_p": -8.908467939304945
        },
        {
            "D": "200210",
            "TV": 1.0,
            "AUP": 1876.0,
            "TV_p": 0.0,
            "AUP_p": 0.8060182697474476
        },
        {
            "D": "200211",
            "TV": 0.0,
            "AUP": 1876.0,
            "TV_p": 0.0,
            "AUP_p": 0.0
        },
        {
            "D": "200212",
            "TV": 1.0,
            "AUP": 1993.0,
            "TV_p": 0.0,
            "AUP_p": 6.2366737739872065
        },
        {
            "D": "200301",
            "TV": 1.0,
            "AUP": 1793.0,
            "TV_p": 0.0,
            "AUP_p": -10.035122930255895
        },
        {
            "D": "200302",
            "TV": 0.0,
            "AUP": 1793.0,
            "TV_p": 0.0,
            "AUP_p": 0.0
        },
        {
            "D": "200303",
            "TV": 0.0,
            "AUP": 1793.0,
            "TV_p": 0.0,
            "AUP_p": 0.0
        },
        {
            "D": "200304",
            "TV": 1.0,
            "AUP": 2511.0,
            "TV_p": 0.0,
            "AUP_p": 40.04461795872839
        },
        {
            "D": "200305",
            "TV": 0.0,
            "AUP": 2511.0,
            "TV_p": 0.0,
            "AUP_p": 0.0
        },
        {
            "D": "200306",
            "TV": 0.0,
            "AUP": 2511.0,
            "TV_p": 0.0,
            "AUP_p": 0.0
        },
        {
            "D": "200307",
            "TV": 0.0,
            "AUP": 2511.0,
            "TV_p": 0.0,
            "AUP_p": 0.0
        },
        {
            "D": "200308",
            "TV": 0.0,
            "AUP": 2511.0,
            "TV_p": 0.0,
            "AUP_p": 0.0
        },
        {
            "D": "200309",
            "TV": 0.0,
            "AUP": 2511.0,
            "TV_p": 0.0,
            "AUP_p": 0.0
        },
        {
            "D": "200310",
            "TV": 2.0,
            "AUP": 1594.5,
            "TV_p": 0.0,
            "AUP_p": -36.499402628434886
        },
        {
            "D": "200311",
            "TV": 1.0,
            "AUP": 1641.0,
            "TV_p": -50.0,
            "AUP_p": 2.916274694261524
        },
        {
            "D": "200312",
            "TV": 1.0,
            "AUP": 1654.0,
            "TV_p": 0.0,
            "AUP_p": 0.7921998781230957
        },
        {
            "D": "200401",
            "TV": 0.0,
            "AUP": 1654.0,
            "TV_p": 0.0,
            "AUP_p": 0.0
        },
        {
            "D": "200402",
            "TV": 0.0,
            "AUP": 1654.0,
            "TV_p": 0.0,
            "AUP_p": 0.0
        },
        {
            "D": "200403",
            "TV": 2.0,
            "AUP": 1785.5,
            "TV_p": 0.0,
            "AUP_p": 7.950423216444983
        },
        {
            "D": "200404",
            "TV": 0.0,
            "AUP": 1785.5,
            "TV_p": 0.0,
            "AUP_p": 0.0
        },
        {
            "D": "200405",
            "TV": 0.0,
            "AUP": 1785.5,
            "TV_p": 0.0,
            "AUP_p": 0.0
        },
        {
            "D": "200406",
            "TV": 0.0,
            "AUP": 1785.5,
            "TV_p": 0.0,
            "AUP_p": 0.0
        },
        {
            "D": "200407",
            "TV": 2.0,
            "AUP": 1970.0,
            "TV_p": 0.0,
            "AUP_p": 10.333239988798656
        },
        {
            "D": "200408",
            "TV": 0.0,
            "AUP": 1970.0,
            "TV_p": 0.0,
            "AUP_p": 0.0
        },
        {
            "D": "200409",
            "TV": 0.0,
            "AUP": 1970.0,
            "TV_p": 0.0,
            "AUP_p": 0.0
        },
        {
            "D": "200410",
            "TV": 2.0,
            "AUP": 2134.0,
            "TV_p": 0.0,
            "AUP_p": 8.3248730964467
        },
        {
            "D": "200411",
            "TV": 2.0,
            "AUP": 2151.5,
            "TV_p": 0.0,
            "AUP_p": 0.8200562324273665
        },
        {
            "D": "200412",
            "TV": 0.0,
            "AUP": 2151.5,
            "TV_p": 0.0,
            "AUP_p": 0.0
        },
        {
            "D": "200501",
            "TV": 0.0,
            "AUP": 2151.5,
            "TV_p": 0.0,
            "AUP_p": 0.0
        },
        {
            "D": "200502",
            "TV": 2.0,
            "AUP": 2170.0,
            "TV_p": 0.0,
            "AUP_p": 0.8598652103183826
        },
        {
            "D": "200503",
            "TV": 0.0,
            "AUP": 2170.0,
            "TV_p": 0.0,
            "AUP_p": 0.0
        },
        {
            "D": "200504",
            "TV": 2.0,
            "AUP": 2423.0,
            "TV_p": 0.0,
            "AUP_p": 11.658986175115208
        },
        {
            "D": "200505",
            "TV": 1.0,
            "AUP": 2522.0,
            "TV_p": -50.0,
            "AUP_p": 4.085843995047462
        },
        {
            "D": "200506",
            "TV": 0.0,
            "AUP": 2522.0,
            "TV_p": 0.0,
            "AUP_p": 0.0
        },
        {
            "D": "200507",
            "TV": 3.0,
            "AUP": 3048.0,
            "TV_p": 0.0,
            "AUP_p": 20.856463124504362
        },
        {
            "D": "200508",
            "TV": 0.0,
            "AUP": 3048.0,
            "TV_p": 0.0,
            "AUP_p": 0.0
        },
        {
            "D": "200509",
            "TV": 1.0,
            "AUP": 2946.0,
            "TV_p": 0.0,
            "AUP_p": -3.346456692913386
        },
        {
            "D": "200510",
            "TV": 0.0,
            "AUP": 2946.0,
            "TV_p": 0.0,
            "AUP_p": 0.0
        },
        {
            "D": "200511",
            "TV": 3.0,
            "AUP": 2393.0,
            "TV_p": 0.0,
            "AUP_p": -18.771215207060422
        },
        {
            "D": "200512",
            "TV": 1.0,
            "AUP": 2359.0,
            "TV_p": -66.66666666666666,
            "AUP_p": -1.420810697868784
        },
        {
            "D": "200601",
            "TV": 3.0,
            "AUP": 2316.0,
            "TV_p": 200.0,
            "AUP_p": -1.8228062738448496
        },
        {
            "D": "200602",
            "TV": 1.0,
            "AUP": 2375.0,
            "TV_p": -66.66666666666666,
            "AUP_p": 2.547495682210708
        },
        {
            "D": "200603",
            "TV": 0.0,
            "AUP": 2375.0,
            "TV_p": 0.0,
            "AUP_p": 0.0
        },
        {
            "D": "200604",
            "TV": 2.0,
            "AUP": 2561.5,
            "TV_p": 0.0,
            "AUP_p": 7.852631578947368
        },
        {
            "D": "200605",
            "TV": 0.0,
            "AUP": 2561.5,
            "TV_p": 0.0,
            "AUP_p": 0.0
        },
        {
            "D": "200606",
            "TV": 1.0,
            "AUP": 2111.0,
            "TV_p": 0.0,
            "AUP_p": -17.58735116142885
        },
        {
            "D": "200607",
            "TV": 0.0,
            "AUP": 2111.0,
            "TV_p": 0.0,
            "AUP_p": 0.0
        },
        {
            "D": "200608",
            "TV": 2.0,
            "AUP": 2518.0,
            "TV_p": 0.0,
            "AUP_p": 19.279962103268595
        },
        {
            "D": "200609",
            "TV": 0.0,
            "AUP": 2518.0,
            "TV_p": 0.0,
            "AUP_p": 0.0
        },
        {
            "D": "200610",
            "TV": 0.0,
            "AUP": 2518.0,
            "TV_p": 0.0,
            "AUP_p": 0.0
        },
        {
            "D": "200611",
            "TV": 1.0,
            "AUP": 2215.0,
            "TV_p": 0.0,
            "AUP_p": -12.033359809372518
        },
        {
            "D": "200612",
            "TV": 0.0,
            "AUP": 2215.0,
            "TV_p": 0.0,
            "AUP_p": 0.0
        },
        {
            "D": "200701",
            "TV": 1.0,
            "AUP": 2305.0,
            "TV_p": 0.0,
            "AUP_p": 4.063205417607223
        },
        {
            "D": "200702",
            "TV": 2.0,
            "AUP": 2560.5,
            "TV_p": 100.0,
            "AUP_p": 11.08459869848156
        },
        {
            "D": "200703",
            "TV": 0.0,
            "AUP": 2560.5,
            "TV_p": 0.0,
            "AUP_p": 0.0
        },
        {
            "D": "200704",
            "TV": 1.0,
            "AUP": 2804.0,
            "TV_p": 0.0,
            "AUP_p": 9.509861355204063
        },
        {
            "D": "200705",
            "TV": 3.0,
            "AUP": 2804.667,
            "TV_p": 200.0,
            "AUP_p": 0.02377553495007409
        },
        {
            "D": "200706",
            "TV": 0.0,
            "AUP": 2804.667,
            "TV_p": 0.0,
            "AUP_p": 0.0
        },
        {
            "D": "200707",
            "TV": 2.0,
            "AUP": 2291.0,
            "TV_p": 0.0,
            "AUP_p": -18.31471355320055
        },
        {
            "D": "200708",
            "TV": 0.0,
            "AUP": 2291.0,
            "TV_p": 0.0,
            "AUP_p": 0.0
        },
        {
            "D": "200709",
            "TV": 0.0,
            "AUP": 2291.0,
            "TV_p": 0.0,
            "AUP_p": 0.0
        },
        {
            "D": "200710",
            "TV": 2.0,
            "AUP": 2706.0,
            "TV_p": 0.0,
            "AUP_p": 18.114360541248363
        },
        {
            "D": "200711",
            "TV": 2.0,
            "AUP": 3003.5,
            "TV_p": 0.0,
            "AUP_p": 10.994087213599409
        },
        {
            "D": "200712",
            "TV": 1.0,
            "AUP": 3177.0,
            "TV_p": -50.0,
            "AUP_p": 5.776593973697353
        },
        {
            "D": "200801",
            "TV": 0.0,
            "AUP": 3177.0,
            "TV_p": 0.0,
            "AUP_p": 0.0
        },
        {
            "D": "200802",
            "TV": 2.0,
            "AUP": 3357.0,
            "TV_p": 0.0,
            "AUP_p": 5.6657223796034
        },
        {
            "D": "200803",
            "TV": 0.0,
            "AUP": 3357.0,
            "TV_p": 0.0,
            "AUP_p": 0.0
        },
        {
            "D": "200804",
            "TV": 1.0,
            "AUP": 3431.0,
            "TV_p": 0.0,
            "AUP_p": 2.2043491212392015
        },
        {
            "D": "200805",
            "TV": 1.0,
            "AUP": 3176.0,
            "TV_p": 0.0,
            "AUP_p": -7.43223549985427
        },
        {
            "D": "200806",
            "TV": 0.0,
            "AUP": 3176.0,
            "TV_p": 0.0,
            "AUP_p": 0.0
        },
        {
            "D": "200807",
            "TV": 1.0,
            "AUP": 2388.0,
            "TV_p": 0.0,
            "AUP_p": -24.811083123425693
        },
        {
            "D": "200808",
            "TV": 1.0,
            "AUP": 3573.0,
            "TV_p": 0.0,
            "AUP_p": 49.62311557788945
        },
        {
            "D": "200809",
            "TV": 0.0,
            "AUP": 3573.0,
            "TV_p": 0.0,
            "AUP_p": 0.0
        },
        {
            "D": "200810",
            "TV": 0.0,
            "AUP": 3573.0,
            "TV_p": 0.0,
            "AUP_p": 0.0
        },
        {
            "D": "200811",
            "TV": 0.0,
            "AUP": 3573.0,
            "TV_p": 0.0,
            "AUP_p": 0.0
        },
        {
            "D": "200812",
            "TV": 0.0,
            "AUP": 3573.0,
            "TV_p": 0.0,
            "AUP_p": 0.0
        },
        {
            "D": "200901",
            "TV": 1.0,
            "AUP": 3419.0,
            "TV_p": 0.0,
            "AUP_p": -4.310103554436048
        },
        {
            "D": "200902",
            "TV": 0.0,
            "AUP": 3419.0,
            "TV_p": 0.0,
            "AUP_p": 0.0
        },
        {
            "D": "200903",
            "TV": 1.0,
            "AUP": 3170.0,
            "TV_p": 0.0,
            "AUP_p": -7.282831237203862
        },
        {
            "D": "200904",
            "TV": 2.0,
            "AUP": 3605.5,
            "TV_p": 100.0,
            "AUP_p": 13.738170347003154
        },
        {
            "D": "200905",
            "TV": 0.0,
            "AUP": 3605.5,
            "TV_p": 0.0,
            "AUP_p": 0.0
        },
        {
            "D": "200906",
            "TV": 1.0,
            "AUP": 3558.0,
            "TV_p": 0.0,
            "AUP_p": -1.3174317015670503
        },
        {
            "D": "200907",
            "TV": 1.0,
            "AUP": 3653.0,
            "TV_p": 0.0,
            "AUP_p": 2.6700393479482853
        },
        {
            "D": "200908",
            "TV": 3.0,
            "AUP": 3854.667,
            "TV_p": 200.0,
            "AUP_p": 5.520576676704081
        },
        {
            "D": "200909",
            "TV": 1.0,
            "AUP": 3709.0,
            "TV_p": -66.66666666666666,
            "AUP_p": -3.7789691981630886
        },
        {
            "D": "200910",
            "TV": 1.0,
            "AUP": 4036.0,
            "TV_p": 0.0,
            "AUP_p": 8.816392558641144
        },
        {
            "D": "200911",
            "TV": 3.0,
            "AUP": 4186.333,
            "TV_p": 200.0,
            "AUP_p": 3.724810034687799
        },
        {
            "D": "200912",
            "TV": 0.0,
            "AUP": 4186.333,
            "TV_p": 0.0,
            "AUP_p": 0.0
        },
        {
            "D": "201001",
            "TV": 0.0,
            "AUP": 4186.333,
            "TV_p": 0.0,
            "AUP_p": 0.0
        },
        {
            "D": "201002",
            "TV": 0.0,
            "AUP": 4186.333,
            "TV_p": 0.0,
            "AUP_p": 0.0
        },
        {
            "D": "201003",
            "TV": 1.0,
            "AUP": 4507.0,
            "TV_p": 0.0,
            "AUP_p": 7.659845537674973
        },
        {
            "D": "201004",
            "TV": 1.0,
            "AUP": 4323.0,
            "TV_p": 0.0,
            "AUP_p": -4.082538273796317
        },
        {
            "D": "201005",
            "TV": 2.0,
            "AUP": 4581.5,
            "TV_p": 100.0,
            "AUP_p": 5.979643765903308
        },
        {
            "D": "201006",
            "TV": 1.0,
            "AUP": 4581.5,
            "TV_p": -50.0,
            "AUP_p": 0.0
        },
        {
            "D": "201007",
            "TV": 0.0,
            "AUP": 4581.5,
            "TV_p": 0.0,
            "AUP_p": 0.0
        },
        {
            "D": "201008",
            "TV": 0.0,
            "AUP": 4581.5,
            "TV_p": 0.0,
            "AUP_p": 0.0
        },
        {
            "D": "201009",
            "TV": 2.0,
            "AUP": 4457.0,
            "TV_p": 0.0,
            "AUP_p": -2.7174506166102805
        },
        {
            "D": "201010",
            "TV": 1.0,
            "AUP": 5074.0,
            "TV_p": -50.0,
            "AUP_p": 13.843392416423603
        },
        {
            "D": "201011",
            "TV": 1.0,
            "AUP": 5373.0,
            "TV_p": 0.0,
            "AUP_p": 5.892786756011037
        },
        {
            "D": "201012",
            "TV": 0.0,
            "AUP": 5373.0,
            "TV_p": 0.0,
            "AUP_p": 0.0
        },
        {
            "D": "201101",
            "TV": 0.0,
            "AUP": 5373.0,
            "TV_p": 0.0,
            "AUP_p": 0.0
        },
        {
            "D": "201102",
            "TV": 0.0,
            "AUP": 5373.0,
            "TV_p": 0.0,
            "AUP_p": 0.0
        },
        {
            "D": "201103",
            "TV": 1.0,
            "AUP": 5082.0,
            "TV_p": 0.0,
            "AUP_p": -5.415968732551647
        },
        {
            "D": "201104",
            "TV": 1.0,
            "AUP": 5720.0,
            "TV_p": 0.0,
            "AUP_p": 12.554112554112553
        },
        {
            "D": "201105",
            "TV": 0.0,
            "AUP": 5720.0,
            "TV_p": 0.0,
            "AUP_p": 0.0
        },
        {
            "D": "201106",
            "TV": 0.0,
            "AUP": 5720.0,
            "TV_p": 0.0,
            "AUP_p": 0.0
        },
        {
            "D": "201107",
            "TV": 1.0,
            "AUP": 5438.0,
            "TV_p": 0.0,
            "AUP_p": -4.93006993006993
        },
        {
            "D": "201108",
            "TV": 0.0,
            "AUP": 5438.0,
            "TV_p": 0.0,
            "AUP_p": 0.0
        },
        {
            "D": "201109",
            "TV": 0.0,
            "AUP": 5438.0,
            "TV_p": 0.0,
            "AUP_p": 0.0
        },
        {
            "D": "201110",
            "TV": 0.0,
            "AUP": 5438.0,
            "TV_p": 0.0,
            "AUP_p": 0.0
        },
        {
            "D": "201111",
            "TV": 0.0,
            "AUP": 5438.0,
            "TV_p": 0.0,
            "AUP_p": 0.0
        },
        {
            "D": "201112",
            "TV": 1.0,
            "AUP": 6003.0,
            "TV_p": 0.0,
            "AUP_p": 10.389849209268114
        },
        {
            "D": "201201",
            "TV": 1.0,
            "AUP": 5893.0,
            "TV_p": 0.0,
            "AUP_p": -1.8324171247709478
        },
        {
            "D": "201202",
            "TV": 1.0,
            "AUP": 4897.0,
            "TV_p": 0.0,
            "AUP_p": -16.901408450704224
        },
        {
            "D": "201203",
            "TV": 2.0,
            "AUP": 5627.5,
            "TV_p": 100.0,
            "AUP_p": 14.917296303859507
        },
        {
            "D": "201204",
            "TV": 1.0,
            "AUP": 6131.0,
            "TV_p": -50.0,
            "AUP_p": 8.947134606841404
        },
        {
            "D": "201205",
            "TV": 0.0,
            "AUP": 6131.0,
            "TV_p": 0.0,
            "AUP_p": 0.0
        },
        {
            "D": "201206",
            "TV": 0.0,
            "AUP": 6131.0,
            "TV_p": 0.0,
            "AUP_p": 0.0
        },
        {
            "D": "201207",
            "TV": 0.0,
            "AUP": 6131.0,
            "TV_p": 0.0,
            "AUP_p": 0.0
        },
        {
            "D": "201208",
            "TV": 0.0,
            "AUP": 6131.0,
            "TV_p": 0.0,
            "AUP_p": 0.0
        },
        {
            "D": "201209",
            "TV": 0.0,
            "AUP": 6131.0,
            "TV_p": 0.0,
            "AUP_p": 0.0
        },
        {
            "D": "201210",
            "TV": 0.0,
            "AUP": 6131.0,
            "TV_p": 0.0,
            "AUP_p": 0.0
        },
        {
            "D": "201211",
            "TV": 0.0,
            "AUP": 6131.0,
            "TV_p": 0.0,
            "AUP_p": 0.0
        },
        {
            "D": "201212",
            "TV": 0.0,
            "AUP": 6131.0,
            "TV_p": 0.0,
            "AUP_p": 0.0
        },
        {
            "D": "201301",
            "TV": 0.0,
            "AUP": 6131.0,
            "TV_p": 0.0,
            "AUP_p": 0.0
        },
        {
            "D": "201302",
            "TV": 1.0,
            "AUP": 8015.0,
            "TV_p": 0.0,
            "AUP_p": 30.729081715870166
        },
        {
            "D": "201303",
            "TV": 0.0,
            "AUP": 8015.0,
            "TV_p": 0.0,
            "AUP_p": 0.0
        },
        {
            "D": "201304",
            "TV": 0.0,
            "AUP": 8015.0,
            "TV_p": 0.0,
            "AUP_p": 0.0
        },
        {
            "D": "201305",
            "TV": 0.0,
            "AUP": 8015.0,
            "TV_p": 0.0,
            "AUP_p": 0.0
        },
        {
            "D": "201306",
            "TV": 4.0,
            "AUP": 7589.333,
            "TV_p": 0.0,
            "AUP_p": -5.310875446038683
        },
        {
            "D": "201307",
            "TV": 1.0,
            "AUP": 7991.0,
            "TV_p": -75.0,
            "AUP_p": 5.292515816290084
        },
        {
            "D": "201308",
            "TV": 0.0,
            "AUP": 7991.0,
            "TV_p": 0.0,
            "AUP_p": 0.0
        },
        {
            "D": "201309",
            "TV": 0.0,
            "AUP": 7991.0,
            "TV_p": 0.0,
            "AUP_p": 0.0
        },
        {
            "D": "201310",
            "TV": 0.0,
            "AUP": 7991.0,
            "TV_p": 0.0,
            "AUP_p": 0.0
        },
        {
            "D": "201311",
            "TV": 0.0,
            "AUP": 7991.0,
            "TV_p": 0.0,
            "AUP_p": 0.0
        },
        {
            "D": "201312",
            "TV": 2.0,
            "AUP": 7755.0,
            "TV_p": 0.0,
            "AUP_p": -2.9533224877987734
        },
        {
            "D": "201401",
            "TV": 1.0,
            "AUP": 7812.0,
            "TV_p": -50.0,
            "AUP_p": 0.7350096711798839
        },
        {
            "D": "201402",
            "TV": 0.0,
            "AUP": 7812.0,
            "TV_p": 0.0,
            "AUP_p": 0.0
        },
        {
            "D": "201403",
            "TV": 0.0,
            "AUP": 7812.0,
            "TV_p": 0.0,
            "AUP_p": 0.0
        },
        {
            "D": "201404",
            "TV": 0.0,
            "AUP": 7812.0,
            "TV_p": 0.0,
            "AUP_p": 0.0
        },
        {
            "D": "201405",
            "TV": 1.0,
            "AUP": 8116.0,
            "TV_p": 0.0,
            "AUP_p": 3.8914490527393757
        },
        {
            "D": "201406",
            "TV": 0.0,
            "AUP": 8116.0,
            "TV_p": 0.0,
            "AUP_p": 0.0
        },
        {
            "D": "201407",
            "TV": 0.0,
            "AUP": 8116.0,
            "TV_p": 0.0,
            "AUP_p": 0.0
        },
        {
            "D": "201408",
            "TV": 3.0,
            "AUP": 8986.667,
            "TV_p": 0.0,
            "AUP_p": 10.727780507639222
        },
        {
            "D": "201409",
            "TV": 0.0,
            "AUP": 8986.667,
            "TV_p": 0.0,
            "AUP_p": 0.0
        },
        {
            "D": "201410",
            "TV": 1.0,
            "AUP": 7808.0,
            "TV_p": 0.0,
            "AUP_p": -13.115726996521932
        },
        {
            "D": "201411",
            "TV": 1.0,
            "AUP": 9144.0,
            "TV_p": 0.0,
            "AUP_p": 17.11065573770492
        },
        {
            "D": "201412",
            "TV": 0.0,
            "AUP": 9144.0,
            "TV_p": 0.0,
            "AUP_p": 0.0
        },
        {
            "D": "201501",
            "TV": 1.0,
            "AUP": 8953.0,
            "TV_p": 0.0,
            "AUP_p": -2.088801399825022
        },
        {
            "D": "201502",
            "TV": 1.0,
            "AUP": 8522.0,
            "TV_p": 0.0,
            "AUP_p": -4.81402881715626
        },
        {
            "D": "201503",
            "TV": 1.0,
            "AUP": 9261.0,
            "TV_p": 0.0,
            "AUP_p": 8.671673316122975
        },
        {
            "D": "201504",
            "TV": 0.0,
            "AUP": 9261.0,
            "TV_p": 0.0,
            "AUP_p": 0.0
        },
        {
            "D": "201505",
            "TV": 0.0,
            "AUP": 9261.0,
            "TV_p": 0.0,
            "AUP_p": 0.0
        },
        {
            "D": "201506",
            "TV": 1.0,
            "AUP": 9892.0,
            "TV_p": 0.0,
            "AUP_p": 6.813519058417018
        },
        {
            "D": "201507",
            "TV": 0.0,
            "AUP": 9892.0,
            "TV_p": 0.0,
            "AUP_p": 0.0
        },
        {
            "D": "201508",
            "TV": 0.0,
            "AUP": 9892.0,
            "TV_p": 0.0,
            "AUP_p": 0.0
        },
        {
            "D": "201509",
            "TV": 1.0,
            "AUP": 9892.0,
            "TV_p": 0.0,
            "AUP_p": 0.0
        },
        {
            "D": "201510",
            "TV": 0.0,
            "AUP": 9892.0,
            "TV_p": 0.0,
            "AUP_p": 0.0
        },
        {
            "D": "201511",
            "TV": 0.0,
            "AUP": 9892.0,
            "TV_p": 0.0,
            "AUP_p": 0.0
        },
        {
            "D": "201512",
            "TV": 1.0,
            "AUP": 9553.0,
            "TV_p": 0.0,
            "AUP_p": -3.427011726647796
        },
        {
            "D": "201601",
            "TV": 0.0,
            "AUP": 9553.0,
            "TV_p": 0.0,
            "AUP_p": 0.0
        },
        {
            "D": "201602",
            "TV": 0.0,
            "AUP": 9553.0,
            "TV_p": 0.0,
            "AUP_p": 0.0
        },
        {
            "D": "201603",
            "TV": 0.0,
            "AUP": 9553.0,
            "TV_p": 0.0,
            "AUP_p": 0.0
        },
        {
            "D": "201604",
            "TV": 0.0,
            "AUP": 9553.0,
            "TV_p": 0.0,
            "AUP_p": 0.0
        },
        {
            "D": "201605",
            "TV": 0.0,
            "AUP": 9553.0,
            "TV_p": 0.0,
            "AUP_p": 0.0
        },
        {
            "D": "201606",
            "TV": 0.0,
            "AUP": 9553.0,
            "TV_p": 0.0,
            "AUP_p": 0.0
        },
        {
            "D": "201607",
            "TV": 1.0,
            "AUP": 8900.0,
            "TV_p": 0.0,
            "AUP_p": -6.8355490421857015
        },
        {
            "D": "201608",
            "TV": 1.0,
            "AUP": 10405.0,
            "TV_p": 0.0,
            "AUP_p": 16.91011235955056
        },
        {
            "D": "201609",
            "TV": 0.0,
            "AUP": 10405.0,
            "TV_p": 0.0,
            "AUP_p": 0.0
        },
        {
            "D": "201610",
            "TV": 0.0,
            "AUP": 10405.0,
            "TV_p": 0.0,
            "AUP_p": 0.0
        },
        {
            "D": "201611",
            "TV": 0.0,
            "AUP": 10405.0,
            "TV_p": 0.0,
            "AUP_p": 0.0
        },
        {
            "D": "201612",
            "TV": 0.0,
            "AUP": 10405.0,
            "TV_p": 0.0,
            "AUP_p": 0.0
        },
        {
            "D": "201701",
            "TV": 0.0,
            "AUP": 10405.0,
            "TV_p": 0.0,
            "AUP_p": 0.0
        },
        {
            "D": "201702",
            "TV": 0.0,
            "AUP": 10405.0,
            "TV_p": 0.0,
            "AUP_p": 0.0
        },
        {
            "D": "201703",
            "TV": 3.0,
            "AUP": 10804.0,
            "TV_p": 0.0,
            "AUP_p": 3.8346948582412304
        },
        {
            "D": "201704",
            "TV": 0.0,
            "AUP": 10804.0,
            "TV_p": 0.0,
            "AUP_p": 0.0
        },
        {
            "D": "201705",
            "TV": 1.0,
            "AUP": 10617.0,
            "TV_p": 0.0,
            "AUP_p": -1.7308404294705666
        },
        {
            "D": "201706",
            "TV": 0.0,
            "AUP": 10617.0,
            "TV_p": 0.0,
            "AUP_p": 0.0
        },
        {
            "D": "201707",
            "TV": 2.0,
            "AUP": 11009.5,
            "TV_p": 0.0,
            "AUP_p": 3.6969011961947817
        },
        {
            "D": "201708",
            "TV": 1.0,
            "AUP": 11720.0,
            "TV_p": -50.0,
            "AUP_p": 6.45351741677642
        },
        {
            "D": "201709",
            "TV": 1.0,
            "AUP": 11689.0,
            "TV_p": 0.0,
            "AUP_p": -0.2645051194539249
        },
        {
            "D": "201710",
            "TV": 0.0,
            "AUP": 11689.0,
            "TV_p": 0.0,
            "AUP_p": 0.0
        },
        {
            "D": "201711",
            "TV": 1.0,
            "AUP": 11164.0,
            "TV_p": 0.0,
            "AUP_p": -4.491402172983147
        },
        {
            "D": "201712",
            "TV": 0.0,
            "AUP": 11164.0,
            "TV_p": 0.0,
            "AUP_p": 0.0
        },
        {
            "D": "201801",
            "TV": 0.0,
            "AUP": 11164.0,
            "TV_p": 0.0,
            "AUP_p": 0.0
        },
        {
            "D": "201802",
            "TV": 1.0,
            "AUP": 10299.0,
            "TV_p": 0.0,
            "AUP_p": -7.748118953780008
        },
        {
            "D": "201803",
            "TV": 0.0,
            "AUP": 10299.0,
            "TV_p": 0.0,
            "AUP_p": 0.0
        },
        {
            "D": "201804",
            "TV": 3.0,
            "AUP": 12799.667,
            "TV_p": 0.0,
            "AUP_p": 24.28067449266918
        },
        {
            "D": "201805",
            "TV": 1.0,
            "AUP": 12043.0,
            "TV_p": -66.66666666666666,
            "AUP_p": -5.911612276669262
        },
        {
            "D": "201806",
            "TV": 1.0,
            "AUP": 13308.0,
            "TV_p": 0.0,
            "AUP_p": 10.504027235738603
        },
        {
            "D": "201807",
            "TV": 0.0,
            "AUP": 13308.0,
            "TV_p": 0.0,
            "AUP_p": 0.0
        },
        {
            "D": "201808",
            "TV": 0.0,
            "AUP": 13308.0,
            "TV_p": 0.0,
            "AUP_p": 0.0
        },
        {
            "D": "201809",
            "TV": 1.0,
            "AUP": 11613.0,
            "TV_p": 0.0,
            "AUP_p": -12.736699729486023
        },
        {
            "D": "201810",
            "TV": 0.0,
            "AUP": 11613.0,
            "TV_p": 0.0,
            "AUP_p": 0.0
        },
        {
            "D": "201811",
            "TV": 0.0,
            "AUP": 11613.0,
            "TV_p": 0.0,
            "AUP_p": 0.0
        },
        {
            "D": "201812",
            "TV": 1.0,
            "AUP": 11460.0,
            "TV_p": 0.0,
            "AUP_p": -1.3174890209248256
        },
        {
            "D": "201901",
            "TV": 0.0,
            "AUP": 11460.0,
            "TV_p": 0.0,
            "AUP_p": 0.0
        },
        {
            "D": "201902",
            "TV": 0.0,
            "AUP": 11460.0,
            "TV_p": 0.0,
            "AUP_p": 0.0
        },
        {
            "D": "201903",
            "TV": 1.0,
            "AUP": 12668.0,
            "TV_p": 0.0,
            "AUP_p": 10.541012216404887
        },
        {
            "D": "201904",
            "TV": 1.0,
            "AUP": 11646.0,
            "TV_p": 0.0,
            "AUP_p": -8.067571834543733
        },
        {
            "D": "201905",
            "TV": 0.0,
            "AUP": 11646.0,
            "TV_p": 0.0,
            "AUP_p": 0.0
        },
        {
            "D": "201906",
            "TV": 0.0,
            "AUP": 11646.0,
            "TV_p": 0.0,
            "AUP_p": 0.0
        },
        {
            "D": "201907",
            "TV": 1.0,
            "AUP": 14120.0,
            "TV_p": 0.0,
            "AUP_p": 21.2433453546282
        },
        {
            "D": "201908",
            "TV": 0.0,
            "AUP": 14120.0,
            "TV_p": 0.0,
            "AUP_p": 0.0
        },
        {
            "D": "201909",
            "TV": 0.0,
            "AUP": 14120.0,
            "TV_p": 0.0,
            "AUP_p": 0.0
        },
        {
            "D": "201910",
            "TV": 1.0,
            "AUP": 12927.0,
            "TV_p": 0.0,
            "AUP_p": -8.44900849858357
        },
        {
            "D": "201911",
            "TV": 0.0,
            "AUP": 12927.0,
            "TV_p": 0.0,
            "AUP_p": 0.0
        },
        {
            "D": "201912",
            "TV": 0.0,
            "AUP": 12927.0,
            "TV_p": 0.0,
            "AUP_p": 0.0
        },
        {
            "D": "202001",
            "TV": 0.0,
            "AUP": 12927.0,
            "TV_p": 0.0,
            "AUP_p": 0.0
        },
        {
            "D": "202002",
            "TV": 1.0,
            "AUP": 13528.0,
            "TV_p": 0.0,
            "AUP_p": 4.649183878703489
        },
        {
            "D": "202003",
            "TV": 0.0,
            "AUP": 13528.0,
            "TV_p": 0.0,
            "AUP_p": 0.0
        },
        {
            "D": "202004",
            "TV": 0.0,
            "AUP": 13528.0,
            "TV_p": 0.0,
            "AUP_p": 0.0
        },
        {
            "D": "202005",
            "TV": 0.0,
            "AUP": 13528.0,
            "TV_p": 0.0,
            "AUP_p": 0.0
        },
        {
            "D": "202006",
            "TV": 0.0,
            "AUP": 13528.0,
            "TV_p": 0.0,
            "AUP_p": 0.0
        },
        {
            "D": "202007",
            "TV": 2.0,
            "AUP": 13439.0,
            "TV_p": 0.0,
            "AUP_p": -0.6578947368421052
        },
        {
            "D": "202008",
            "TV": 1.0,
            "AUP": 13138.0,
            "TV_p": -50.0,
            "AUP_p": -2.2397499813974253
        },
        {
            "D": "202009",
            "TV": 1.0,
            "AUP": 14286.0,
            "TV_p": 0.0,
            "AUP_p": 8.738011873953418
        },
        {
            "D": "202010",
            "TV": 0.0,
            "AUP": 14286.0,
            "TV_p": 0.0,
            "AUP_p": 0.0
        },
        {
            "D": "202011",
            "TV": 0.0,
            "AUP": 14286.0,
            "TV_p": 0.0,
            "AUP_p": 0.0
        },
        {
            "D": "202012",
            "TV": 1.0,
            "AUP": 13648.0,
            "TV_p": 0.0,
            "AUP_p": -4.465910681786364
        },
        {
            "D": "202101",
            "TV": 0.0,
            "AUP": 13648.0,
            "TV_p": 0.0,
            "AUP_p": 0.0
        },
        {
            "D": "202102",
            "TV": 0.0,
            "AUP": 13648.0,
            "TV_p": 0.0,
            "AUP_p": 0.0
        },
        {
            "D": "202103",
            "TV": 1.0,
            "AUP": 12628.0,
            "TV_p": 0.0,
            "AUP_p": -7.473622508792498
        },
        {
            "D": "202104",
            "TV": 0.0,
            "AUP": 12628.0,
            "TV_p": 0.0,
            "AUP_p": 0.0
        },
        {
            "D": "202105",
            "TV": 0.0,
            "AUP": 12628.0,
            "TV_p": 0.0,
            "AUP_p": 0.0
        },
        {
            "D": "202106",
            "TV": 0.0,
            "AUP": 12628.0,
            "TV_p": 0.0,
            "AUP_p": 0.0
        },
        {
            "D": "202107",
            "TV": 3.0,
            "AUP": 12802.5,
            "TV_p": 0.0,
            "AUP_p": 1.3818498574596134
        },
        {
            "D": "202108",
            "TV": 0.0,
            "AUP": 12802.5,
            "TV_p": 0.0,
            "AUP_p": 0.0
        },
        {
            "D": "202109",
            "TV": 0.0,
            "AUP": 12802.5,
            "TV_p": 0.0,
            "AUP_p": 0.0
        },
        {
            "D": "202110",
            "TV": 1.0,
            "AUP": 12698.0,
            "TV_p": 0.0,
            "AUP_p": -0.8162468267916423
        },
        {
            "D": "202111",
            "TV": 0.0,
            "AUP": 12698.0,
            "TV_p": 0.0,
            "AUP_p": 0.0
        },
        {
            "D": "202112",
            "TV": 0.0,
            "AUP": 12698.0,
            "TV_p": 0.0,
            "AUP_p": 0.0
        },
        {
            "D": "202201",
            "TV": 0.0,
            "AUP": 12698.0,
            "TV_p": 0.0,
            "AUP_p": 0.0
        },
        {
            "D": "202202",
            "TV": 0.0,
            "AUP": 12698.0,
            "TV_p": 0.0,
            "AUP_p": 0.0
        },
        {
            "D": "202203",
            "TV": 1.0,
            "AUP": 11990.0,
            "TV_p": 0.0,
            "AUP_p": -5.575681209639313
        },
        {
            "D": "202204",
            "TV": 1.0,
            "AUP": 11990.0,
            "TV_p": 0.0,
            "AUP_p": 0.0
        },
        {
            "D": "202205",
            "TV": 1.0,
            "AUP": 12997.0,
            "TV_p": 0.0,
            "AUP_p": 8.398665554628858
        },
        {
            "D": "202206",
            "TV": 0.0,
            "AUP": 12997.0,
            "TV_p": 0.0,
            "AUP_p": 0.0
        },
        {
            "D": "202207",
            "TV": 1.0,
            "AUP": 12698.0,
            "TV_p": 0.0,
            "AUP_p": -2.3005308917442484
        },
        {
            "D": "202208",
            "TV": 0.0,
            "AUP": 12698.0,
            "TV_p": 0.0,
            "AUP_p": 0.0
        },
        {
            "D": "202209",
            "TV": 0.0,
            "AUP": 12698.0,
            "TV_p": 0.0,
            "AUP_p": 0.0
        },
        {
            "D": "202210",
            "TV": 1.0,
            "AUP": 10754.0,
            "TV_p": 0.0,
            "AUP_p": -15.309497558670657
        },
        {
            "D": "202211",
            "TV": 0.0,
            "AUP": 10754.0,
            "TV_p": 0.0,
            "AUP_p": 0.0
        },
        {
            "D": "202212",
            "TV": 0.0,
            "AUP": 10754.0,
            "TV_p": 0.0,
            "AUP_p": 0.0
        },
        {
            "D": "202301",
            "TV": 1.0,
            "AUP": 11786.0,
            "TV_p": 0.0,
            "AUP_p": 9.596429235633252
        },
        {
            "D": "202302",
            "TV": 0.0,
            "AUP": 11786.0,
            "TV_p": 0.0,
            "AUP_p": 0.0
        },
        {
            "D": "202303",
            "TV": 0.0,
            "AUP": 11786.0,
            "TV_p": 0.0,
            "AUP_p": 0.0
        },
        {
            "D": "202304",
            "TV": 0.0,
            "AUP": 11786.0,
            "TV_p": 0.0,
            "AUP_p": 0.0
        },
        {
            "D": "202305",
            "TV": 1.0,
            "AUP": 10692.0,
            "TV_p": 0.0,
            "AUP_p": -9.282199219412862
        },
        {
            "D": "202306",
            "TV": 1.0,
            "AUP": 10979.0,
            "TV_p": 0.0,
            "AUP_p": 2.684249906472129
        },
        {
            "D": "202307",
            "TV": 0.0,
            "AUP": 10979.0,
            "TV_p": 0.0,
            "AUP_p": 0.0
        },
        {
            "D": "202308",
            "TV": 1.0,
            "AUP": 10979.0,
            "TV_p": 0.0,
            "AUP_p": 0.0
        },
        {
            "D": "202309",
            "TV": 0.0,
            "AUP": 10979.0,
            "TV_p": 0.0,
            "AUP_p": 0.0
        },
        {
            "D": "202310",
            "TV": 0.0,
            "AUP": 10979.0,
            "TV_p": 0.0,
            "AUP_p": 0.0
        },
        {
            "D": "202311",
            "TV": 1.0,
            "AUP": 11566.0,
            "TV_p": 0.0,
            "AUP_p": 5.346570725931323
        },
        {
            "D": "202312",
            "TV": 0.0,
            "AUP": 11566.0,
            "TV_p": 0.0,
            "AUP_p": 0.0
        },
        {
            "D": "202401",
            "TV": 0.0,
            "AUP": 11566.0,
            "TV_p": 0.0,
            "AUP_p": 0.0
        },
        {
            "D": "202402",
            "TV": 0.0,
            "AUP": 11566.0,
            "TV_p": 0.0,
            "AUP_p": 0.0
        },
        {
            "D": "202403",
            "TV": 0.0,
            "AUP": 11566.0,
            "TV_p": 0.0,
            "AUP_p": 0.0
        },
        {
            "D": "202404",
            "TV": 0.0,
            "AUP": 11566.0,
            "TV_p": 0.0,
            "AUP_p": 0.0
        },
        {
            "D": "202405",
            "TV": 0.0,
            "AUP": 11566.0,
            "TV_p": 0.0,
            "AUP_p": 0.0
        },
        {
            "D": "202406",
            "TV": 0.0,
            "AUP": 11566.0,
            "TV_p": 0.0,
            "AUP_p": 0.0
        },
        {
            "D": "202407",
            "TV": 0.0,
            "AUP": 11566.0,
            "TV_p": 0.0,
            "AUP_p": 0.0
        }
    ],
    "MinDate": "199601",
    "MaxDate": "202407"
}