{
    "List": [
        {
            "D": "199601",
            "TV": 1.0,
            "AUP": 4014.0,
            "TV_p": 0.0,
            "AUP_p": -18.84350990699555
        },
        {
            "D": "199602",
            "TV": 0.0,
            "AUP": 4014.0,
            "TV_p": 0.0,
            "AUP_p": 0.0
        },
        {
            "D": "199603",
            "TV": 0.0,
            "AUP": 4014.0,
            "TV_p": 0.0,
            "AUP_p": 0.0
        },
        {
            "D": "199604",
            "TV": 0.0,
            "AUP": 4014.0,
            "TV_p": 0.0,
            "AUP_p": 0.0
        },
        {
            "D": "199605",
            "TV": 2.0,
            "AUP": 4902.0,
            "TV_p": 0.0,
            "AUP_p": 22.122571001494766
        },
        {
            "D": "199606",
            "TV": 2.0,
            "AUP": 4896.0,
            "TV_p": 0.0,
            "AUP_p": -0.12239902080783352
        },
        {
            "D": "199607",
            "TV": 0.0,
            "AUP": 4896.0,
            "TV_p": 0.0,
            "AUP_p": 0.0
        },
        {
            "D": "199608",
            "TV": 0.0,
            "AUP": 4896.0,
            "TV_p": 0.0,
            "AUP_p": 0.0
        },
        {
            "D": "199609",
            "TV": 1.0,
            "AUP": 4574.0,
            "TV_p": 0.0,
            "AUP_p": -6.576797385620916
        },
        {
            "D": "199610",
            "TV": 0.0,
            "AUP": 4574.0,
            "TV_p": 0.0,
            "AUP_p": 0.0
        },
        {
            "D": "199611",
            "TV": 2.0,
            "AUP": 4499.0,
            "TV_p": 0.0,
            "AUP_p": -1.639702667249672
        },
        {
            "D": "199612",
            "TV": 0.0,
            "AUP": 4499.0,
            "TV_p": 0.0,
            "AUP_p": 0.0
        },
        {
            "D": "199701",
            "TV": 1.0,
            "AUP": 4575.0,
            "TV_p": 0.0,
            "AUP_p": 1.6892642809513227
        },
        {
            "D": "199702",
            "TV": 0.0,
            "AUP": 4575.0,
            "TV_p": 0.0,
            "AUP_p": 0.0
        },
        {
            "D": "199703",
            "TV": 1.0,
            "AUP": 6271.0,
            "TV_p": 0.0,
            "AUP_p": 37.071038251366126
        },
        {
            "D": "199704",
            "TV": 1.0,
            "AUP": 6452.0,
            "TV_p": 0.0,
            "AUP_p": 2.8863020251953437
        },
        {
            "D": "199705",
            "TV": 1.0,
            "AUP": 6709.0,
            "TV_p": 0.0,
            "AUP_p": 3.9832610043397394
        },
        {
            "D": "199706",
            "TV": 3.0,
            "AUP": 7087.667,
            "TV_p": 200.0,
            "AUP_p": 5.644159576688032
        },
        {
            "D": "199707",
            "TV": 2.0,
            "AUP": 7323.5,
            "TV_p": -33.33333333333333,
            "AUP_p": 3.327376203106557
        },
        {
            "D": "199708",
            "TV": 0.0,
            "AUP": 7323.5,
            "TV_p": 0.0,
            "AUP_p": 0.0
        },
        {
            "D": "199709",
            "TV": 1.0,
            "AUP": 7312.0,
            "TV_p": 0.0,
            "AUP_p": -0.15702874308732162
        },
        {
            "D": "199710",
            "TV": 0.0,
            "AUP": 7312.0,
            "TV_p": 0.0,
            "AUP_p": 0.0
        },
        {
            "D": "199711",
            "TV": 3.0,
            "AUP": 6431.333,
            "TV_p": 0.0,
            "AUP_p": -12.04412837800876
        },
        {
            "D": "199712",
            "TV": 0.0,
            "AUP": 6431.333,
            "TV_p": 0.0,
            "AUP_p": 0.0
        },
        {
            "D": "199801",
            "TV": 0.0,
            "AUP": 6431.333,
            "TV_p": 0.0,
            "AUP_p": 0.0
        },
        {
            "D": "199802",
            "TV": 0.0,
            "AUP": 6431.333,
            "TV_p": 0.0,
            "AUP_p": 0.0
        },
        {
            "D": "199803",
            "TV": 0.0,
            "AUP": 6431.333,
            "TV_p": 0.0,
            "AUP_p": 0.0
        },
        {
            "D": "199804",
            "TV": 0.0,
            "AUP": 6431.333,
            "TV_p": 0.0,
            "AUP_p": 0.0
        },
        {
            "D": "199805",
            "TV": 0.0,
            "AUP": 6431.333,
            "TV_p": 0.0,
            "AUP_p": 0.0
        },
        {
            "D": "199806",
            "TV": 0.0,
            "AUP": 6431.333,
            "TV_p": 0.0,
            "AUP_p": 0.0
        },
        {
            "D": "199807",
            "TV": 0.0,
            "AUP": 6431.333,
            "TV_p": 0.0,
            "AUP_p": 0.0
        },
        {
            "D": "199808",
            "TV": 0.0,
            "AUP": 6431.333,
            "TV_p": 0.0,
            "AUP_p": 0.0
        },
        {
            "D": "199809",
            "TV": 0.0,
            "AUP": 6431.333,
            "TV_p": 0.0,
            "AUP_p": 0.0
        },
        {
            "D": "199810",
            "TV": 0.0,
            "AUP": 6431.333,
            "TV_p": 0.0,
            "AUP_p": 0.0
        },
        {
            "D": "199811",
            "TV": 1.0,
            "AUP": 3967.0,
            "TV_p": 0.0,
            "AUP_p": -38.317611689557246
        },
        {
            "D": "199812",
            "TV": 0.0,
            "AUP": 3967.0,
            "TV_p": 0.0,
            "AUP_p": 0.0
        },
        {
            "D": "199901",
            "TV": 1.0,
            "AUP": 4377.0,
            "TV_p": 0.0,
            "AUP_p": 10.335265944038316
        },
        {
            "D": "199902",
            "TV": 0.0,
            "AUP": 4377.0,
            "TV_p": 0.0,
            "AUP_p": 0.0
        },
        {
            "D": "199903",
            "TV": 0.0,
            "AUP": 4377.0,
            "TV_p": 0.0,
            "AUP_p": 0.0
        },
        {
            "D": "199904",
            "TV": 0.0,
            "AUP": 4377.0,
            "TV_p": 0.0,
            "AUP_p": 0.0
        },
        {
            "D": "199905",
            "TV": 1.0,
            "AUP": 4547.0,
            "TV_p": 0.0,
            "AUP_p": 3.883938770847613
        },
        {
            "D": "199906",
            "TV": 0.0,
            "AUP": 4547.0,
            "TV_p": 0.0,
            "AUP_p": 0.0
        },
        {
            "D": "199907",
            "TV": 0.0,
            "AUP": 4547.0,
            "TV_p": 0.0,
            "AUP_p": 0.0
        },
        {
            "D": "199908",
            "TV": 2.0,
            "AUP": 4020.0,
            "TV_p": 0.0,
            "AUP_p": -11.590059379810864
        },
        {
            "D": "199909",
            "TV": 0.0,
            "AUP": 4020.0,
            "TV_p": 0.0,
            "AUP_p": 0.0
        },
        {
            "D": "199910",
            "TV": 0.0,
            "AUP": 4020.0,
            "TV_p": 0.0,
            "AUP_p": 0.0
        },
        {
            "D": "199911",
            "TV": 0.0,
            "AUP": 4020.0,
            "TV_p": 0.0,
            "AUP_p": 0.0
        },
        {
            "D": "199912",
            "TV": 0.0,
            "AUP": 4020.0,
            "TV_p": 0.0,
            "AUP_p": 0.0
        },
        {
            "D": "200001",
            "TV": 0.0,
            "AUP": 4020.0,
            "TV_p": 0.0,
            "AUP_p": 0.0
        },
        {
            "D": "200002",
            "TV": 0.0,
            "AUP": 4020.0,
            "TV_p": 0.0,
            "AUP_p": 0.0
        },
        {
            "D": "200003",
            "TV": 1.0,
            "AUP": 4301.0,
            "TV_p": 0.0,
            "AUP_p": 6.990049751243781
        },
        {
            "D": "200004",
            "TV": 0.0,
            "AUP": 4301.0,
            "TV_p": 0.0,
            "AUP_p": 0.0
        },
        {
            "D": "200005",
            "TV": 0.0,
            "AUP": 4301.0,
            "TV_p": 0.0,
            "AUP_p": 0.0
        },
        {
            "D": "200006",
            "TV": 0.0,
            "AUP": 4301.0,
            "TV_p": 0.0,
            "AUP_p": 0.0
        },
        {
            "D": "200007",
            "TV": 0.0,
            "AUP": 4301.0,
            "TV_p": 0.0,
            "AUP_p": 0.0
        },
        {
            "D": "200008",
            "TV": 0.0,
            "AUP": 4301.0,
            "TV_p": 0.0,
            "AUP_p": 0.0
        },
        {
            "D": "200009",
            "TV": 0.0,
            "AUP": 4301.0,
            "TV_p": 0.0,
            "AUP_p": 0.0
        },
        {
            "D": "200010",
            "TV": 0.0,
            "AUP": 4301.0,
            "TV_p": 0.0,
            "AUP_p": 0.0
        },
        {
            "D": "200011",
            "TV": 0.0,
            "AUP": 4301.0,
            "TV_p": 0.0,
            "AUP_p": 0.0
        },
        {
            "D": "200012",
            "TV": 0.0,
            "AUP": 4301.0,
            "TV_p": 0.0,
            "AUP_p": 0.0
        },
        {
            "D": "200101",
            "TV": 0.0,
            "AUP": 4301.0,
            "TV_p": 0.0,
            "AUP_p": 0.0
        },
        {
            "D": "200102",
            "TV": 0.0,
            "AUP": 4301.0,
            "TV_p": 0.0,
            "AUP_p": 0.0
        },
        {
            "D": "200103",
            "TV": 0.0,
            "AUP": 4301.0,
            "TV_p": 0.0,
            "AUP_p": 0.0
        },
        {
            "D": "200104",
            "TV": 0.0,
            "AUP": 4301.0,
            "TV_p": 0.0,
            "AUP_p": 0.0
        },
        {
            "D": "200105",
            "TV": 0.0,
            "AUP": 4301.0,
            "TV_p": 0.0,
            "AUP_p": 0.0
        },
        {
            "D": "200106",
            "TV": 0.0,
            "AUP": 4301.0,
            "TV_p": 0.0,
            "AUP_p": 0.0
        },
        {
            "D": "200107",
            "TV": 0.0,
            "AUP": 4301.0,
            "TV_p": 0.0,
            "AUP_p": 0.0
        },
        {
            "D": "200108",
            "TV": 0.0,
            "AUP": 4301.0,
            "TV_p": 0.0,
            "AUP_p": 0.0
        },
        {
            "D": "200109",
            "TV": 1.0,
            "AUP": 2990.0,
            "TV_p": 0.0,
            "AUP_p": -30.481283422459892
        },
        {
            "D": "200110",
            "TV": 1.0,
            "AUP": 2716.0,
            "TV_p": 0.0,
            "AUP_p": -9.163879598662207
        },
        {
            "D": "200111",
            "TV": 0.0,
            "AUP": 2716.0,
            "TV_p": 0.0,
            "AUP_p": 0.0
        },
        {
            "D": "200112",
            "TV": 0.0,
            "AUP": 2716.0,
            "TV_p": 0.0,
            "AUP_p": 0.0
        },
        {
            "D": "200201",
            "TV": 0.0,
            "AUP": 2716.0,
            "TV_p": 0.0,
            "AUP_p": 0.0
        },
        {
            "D": "200202",
            "TV": 0.0,
            "AUP": 2716.0,
            "TV_p": 0.0,
            "AUP_p": 0.0
        },
        {
            "D": "200203",
            "TV": 0.0,
            "AUP": 2716.0,
            "TV_p": 0.0,
            "AUP_p": 0.0
        },
        {
            "D": "200204",
            "TV": 1.0,
            "AUP": 3711.0,
            "TV_p": 0.0,
            "AUP_p": 36.63475699558173
        },
        {
            "D": "200205",
            "TV": 0.0,
            "AUP": 3711.0,
            "TV_p": 0.0,
            "AUP_p": 0.0
        },
        {
            "D": "200206",
            "TV": 0.0,
            "AUP": 3711.0,
            "TV_p": 0.0,
            "AUP_p": 0.0
        },
        {
            "D": "200207",
            "TV": 1.0,
            "AUP": 2762.0,
            "TV_p": 0.0,
            "AUP_p": -25.572621934788465
        },
        {
            "D": "200208",
            "TV": 0.0,
            "AUP": 2762.0,
            "TV_p": 0.0,
            "AUP_p": 0.0
        },
        {
            "D": "200209",
            "TV": 0.0,
            "AUP": 2762.0,
            "TV_p": 0.0,
            "AUP_p": 0.0
        },
        {
            "D": "200210",
            "TV": 1.0,
            "AUP": 3527.0,
            "TV_p": 0.0,
            "AUP_p": 27.697320782042002
        },
        {
            "D": "200211",
            "TV": 0.0,
            "AUP": 3527.0,
            "TV_p": 0.0,
            "AUP_p": 0.0
        },
        {
            "D": "200212",
            "TV": 0.0,
            "AUP": 3527.0,
            "TV_p": 0.0,
            "AUP_p": 0.0
        },
        {
            "D": "200301",
            "TV": 1.0,
            "AUP": 1953.0,
            "TV_p": 0.0,
            "AUP_p": -44.62716189396087
        },
        {
            "D": "200302",
            "TV": 0.0,
            "AUP": 1953.0,
            "TV_p": 0.0,
            "AUP_p": 0.0
        },
        {
            "D": "200303",
            "TV": 0.0,
            "AUP": 1953.0,
            "TV_p": 0.0,
            "AUP_p": 0.0
        },
        {
            "D": "200304",
            "TV": 0.0,
            "AUP": 1953.0,
            "TV_p": 0.0,
            "AUP_p": 0.0
        },
        {
            "D": "200305",
            "TV": 0.0,
            "AUP": 1953.0,
            "TV_p": 0.0,
            "AUP_p": 0.0
        },
        {
            "D": "200306",
            "TV": 0.0,
            "AUP": 1953.0,
            "TV_p": 0.0,
            "AUP_p": 0.0
        },
        {
            "D": "200307",
            "TV": 2.0,
            "AUP": 2498.5,
            "TV_p": 0.0,
            "AUP_p": 27.93138760880696
        },
        {
            "D": "200308",
            "TV": 0.0,
            "AUP": 2498.5,
            "TV_p": 0.0,
            "AUP_p": 0.0
        },
        {
            "D": "200309",
            "TV": 0.0,
            "AUP": 2498.5,
            "TV_p": 0.0,
            "AUP_p": 0.0
        },
        {
            "D": "200310",
            "TV": 0.0,
            "AUP": 2498.5,
            "TV_p": 0.0,
            "AUP_p": 0.0
        },
        {
            "D": "200311",
            "TV": 1.0,
            "AUP": 2403.0,
            "TV_p": 0.0,
            "AUP_p": -3.8222933760256153
        },
        {
            "D": "200312",
            "TV": 0.0,
            "AUP": 2403.0,
            "TV_p": 0.0,
            "AUP_p": 0.0
        },
        {
            "D": "200401",
            "TV": 1.0,
            "AUP": 2684.0,
            "TV_p": 0.0,
            "AUP_p": 11.693716188098211
        },
        {
            "D": "200402",
            "TV": 0.0,
            "AUP": 2684.0,
            "TV_p": 0.0,
            "AUP_p": 0.0
        },
        {
            "D": "200403",
            "TV": 0.0,
            "AUP": 2684.0,
            "TV_p": 0.0,
            "AUP_p": 0.0
        },
        {
            "D": "200404",
            "TV": 3.0,
            "AUP": 2982.667,
            "TV_p": 0.0,
            "AUP_p": 11.12767011922504
        },
        {
            "D": "200405",
            "TV": 1.0,
            "AUP": 2753.0,
            "TV_p": -66.66666666666666,
            "AUP_p": -7.70004468209657
        },
        {
            "D": "200406",
            "TV": 1.0,
            "AUP": 4000.0,
            "TV_p": 0.0,
            "AUP_p": 45.296040682891395
        },
        {
            "D": "200407",
            "TV": 2.0,
            "AUP": 3710.5,
            "TV_p": 100.0,
            "AUP_p": -7.2375
        },
        {
            "D": "200408",
            "TV": 0.0,
            "AUP": 3710.5,
            "TV_p": 0.0,
            "AUP_p": 0.0
        },
        {
            "D": "200409",
            "TV": 0.0,
            "AUP": 3710.5,
            "TV_p": 0.0,
            "AUP_p": 0.0
        },
        {
            "D": "200410",
            "TV": 1.0,
            "AUP": 4227.0,
            "TV_p": 0.0,
            "AUP_p": 13.919956879126802
        },
        {
            "D": "200411",
            "TV": 1.0,
            "AUP": 4301.0,
            "TV_p": 0.0,
            "AUP_p": 1.7506505796072866
        },
        {
            "D": "200412",
            "TV": 0.0,
            "AUP": 4301.0,
            "TV_p": 0.0,
            "AUP_p": 0.0
        },
        {
            "D": "200501",
            "TV": 0.0,
            "AUP": 4301.0,
            "TV_p": 0.0,
            "AUP_p": 0.0
        },
        {
            "D": "200502",
            "TV": 1.0,
            "AUP": 4185.0,
            "TV_p": 0.0,
            "AUP_p": -2.6970471983259707
        },
        {
            "D": "200503",
            "TV": 0.0,
            "AUP": 4185.0,
            "TV_p": 0.0,
            "AUP_p": 0.0
        },
        {
            "D": "200504",
            "TV": 2.0,
            "AUP": 6751.5,
            "TV_p": 0.0,
            "AUP_p": 61.32616487455197
        },
        {
            "D": "200505",
            "TV": 0.0,
            "AUP": 6751.5,
            "TV_p": 0.0,
            "AUP_p": 0.0
        },
        {
            "D": "200506",
            "TV": 0.0,
            "AUP": 6751.5,
            "TV_p": 0.0,
            "AUP_p": 0.0
        },
        {
            "D": "200507",
            "TV": 0.0,
            "AUP": 6751.5,
            "TV_p": 0.0,
            "AUP_p": 0.0
        },
        {
            "D": "200508",
            "TV": 2.0,
            "AUP": 4952.0,
            "TV_p": 0.0,
            "AUP_p": -26.65333629563801
        },
        {
            "D": "200509",
            "TV": 0.0,
            "AUP": 4952.0,
            "TV_p": 0.0,
            "AUP_p": 0.0
        },
        {
            "D": "200510",
            "TV": 0.0,
            "AUP": 4952.0,
            "TV_p": 0.0,
            "AUP_p": 0.0
        },
        {
            "D": "200511",
            "TV": 0.0,
            "AUP": 4952.0,
            "TV_p": 0.0,
            "AUP_p": 0.0
        },
        {
            "D": "200512",
            "TV": 0.0,
            "AUP": 4952.0,
            "TV_p": 0.0,
            "AUP_p": 0.0
        },
        {
            "D": "200601",
            "TV": 0.0,
            "AUP": 4952.0,
            "TV_p": 0.0,
            "AUP_p": 0.0
        },
        {
            "D": "200602",
            "TV": 2.0,
            "AUP": 5533.5,
            "TV_p": 0.0,
            "AUP_p": 11.742730210016155
        },
        {
            "D": "200603",
            "TV": 1.0,
            "AUP": 4471.0,
            "TV_p": -50.0,
            "AUP_p": -19.201228878648234
        },
        {
            "D": "200604",
            "TV": 0.0,
            "AUP": 4471.0,
            "TV_p": 0.0,
            "AUP_p": 0.0
        },
        {
            "D": "200605",
            "TV": 0.0,
            "AUP": 4471.0,
            "TV_p": 0.0,
            "AUP_p": 0.0
        },
        {
            "D": "200606",
            "TV": 0.0,
            "AUP": 4471.0,
            "TV_p": 0.0,
            "AUP_p": 0.0
        },
        {
            "D": "200607",
            "TV": 1.0,
            "AUP": 4471.0,
            "TV_p": 0.0,
            "AUP_p": 0.0
        },
        {
            "D": "200608",
            "TV": 0.0,
            "AUP": 4471.0,
            "TV_p": 0.0,
            "AUP_p": 0.0
        },
        {
            "D": "200609",
            "TV": 0.0,
            "AUP": 4471.0,
            "TV_p": 0.0,
            "AUP_p": 0.0
        },
        {
            "D": "200610",
            "TV": 0.0,
            "AUP": 4471.0,
            "TV_p": 0.0,
            "AUP_p": 0.0
        },
        {
            "D": "200611",
            "TV": 0.0,
            "AUP": 4471.0,
            "TV_p": 0.0,
            "AUP_p": 0.0
        },
        {
            "D": "200612",
            "TV": 0.0,
            "AUP": 4471.0,
            "TV_p": 0.0,
            "AUP_p": 0.0
        },
        {
            "D": "200701",
            "TV": 0.0,
            "AUP": 4471.0,
            "TV_p": 0.0,
            "AUP_p": 0.0
        },
        {
            "D": "200702",
            "TV": 0.0,
            "AUP": 4471.0,
            "TV_p": 0.0,
            "AUP_p": 0.0
        },
        {
            "D": "200703",
            "TV": 0.0,
            "AUP": 4471.0,
            "TV_p": 0.0,
            "AUP_p": 0.0
        },
        {
            "D": "200704",
            "TV": 1.0,
            "AUP": 5646.0,
            "TV_p": 0.0,
            "AUP_p": 26.28047416685305
        },
        {
            "D": "200705",
            "TV": 1.0,
            "AUP": 5646.0,
            "TV_p": 0.0,
            "AUP_p": 0.0
        },
        {
            "D": "200706",
            "TV": 0.0,
            "AUP": 5646.0,
            "TV_p": 0.0,
            "AUP_p": 0.0
        },
        {
            "D": "200707",
            "TV": 1.0,
            "AUP": 4846.0,
            "TV_p": 0.0,
            "AUP_p": -14.169323414806941
        },
        {
            "D": "200708",
            "TV": 0.0,
            "AUP": 4846.0,
            "TV_p": 0.0,
            "AUP_p": 0.0
        },
        {
            "D": "200709",
            "TV": 0.0,
            "AUP": 4846.0,
            "TV_p": 0.0,
            "AUP_p": 0.0
        },
        {
            "D": "200710",
            "TV": 0.0,
            "AUP": 4846.0,
            "TV_p": 0.0,
            "AUP_p": 0.0
        },
        {
            "D": "200711",
            "TV": 1.0,
            "AUP": 5469.0,
            "TV_p": 0.0,
            "AUP_p": 12.855963681386712
        },
        {
            "D": "200712",
            "TV": 2.0,
            "AUP": 6438.0,
            "TV_p": 100.0,
            "AUP_p": 17.71804717498629
        },
        {
            "D": "200801",
            "TV": 0.0,
            "AUP": 6438.0,
            "TV_p": 0.0,
            "AUP_p": 0.0
        },
        {
            "D": "200802",
            "TV": 1.0,
            "AUP": 5763.0,
            "TV_p": 0.0,
            "AUP_p": -10.48462255358807
        },
        {
            "D": "200803",
            "TV": 1.0,
            "AUP": 5763.0,
            "TV_p": 0.0,
            "AUP_p": 0.0
        },
        {
            "D": "200804",
            "TV": 0.0,
            "AUP": 5763.0,
            "TV_p": 0.0,
            "AUP_p": 0.0
        },
        {
            "D": "200805",
            "TV": 1.0,
            "AUP": 6110.0,
            "TV_p": 0.0,
            "AUP_p": 6.021169529758806
        },
        {
            "D": "200806",
            "TV": 0.0,
            "AUP": 6110.0,
            "TV_p": 0.0,
            "AUP_p": 0.0
        },
        {
            "D": "200807",
            "TV": 0.0,
            "AUP": 6110.0,
            "TV_p": 0.0,
            "AUP_p": 0.0
        },
        {
            "D": "200808",
            "TV": 0.0,
            "AUP": 6110.0,
            "TV_p": 0.0,
            "AUP_p": 0.0
        },
        {
            "D": "200809",
            "TV": 0.0,
            "AUP": 6110.0,
            "TV_p": 0.0,
            "AUP_p": 0.0
        },
        {
            "D": "200810",
            "TV": 0.0,
            "AUP": 6110.0,
            "TV_p": 0.0,
            "AUP_p": 0.0
        },
        {
            "D": "200811",
            "TV": 0.0,
            "AUP": 6110.0,
            "TV_p": 0.0,
            "AUP_p": 0.0
        },
        {
            "D": "200812",
            "TV": 0.0,
            "AUP": 6110.0,
            "TV_p": 0.0,
            "AUP_p": 0.0
        },
        {
            "D": "200901",
            "TV": 0.0,
            "AUP": 6110.0,
            "TV_p": 0.0,
            "AUP_p": 0.0
        },
        {
            "D": "200902",
            "TV": 0.0,
            "AUP": 6110.0,
            "TV_p": 0.0,
            "AUP_p": 0.0
        },
        {
            "D": "200903",
            "TV": 0.0,
            "AUP": 6110.0,
            "TV_p": 0.0,
            "AUP_p": 0.0
        },
        {
            "D": "200904",
            "TV": 1.0,
            "AUP": 5706.0,
            "TV_p": 0.0,
            "AUP_p": -6.612111292962357
        },
        {
            "D": "200905",
            "TV": 1.0,
            "AUP": 7086.0,
            "TV_p": 0.0,
            "AUP_p": 24.185068349106203
        },
        {
            "D": "200906",
            "TV": 0.0,
            "AUP": 7086.0,
            "TV_p": 0.0,
            "AUP_p": 0.0
        },
        {
            "D": "200907",
            "TV": 0.0,
            "AUP": 7086.0,
            "TV_p": 0.0,
            "AUP_p": 0.0
        },
        {
            "D": "200908",
            "TV": 0.0,
            "AUP": 7086.0,
            "TV_p": 0.0,
            "AUP_p": 0.0
        },
        {
            "D": "200909",
            "TV": 0.0,
            "AUP": 7086.0,
            "TV_p": 0.0,
            "AUP_p": 0.0
        },
        {
            "D": "200910",
            "TV": 0.0,
            "AUP": 7086.0,
            "TV_p": 0.0,
            "AUP_p": 0.0
        },
        {
            "D": "200911",
            "TV": 0.0,
            "AUP": 7086.0,
            "TV_p": 0.0,
            "AUP_p": 0.0
        },
        {
            "D": "200912",
            "TV": 0.0,
            "AUP": 7086.0,
            "TV_p": 0.0,
            "AUP_p": 0.0
        },
        {
            "D": "201001",
            "TV": 1.0,
            "AUP": 7365.0,
            "TV_p": 0.0,
            "AUP_p": 3.9373412362404743
        },
        {
            "D": "201002",
            "TV": 0.0,
            "AUP": 7365.0,
            "TV_p": 0.0,
            "AUP_p": 0.0
        },
        {
            "D": "201003",
            "TV": 2.0,
            "AUP": 8030.5,
            "TV_p": 0.0,
            "AUP_p": 9.035980991174473
        },
        {
            "D": "201004",
            "TV": 0.0,
            "AUP": 8030.5,
            "TV_p": 0.0,
            "AUP_p": 0.0
        },
        {
            "D": "201005",
            "TV": 0.0,
            "AUP": 8030.5,
            "TV_p": 0.0,
            "AUP_p": 0.0
        },
        {
            "D": "201006",
            "TV": 0.0,
            "AUP": 8030.5,
            "TV_p": 0.0,
            "AUP_p": 0.0
        },
        {
            "D": "201007",
            "TV": 0.0,
            "AUP": 8030.5,
            "TV_p": 0.0,
            "AUP_p": 0.0
        },
        {
            "D": "201008",
            "TV": 1.0,
            "AUP": 6595.0,
            "TV_p": 0.0,
            "AUP_p": -17.875599277753565
        },
        {
            "D": "201009",
            "TV": 1.0,
            "AUP": 10096.0,
            "TV_p": 0.0,
            "AUP_p": 53.08567096285064
        },
        {
            "D": "201010",
            "TV": 3.0,
            "AUP": 7626.333,
            "TV_p": 200.0,
            "AUP_p": -24.461833072503968
        },
        {
            "D": "201011",
            "TV": 0.0,
            "AUP": 7626.333,
            "TV_p": 0.0,
            "AUP_p": 0.0
        },
        {
            "D": "201012",
            "TV": 0.0,
            "AUP": 7626.333,
            "TV_p": 0.0,
            "AUP_p": 0.0
        },
        {
            "D": "201101",
            "TV": 0.0,
            "AUP": 7626.333,
            "TV_p": 0.0,
            "AUP_p": 0.0
        },
        {
            "D": "201102",
            "TV": 0.0,
            "AUP": 7626.333,
            "TV_p": 0.0,
            "AUP_p": 0.0
        },
        {
            "D": "201103",
            "TV": 0.0,
            "AUP": 7626.333,
            "TV_p": 0.0,
            "AUP_p": 0.0
        },
        {
            "D": "201104",
            "TV": 0.0,
            "AUP": 7626.333,
            "TV_p": 0.0,
            "AUP_p": 0.0
        },
        {
            "D": "201105",
            "TV": 0.0,
            "AUP": 7626.333,
            "TV_p": 0.0,
            "AUP_p": 0.0
        },
        {
            "D": "201106",
            "TV": 2.0,
            "AUP": 9971.0,
            "TV_p": 0.0,
            "AUP_p": 30.744350720343743
        },
        {
            "D": "201107",
            "TV": 0.0,
            "AUP": 9971.0,
            "TV_p": 0.0,
            "AUP_p": 0.0
        },
        {
            "D": "201108",
            "TV": 0.0,
            "AUP": 9971.0,
            "TV_p": 0.0,
            "AUP_p": 0.0
        },
        {
            "D": "201109",
            "TV": 0.0,
            "AUP": 9971.0,
            "TV_p": 0.0,
            "AUP_p": 0.0
        },
        {
            "D": "201110",
            "TV": 1.0,
            "AUP": 8969.0,
            "TV_p": 0.0,
            "AUP_p": -10.049142513288537
        },
        {
            "D": "201111",
            "TV": 1.0,
            "AUP": 8602.0,
            "TV_p": 0.0,
            "AUP_p": -4.091872003567844
        },
        {
            "D": "201112",
            "TV": 0.0,
            "AUP": 8602.0,
            "TV_p": 0.0,
            "AUP_p": 0.0
        },
        {
            "D": "201201",
            "TV": 0.0,
            "AUP": 8602.0,
            "TV_p": 0.0,
            "AUP_p": 0.0
        },
        {
            "D": "201202",
            "TV": 1.0,
            "AUP": 5730.0,
            "TV_p": 0.0,
            "AUP_p": -33.387584282724944
        },
        {
            "D": "201203",
            "TV": 0.0,
            "AUP": 5730.0,
            "TV_p": 0.0,
            "AUP_p": 0.0
        },
        {
            "D": "201204",
            "TV": 0.0,
            "AUP": 5730.0,
            "TV_p": 0.0,
            "AUP_p": 0.0
        },
        {
            "D": "201205",
            "TV": 1.0,
            "AUP": 10197.0,
            "TV_p": 0.0,
            "AUP_p": 77.95811518324606
        },
        {
            "D": "201206",
            "TV": 0.0,
            "AUP": 10197.0,
            "TV_p": 0.0,
            "AUP_p": 0.0
        },
        {
            "D": "201207",
            "TV": 0.0,
            "AUP": 10197.0,
            "TV_p": 0.0,
            "AUP_p": 0.0
        },
        {
            "D": "201208",
            "TV": 0.0,
            "AUP": 10197.0,
            "TV_p": 0.0,
            "AUP_p": 0.0
        },
        {
            "D": "201209",
            "TV": 0.0,
            "AUP": 10197.0,
            "TV_p": 0.0,
            "AUP_p": 0.0
        },
        {
            "D": "201210",
            "TV": 0.0,
            "AUP": 10197.0,
            "TV_p": 0.0,
            "AUP_p": 0.0
        },
        {
            "D": "201211",
            "TV": 0.0,
            "AUP": 10197.0,
            "TV_p": 0.0,
            "AUP_p": 0.0
        },
        {
            "D": "201212",
            "TV": 0.0,
            "AUP": 10197.0,
            "TV_p": 0.0,
            "AUP_p": 0.0
        },
        {
            "D": "201301",
            "TV": 0.0,
            "AUP": 10197.0,
            "TV_p": 0.0,
            "AUP_p": 0.0
        },
        {
            "D": "201302",
            "TV": 1.0,
            "AUP": 13084.0,
            "TV_p": 0.0,
            "AUP_p": 28.312248700598214
        },
        {
            "D": "201303",
            "TV": 0.0,
            "AUP": 13084.0,
            "TV_p": 0.0,
            "AUP_p": 0.0
        },
        {
            "D": "201304",
            "TV": 0.0,
            "AUP": 13084.0,
            "TV_p": 0.0,
            "AUP_p": 0.0
        },
        {
            "D": "201305",
            "TV": 0.0,
            "AUP": 13084.0,
            "TV_p": 0.0,
            "AUP_p": 0.0
        },
        {
            "D": "201306",
            "TV": 0.0,
            "AUP": 13084.0,
            "TV_p": 0.0,
            "AUP_p": 0.0
        },
        {
            "D": "201307",
            "TV": 0.0,
            "AUP": 13084.0,
            "TV_p": 0.0,
            "AUP_p": 0.0
        },
        {
            "D": "201308",
            "TV": 0.0,
            "AUP": 13084.0,
            "TV_p": 0.0,
            "AUP_p": 0.0
        },
        {
            "D": "201309",
            "TV": 0.0,
            "AUP": 13084.0,
            "TV_p": 0.0,
            "AUP_p": 0.0
        },
        {
            "D": "201310",
            "TV": 0.0,
            "AUP": 13084.0,
            "TV_p": 0.0,
            "AUP_p": 0.0
        },
        {
            "D": "201311",
            "TV": 0.0,
            "AUP": 13084.0,
            "TV_p": 0.0,
            "AUP_p": 0.0
        },
        {
            "D": "201312",
            "TV": 0.0,
            "AUP": 13084.0,
            "TV_p": 0.0,
            "AUP_p": 0.0
        },
        {
            "D": "201401",
            "TV": 0.0,
            "AUP": 13084.0,
            "TV_p": 0.0,
            "AUP_p": 0.0
        },
        {
            "D": "201402",
            "TV": 0.0,
            "AUP": 13084.0,
            "TV_p": 0.0,
            "AUP_p": 0.0
        },
        {
            "D": "201403",
            "TV": 0.0,
            "AUP": 13084.0,
            "TV_p": 0.0,
            "AUP_p": 0.0
        },
        {
            "D": "201404",
            "TV": 1.0,
            "AUP": 11684.0,
            "TV_p": 0.0,
            "AUP_p": -10.700091715071844
        },
        {
            "D": "201405",
            "TV": 0.0,
            "AUP": 11684.0,
            "TV_p": 0.0,
            "AUP_p": 0.0
        },
        {
            "D": "201406",
            "TV": 0.0,
            "AUP": 11684.0,
            "TV_p": 0.0,
            "AUP_p": 0.0
        },
        {
            "D": "201407",
            "TV": 0.0,
            "AUP": 11684.0,
            "TV_p": 0.0,
            "AUP_p": 0.0
        },
        {
            "D": "201408",
            "TV": 0.0,
            "AUP": 11684.0,
            "TV_p": 0.0,
            "AUP_p": 0.0
        },
        {
            "D": "201409",
            "TV": 1.0,
            "AUP": 11684.0,
            "TV_p": 0.0,
            "AUP_p": 0.0
        },
        {
            "D": "201410",
            "TV": 0.0,
            "AUP": 11684.0,
            "TV_p": 0.0,
            "AUP_p": 0.0
        },
        {
            "D": "201411",
            "TV": 0.0,
            "AUP": 11684.0,
            "TV_p": 0.0,
            "AUP_p": 0.0
        },
        {
            "D": "201412",
            "TV": 0.0,
            "AUP": 11684.0,
            "TV_p": 0.0,
            "AUP_p": 0.0
        },
        {
            "D": "201501",
            "TV": 0.0,
            "AUP": 11684.0,
            "TV_p": 0.0,
            "AUP_p": 0.0
        },
        {
            "D": "201502",
            "TV": 0.0,
            "AUP": 11684.0,
            "TV_p": 0.0,
            "AUP_p": 0.0
        },
        {
            "D": "201503",
            "TV": 1.0,
            "AUP": 12907.0,
            "TV_p": 0.0,
            "AUP_p": 10.46730571722013
        },
        {
            "D": "201504",
            "TV": 1.0,
            "AUP": 12835.0,
            "TV_p": 0.0,
            "AUP_p": -0.5578368327264275
        },
        {
            "D": "201505",
            "TV": 0.0,
            "AUP": 12835.0,
            "TV_p": 0.0,
            "AUP_p": 0.0
        },
        {
            "D": "201506",
            "TV": 0.0,
            "AUP": 12835.0,
            "TV_p": 0.0,
            "AUP_p": 0.0
        },
        {
            "D": "201507",
            "TV": 0.0,
            "AUP": 12835.0,
            "TV_p": 0.0,
            "AUP_p": 0.0
        },
        {
            "D": "201508",
            "TV": 0.0,
            "AUP": 12835.0,
            "TV_p": 0.0,
            "AUP_p": 0.0
        },
        {
            "D": "201509",
            "TV": 0.0,
            "AUP": 12835.0,
            "TV_p": 0.0,
            "AUP_p": 0.0
        },
        {
            "D": "201510",
            "TV": 0.0,
            "AUP": 12835.0,
            "TV_p": 0.0,
            "AUP_p": 0.0
        },
        {
            "D": "201511",
            "TV": 0.0,
            "AUP": 12835.0,
            "TV_p": 0.0,
            "AUP_p": 0.0
        },
        {
            "D": "201512",
            "TV": 0.0,
            "AUP": 12835.0,
            "TV_p": 0.0,
            "AUP_p": 0.0
        },
        {
            "D": "201601",
            "TV": 0.0,
            "AUP": 12835.0,
            "TV_p": 0.0,
            "AUP_p": 0.0
        },
        {
            "D": "201602",
            "TV": 0.0,
            "AUP": 12835.0,
            "TV_p": 0.0,
            "AUP_p": 0.0
        },
        {
            "D": "201603",
            "TV": 0.0,
            "AUP": 12835.0,
            "TV_p": 0.0,
            "AUP_p": 0.0
        },
        {
            "D": "201604",
            "TV": 0.0,
            "AUP": 12835.0,
            "TV_p": 0.0,
            "AUP_p": 0.0
        },
        {
            "D": "201605",
            "TV": 0.0,
            "AUP": 12835.0,
            "TV_p": 0.0,
            "AUP_p": 0.0
        },
        {
            "D": "201606",
            "TV": 0.0,
            "AUP": 12835.0,
            "TV_p": 0.0,
            "AUP_p": 0.0
        },
        {
            "D": "201607",
            "TV": 0.0,
            "AUP": 12835.0,
            "TV_p": 0.0,
            "AUP_p": 0.0
        },
        {
            "D": "201608",
            "TV": 0.0,
            "AUP": 12835.0,
            "TV_p": 0.0,
            "AUP_p": 0.0
        },
        {
            "D": "201609",
            "TV": 0.0,
            "AUP": 12835.0,
            "TV_p": 0.0,
            "AUP_p": 0.0
        },
        {
            "D": "201610",
            "TV": 0.0,
            "AUP": 12835.0,
            "TV_p": 0.0,
            "AUP_p": 0.0
        },
        {
            "D": "201611",
            "TV": 0.0,
            "AUP": 12835.0,
            "TV_p": 0.0,
            "AUP_p": 0.0
        },
        {
            "D": "201612",
            "TV": 0.0,
            "AUP": 12835.0,
            "TV_p": 0.0,
            "AUP_p": 0.0
        },
        {
            "D": "201701",
            "TV": 0.0,
            "AUP": 12835.0,
            "TV_p": 0.0,
            "AUP_p": 0.0
        },
        {
            "D": "201702",
            "TV": 1.0,
            "AUP": 19295.0,
            "TV_p": 0.0,
            "AUP_p": 50.331125827814574
        },
        {
            "D": "201703",
            "TV": 0.0,
            "AUP": 19295.0,
            "TV_p": 0.0,
            "AUP_p": 0.0
        },
        {
            "D": "201704",
            "TV": 0.0,
            "AUP": 19295.0,
            "TV_p": 0.0,
            "AUP_p": 0.0
        },
        {
            "D": "201705",
            "TV": 0.0,
            "AUP": 19295.0,
            "TV_p": 0.0,
            "AUP_p": 0.0
        },
        {
            "D": "201706",
            "TV": 2.0,
            "AUP": 12657.0,
            "TV_p": 0.0,
            "AUP_p": -34.40269499870433
        },
        {
            "D": "201707",
            "TV": 0.0,
            "AUP": 12657.0,
            "TV_p": 0.0,
            "AUP_p": 0.0
        },
        {
            "D": "201708",
            "TV": 0.0,
            "AUP": 12657.0,
            "TV_p": 0.0,
            "AUP_p": 0.0
        },
        {
            "D": "201709",
            "TV": 0.0,
            "AUP": 12657.0,
            "TV_p": 0.0,
            "AUP_p": 0.0
        },
        {
            "D": "201710",
            "TV": 0.0,
            "AUP": 12657.0,
            "TV_p": 0.0,
            "AUP_p": 0.0
        },
        {
            "D": "201711",
            "TV": 0.0,
            "AUP": 12657.0,
            "TV_p": 0.0,
            "AUP_p": 0.0
        },
        {
            "D": "201712",
            "TV": 1.0,
            "AUP": 15832.0,
            "TV_p": 0.0,
            "AUP_p": 25.084933238524137
        },
        {
            "D": "201801",
            "TV": 1.0,
            "AUP": 14595.0,
            "TV_p": 0.0,
            "AUP_p": -7.813289540171804
        },
        {
            "D": "201802",
            "TV": 0.0,
            "AUP": 14595.0,
            "TV_p": 0.0,
            "AUP_p": 0.0
        },
        {
            "D": "201803",
            "TV": 0.0,
            "AUP": 14595.0,
            "TV_p": 0.0,
            "AUP_p": 0.0
        },
        {
            "D": "201804",
            "TV": 0.0,
            "AUP": 14595.0,
            "TV_p": 0.0,
            "AUP_p": 0.0
        },
        {
            "D": "201805",
            "TV": 0.0,
            "AUP": 14595.0,
            "TV_p": 0.0,
            "AUP_p": 0.0
        },
        {
            "D": "201806",
            "TV": 0.0,
            "AUP": 14595.0,
            "TV_p": 0.0,
            "AUP_p": 0.0
        },
        {
            "D": "201807",
            "TV": 0.0,
            "AUP": 14595.0,
            "TV_p": 0.0,
            "AUP_p": 0.0
        },
        {
            "D": "201808",
            "TV": 0.0,
            "AUP": 14595.0,
            "TV_p": 0.0,
            "AUP_p": 0.0
        },
        {
            "D": "201809",
            "TV": 1.0,
            "AUP": 15436.0,
            "TV_p": 0.0,
            "AUP_p": 5.762247344981158
        },
        {
            "D": "201810",
            "TV": 0.0,
            "AUP": 15436.0,
            "TV_p": 0.0,
            "AUP_p": 0.0
        },
        {
            "D": "201811",
            "TV": 1.0,
            "AUP": 12863.0,
            "TV_p": 0.0,
            "AUP_p": -16.668826120756673
        },
        {
            "D": "201812",
            "TV": 0.0,
            "AUP": 12863.0,
            "TV_p": 0.0,
            "AUP_p": 0.0
        },
        {
            "D": "201901",
            "TV": 0.0,
            "AUP": 12863.0,
            "TV_p": 0.0,
            "AUP_p": 0.0
        },
        {
            "D": "201902",
            "TV": 0.0,
            "AUP": 12863.0,
            "TV_p": 0.0,
            "AUP_p": 0.0
        },
        {
            "D": "201903",
            "TV": 1.0,
            "AUP": 16597.0,
            "TV_p": 0.0,
            "AUP_p": 29.028997900956234
        },
        {
            "D": "201904",
            "TV": 1.0,
            "AUP": 17647.0,
            "TV_p": 0.0,
            "AUP_p": 6.326444538169548
        },
        {
            "D": "201905",
            "TV": 0.0,
            "AUP": 17647.0,
            "TV_p": 0.0,
            "AUP_p": 0.0
        },
        {
            "D": "201906",
            "TV": 0.0,
            "AUP": 17647.0,
            "TV_p": 0.0,
            "AUP_p": 0.0
        },
        {
            "D": "201907",
            "TV": 0.0,
            "AUP": 17647.0,
            "TV_p": 0.0,
            "AUP_p": 0.0
        },
        {
            "D": "201908",
            "TV": 0.0,
            "AUP": 17647.0,
            "TV_p": 0.0,
            "AUP_p": 0.0
        },
        {
            "D": "201909",
            "TV": 1.0,
            "AUP": 16437.0,
            "TV_p": 0.0,
            "AUP_p": -6.8566895222984074
        },
        {
            "D": "201910",
            "TV": 0.0,
            "AUP": 16437.0,
            "TV_p": 0.0,
            "AUP_p": 0.0
        },
        {
            "D": "201911",
            "TV": 0.0,
            "AUP": 16437.0,
            "TV_p": 0.0,
            "AUP_p": 0.0
        },
        {
            "D": "201912",
            "TV": 0.0,
            "AUP": 16437.0,
            "TV_p": 0.0,
            "AUP_p": 0.0
        },
        {
            "D": "202001",
            "TV": 0.0,
            "AUP": 16437.0,
            "TV_p": 0.0,
            "AUP_p": 0.0
        },
        {
            "D": "202002",
            "TV": 0.0,
            "AUP": 16437.0,
            "TV_p": 0.0,
            "AUP_p": 0.0
        },
        {
            "D": "202003",
            "TV": 0.0,
            "AUP": 16437.0,
            "TV_p": 0.0,
            "AUP_p": 0.0
        },
        {
            "D": "202004",
            "TV": 0.0,
            "AUP": 16437.0,
            "TV_p": 0.0,
            "AUP_p": 0.0
        },
        {
            "D": "202005",
            "TV": 0.0,
            "AUP": 16437.0,
            "TV_p": 0.0,
            "AUP_p": 0.0
        },
        {
            "D": "202006",
            "TV": 1.0,
            "AUP": 14327.0,
            "TV_p": 0.0,
            "AUP_p": -12.836892376954431
        },
        {
            "D": "202007",
            "TV": 0.0,
            "AUP": 14327.0,
            "TV_p": 0.0,
            "AUP_p": 0.0
        },
        {
            "D": "202008",
            "TV": 0.0,
            "AUP": 14327.0,
            "TV_p": 0.0,
            "AUP_p": 0.0
        },
        {
            "D": "202009",
            "TV": 0.0,
            "AUP": 14327.0,
            "TV_p": 0.0,
            "AUP_p": 0.0
        },
        {
            "D": "202010",
            "TV": 1.0,
            "AUP": 14327.0,
            "TV_p": 0.0,
            "AUP_p": 0.0
        },
        {
            "D": "202011",
            "TV": 0.0,
            "AUP": 14327.0,
            "TV_p": 0.0,
            "AUP_p": 0.0
        },
        {
            "D": "202012",
            "TV": 0.0,
            "AUP": 14327.0,
            "TV_p": 0.0,
            "AUP_p": 0.0
        },
        {
            "D": "202101",
            "TV": 0.0,
            "AUP": 14327.0,
            "TV_p": 0.0,
            "AUP_p": 0.0
        },
        {
            "D": "202102",
            "TV": 0.0,
            "AUP": 14327.0,
            "TV_p": 0.0,
            "AUP_p": 0.0
        },
        {
            "D": "202103",
            "TV": 0.0,
            "AUP": 14327.0,
            "TV_p": 0.0,
            "AUP_p": 0.0
        },
        {
            "D": "202104",
            "TV": 0.0,
            "AUP": 14327.0,
            "TV_p": 0.0,
            "AUP_p": 0.0
        },
        {
            "D": "202105",
            "TV": 0.0,
            "AUP": 14327.0,
            "TV_p": 0.0,
            "AUP_p": 0.0
        },
        {
            "D": "202106",
            "TV": 0.0,
            "AUP": 14327.0,
            "TV_p": 0.0,
            "AUP_p": 0.0
        },
        {
            "D": "202107",
            "TV": 0.0,
            "AUP": 14327.0,
            "TV_p": 0.0,
            "AUP_p": 0.0
        },
        {
            "D": "202108",
            "TV": 0.0,
            "AUP": 14327.0,
            "TV_p": 0.0,
            "AUP_p": 0.0
        },
        {
            "D": "202109",
            "TV": 0.0,
            "AUP": 14327.0,
            "TV_p": 0.0,
            "AUP_p": 0.0
        },
        {
            "D": "202110",
            "TV": 0.0,
            "AUP": 14327.0,
            "TV_p": 0.0,
            "AUP_p": 0.0
        },
        {
            "D": "202111",
            "TV": 0.0,
            "AUP": 14327.0,
            "TV_p": 0.0,
            "AUP_p": 0.0
        },
        {
            "D": "202112",
            "TV": 0.0,
            "AUP": 14327.0,
            "TV_p": 0.0,
            "AUP_p": 0.0
        },
        {
            "D": "202201",
            "TV": 0.0,
            "AUP": 14327.0,
            "TV_p": 0.0,
            "AUP_p": 0.0
        },
        {
            "D": "202202",
            "TV": 0.0,
            "AUP": 14327.0,
            "TV_p": 0.0,
            "AUP_p": 0.0
        },
        {
            "D": "202203",
            "TV": 0.0,
            "AUP": 14327.0,
            "TV_p": 0.0,
            "AUP_p": 0.0
        },
        {
            "D": "202204",
            "TV": 0.0,
            "AUP": 14327.0,
            "TV_p": 0.0,
            "AUP_p": 0.0
        },
        {
            "D": "202205",
            "TV": 1.0,
            "AUP": 14327.0,
            "TV_p": 0.0,
            "AUP_p": 0.0
        },
        {
            "D": "202206",
            "TV": 1.0,
            "AUP": 14327.0,
            "TV_p": 0.0,
            "AUP_p": 0.0
        },
        {
            "D": "202207",
            "TV": 0.0,
            "AUP": 14327.0,
            "TV_p": 0.0,
            "AUP_p": 0.0
        },
        {
            "D": "202208",
            "TV": 1.0,
            "AUP": 14327.0,
            "TV_p": 0.0,
            "AUP_p": 0.0
        },
        {
            "D": "202209",
            "TV": 0.0,
            "AUP": 14327.0,
            "TV_p": 0.0,
            "AUP_p": 0.0
        },
        {
            "D": "202210",
            "TV": 0.0,
            "AUP": 14327.0,
            "TV_p": 0.0,
            "AUP_p": 0.0
        },
        {
            "D": "202211",
            "TV": 0.0,
            "AUP": 14327.0,
            "TV_p": 0.0,
            "AUP_p": 0.0
        },
        {
            "D": "202212",
            "TV": 0.0,
            "AUP": 14327.0,
            "TV_p": 0.0,
            "AUP_p": 0.0
        },
        {
            "D": "202301",
            "TV": 0.0,
            "AUP": 14327.0,
            "TV_p": 0.0,
            "AUP_p": 0.0
        },
        {
            "D": "202302",
            "TV": 0.0,
            "AUP": 14327.0,
            "TV_p": 0.0,
            "AUP_p": 0.0
        },
        {
            "D": "202303",
            "TV": 0.0,
            "AUP": 14327.0,
            "TV_p": 0.0,
            "AUP_p": 0.0
        },
        {
            "D": "202304",
            "TV": 0.0,
            "AUP": 14327.0,
            "TV_p": 0.0,
            "AUP_p": 0.0
        },
        {
            "D": "202305",
            "TV": 0.0,
            "AUP": 14327.0,
            "TV_p": 0.0,
            "AUP_p": 0.0
        },
        {
            "D": "202306",
            "TV": 0.0,
            "AUP": 14327.0,
            "TV_p": 0.0,
            "AUP_p": 0.0
        },
        {
            "D": "202307",
            "TV": 0.0,
            "AUP": 14327.0,
            "TV_p": 0.0,
            "AUP_p": 0.0
        },
        {
            "D": "202308",
            "TV": 0.0,
            "AUP": 14327.0,
            "TV_p": 0.0,
            "AUP_p": 0.0
        },
        {
            "D": "202309",
            "TV": 0.0,
            "AUP": 14327.0,
            "TV_p": 0.0,
            "AUP_p": 0.0
        },
        {
            "D": "202310",
            "TV": 0.0,
            "AUP": 14327.0,
            "TV_p": 0.0,
            "AUP_p": 0.0
        },
        {
            "D": "202311",
            "TV": 0.0,
            "AUP": 14327.0,
            "TV_p": 0.0,
            "AUP_p": 0.0
        },
        {
            "D": "202312",
            "TV": 0.0,
            "AUP": 14327.0,
            "TV_p": 0.0,
            "AUP_p": 0.0
        },
        {
            "D": "202401",
            "TV": 1.0,
            "AUP": 14327.0,
            "TV_p": 0.0,
            "AUP_p": 0.0
        },
        {
            "D": "202402",
            "TV": 0.0,
            "AUP": 14327.0,
            "TV_p": 0.0,
            "AUP_p": 0.0
        },
        {
            "D": "202403",
            "TV": 0.0,
            "AUP": 14327.0,
            "TV_p": 0.0,
            "AUP_p": 0.0
        },
        {
            "D": "202404",
            "TV": 0.0,
            "AUP": 14327.0,
            "TV_p": 0.0,
            "AUP_p": 0.0
        },
        {
            "D": "202405",
            "TV": 0.0,
            "AUP": 14327.0,
            "TV_p": 0.0,
            "AUP_p": 0.0
        },
        {
            "D": "202406",
            "TV": 0.0,
            "AUP": 14327.0,
            "TV_p": 0.0,
            "AUP_p": 0.0
        },
        {
            "D": "202407",
            "TV": 0.0,
            "AUP": 14327.0,
            "TV_p": 0.0,
            "AUP_p": 0.0
        }
    ],
    "MinDate": "199601",
    "MaxDate": "202407"
}