{
    "List": [
        {
            "D": "202001",
            "TV": 1.0,
            "AUP": 19059.0,
            "TV_p": 0.0,
            "AUP_p": 0.0
        },
        {
            "D": "202002",
            "TV": 0.0,
            "AUP": 19059.0,
            "TV_p": 0.0,
            "AUP_p": 0.0
        },
        {
            "D": "202003",
            "TV": 0.0,
            "AUP": 19059.0,
            "TV_p": 0.0,
            "AUP_p": 0.0
        },
        {
            "D": "202004",
            "TV": 0.0,
            "AUP": 19059.0,
            "TV_p": 0.0,
            "AUP_p": 0.0
        },
        {
            "D": "202005",
            "TV": 0.0,
            "AUP": 19059.0,
            "TV_p": 0.0,
            "AUP_p": 0.0
        },
        {
            "D": "202006",
            "TV": 0.0,
            "AUP": 19059.0,
            "TV_p": 0.0,
            "AUP_p": 0.0
        },
        {
            "D": "202007",
            "TV": 1.0,
            "AUP": 17993.0,
            "TV_p": 0.0,
            "AUP_p": -5.593158088042395
        },
        {
            "D": "202008",
            "TV": 0.0,
            "AUP": 17993.0,
            "TV_p": 0.0,
            "AUP_p": 0.0
        },
        {
            "D": "202009",
            "TV": 0.0,
            "AUP": 17993.0,
            "TV_p": 0.0,
            "AUP_p": 0.0
        },
        {
            "D": "202010",
            "TV": 0.0,
            "AUP": 17993.0,
            "TV_p": 0.0,
            "AUP_p": 0.0
        },
        {
            "D": "202011",
            "TV": 0.0,
            "AUP": 17993.0,
            "TV_p": 0.0,
            "AUP_p": 0.0
        },
        {
            "D": "202012",
            "TV": 0.0,
            "AUP": 17993.0,
            "TV_p": 0.0,
            "AUP_p": 0.0
        },
        {
            "D": "202101",
            "TV": 0.0,
            "AUP": 17993.0,
            "TV_p": 0.0,
            "AUP_p": 0.0
        },
        {
            "D": "202102",
            "TV": 0.0,
            "AUP": 17993.0,
            "TV_p": 0.0,
            "AUP_p": 0.0
        },
        {
            "D": "202103",
            "TV": 0.0,
            "AUP": 17993.0,
            "TV_p": 0.0,
            "AUP_p": 0.0
        },
        {
            "D": "202104",
            "TV": 0.0,
            "AUP": 17993.0,
            "TV_p": 0.0,
            "AUP_p": 0.0
        },
        {
            "D": "202105",
            "TV": 0.0,
            "AUP": 17993.0,
            "TV_p": 0.0,
            "AUP_p": 0.0
        },
        {
            "D": "202106",
            "TV": 0.0,
            "AUP": 17993.0,
            "TV_p": 0.0,
            "AUP_p": 0.0
        },
        {
            "D": "202107",
            "TV": 0.0,
            "AUP": 17993.0,
            "TV_p": 0.0,
            "AUP_p": 0.0
        },
        {
            "D": "202108",
            "TV": 0.0,
            "AUP": 17993.0,
            "TV_p": 0.0,
            "AUP_p": 0.0
        },
        {
            "D": "202109",
            "TV": 1.0,
            "AUP": 21077.0,
            "TV_p": 0.0,
            "AUP_p": 17.139998888456624
        },
        {
            "D": "202110",
            "TV": 0.0,
            "AUP": 21077.0,
            "TV_p": 0.0,
            "AUP_p": 0.0
        },
        {
            "D": "202111",
            "TV": 0.0,
            "AUP": 21077.0,
            "TV_p": 0.0,
            "AUP_p": 0.0
        },
        {
            "D": "202112",
            "TV": 1.0,
            "AUP": 20567.0,
            "TV_p": 0.0,
            "AUP_p": -2.4196991981781086
        },
        {
            "D": "202201",
            "TV": 0.0,
            "AUP": 20567.0,
            "TV_p": 0.0,
            "AUP_p": 0.0
        },
        {
            "D": "202202",
            "TV": 0.0,
            "AUP": 20567.0,
            "TV_p": 0.0,
            "AUP_p": 0.0
        },
        {
            "D": "202203",
            "TV": 0.0,
            "AUP": 20567.0,
            "TV_p": 0.0,
            "AUP_p": 0.0
        },
        {
            "D": "202204",
            "TV": 1.0,
            "AUP": 20567.0,
            "TV_p": 0.0,
            "AUP_p": 0.0
        },
        {
            "D": "202205",
            "TV": 0.0,
            "AUP": 20567.0,
            "TV_p": 0.0,
            "AUP_p": 0.0
        },
        {
            "D": "202206",
            "TV": 1.0,
            "AUP": 18077.0,
            "TV_p": 0.0,
            "AUP_p": -12.106772985851121
        },
        {
            "D": "202207",
            "TV": 1.0,
            "AUP": 19164.0,
            "TV_p": 0.0,
            "AUP_p": 6.013165901421695
        },
        {
            "D": "202208",
            "TV": 0.0,
            "AUP": 19164.0,
            "TV_p": 0.0,
            "AUP_p": 0.0
        },
        {
            "D": "202209",
            "TV": 0.0,
            "AUP": 19164.0,
            "TV_p": 0.0,
            "AUP_p": 0.0
        },
        {
            "D": "202210",
            "TV": 0.0,
            "AUP": 19164.0,
            "TV_p": 0.0,
            "AUP_p": 0.0
        },
        {
            "D": "202211",
            "TV": 0.0,
            "AUP": 19164.0,
            "TV_p": 0.0,
            "AUP_p": 0.0
        },
        {
            "D": "202212",
            "TV": 0.0,
            "AUP": 19164.0,
            "TV_p": 0.0,
            "AUP_p": 0.0
        },
        {
            "D": "202301",
            "TV": 0.0,
            "AUP": 19164.0,
            "TV_p": 0.0,
            "AUP_p": 0.0
        },
        {
            "D": "202302",
            "TV": 0.0,
            "AUP": 19164.0,
            "TV_p": 0.0,
            "AUP_p": 0.0
        },
        {
            "D": "202303",
            "TV": 1.0,
            "AUP": 18227.0,
            "TV_p": 0.0,
            "AUP_p": -4.889375913170528
        },
        {
            "D": "202304",
            "TV": 1.0,
            "AUP": 19268.0,
            "TV_p": 0.0,
            "AUP_p": 5.711307401108246
        },
        {
            "D": "202305",
            "TV": 0.0,
            "AUP": 19268.0,
            "TV_p": 0.0,
            "AUP_p": 0.0
        },
        {
            "D": "202306",
            "TV": 0.0,
            "AUP": 19268.0,
            "TV_p": 0.0,
            "AUP_p": 0.0
        },
        {
            "D": "202307",
            "TV": 0.0,
            "AUP": 19268.0,
            "TV_p": 0.0,
            "AUP_p": 0.0
        },
        {
            "D": "202308",
            "TV": 0.0,
            "AUP": 19268.0,
            "TV_p": 0.0,
            "AUP_p": 0.0
        },
        {
            "D": "202309",
            "TV": 1.0,
            "AUP": 19064.0,
            "TV_p": 0.0,
            "AUP_p": -1.0587502594976126
        },
        {
            "D": "202310",
            "TV": 1.0,
            "AUP": 17770.0,
            "TV_p": 0.0,
            "AUP_p": -6.787662610155267
        },
        {
            "D": "202311",
            "TV": 0.0,
            "AUP": 17770.0,
            "TV_p": 0.0,
            "AUP_p": 0.0
        },
        {
            "D": "202312",
            "TV": 0.0,
            "AUP": 17770.0,
            "TV_p": 0.0,
            "AUP_p": 0.0
        },
        {
            "D": "202401",
            "TV": 0.0,
            "AUP": 17770.0,
            "TV_p": 0.0,
            "AUP_p": 0.0
        },
        {
            "D": "202402",
            "TV": 0.0,
            "AUP": 17770.0,
            "TV_p": 0.0,
            "AUP_p": 0.0
        },
        {
            "D": "202403",
            "TV": 0.0,
            "AUP": 17770.0,
            "TV_p": 0.0,
            "AUP_p": 0.0
        },
        {
            "D": "202404",
            "TV": 0.0,
            "AUP": 17770.0,
            "TV_p": 0.0,
            "AUP_p": 0.0
        },
        {
            "D": "202405",
            "TV": 0.0,
            "AUP": 17770.0,
            "TV_p": 0.0,
            "AUP_p": 0.0
        },
        {
            "D": "202406",
            "TV": 0.0,
            "AUP": 17770.0,
            "TV_p": 0.0,
            "AUP_p": 0.0
        },
        {
            "D": "202407",
            "TV": 0.0,
            "AUP": 17770.0,
            "TV_p": 0.0,
            "AUP_p": 0.0
        }
    ],
    "MinDate": "202001",
    "MaxDate": "202407"
}