{
    "List": [
        {
            "D": "199601",
            "TV": 2.0,
            "AUP": 4026.5,
            "TV_p": 100.0,
            "AUP_p": 37.00238176250426
        },
        {
            "D": "199602",
            "TV": 0.0,
            "AUP": 4026.5,
            "TV_p": 0.0,
            "AUP_p": 0.0
        },
        {
            "D": "199603",
            "TV": 0.0,
            "AUP": 4026.5,
            "TV_p": 0.0,
            "AUP_p": 0.0
        },
        {
            "D": "199604",
            "TV": 1.0,
            "AUP": 4562.0,
            "TV_p": 0.0,
            "AUP_p": 13.29939153110642
        },
        {
            "D": "199605",
            "TV": 1.0,
            "AUP": 3918.0,
            "TV_p": 0.0,
            "AUP_p": -14.116615519508988
        },
        {
            "D": "199606",
            "TV": 0.0,
            "AUP": 3918.0,
            "TV_p": 0.0,
            "AUP_p": 0.0
        },
        {
            "D": "199607",
            "TV": 0.0,
            "AUP": 3918.0,
            "TV_p": 0.0,
            "AUP_p": 0.0
        },
        {
            "D": "199608",
            "TV": 2.0,
            "AUP": 4537.0,
            "TV_p": 0.0,
            "AUP_p": 15.798876978050025
        },
        {
            "D": "199609",
            "TV": 0.0,
            "AUP": 4537.0,
            "TV_p": 0.0,
            "AUP_p": 0.0
        },
        {
            "D": "199610",
            "TV": 0.0,
            "AUP": 4537.0,
            "TV_p": 0.0,
            "AUP_p": 0.0
        },
        {
            "D": "199611",
            "TV": 0.0,
            "AUP": 4537.0,
            "TV_p": 0.0,
            "AUP_p": 0.0
        },
        {
            "D": "199612",
            "TV": 0.0,
            "AUP": 4537.0,
            "TV_p": 0.0,
            "AUP_p": 0.0
        },
        {
            "D": "199701",
            "TV": 1.0,
            "AUP": 5465.0,
            "TV_p": 0.0,
            "AUP_p": 20.45404452281243
        },
        {
            "D": "199702",
            "TV": 3.0,
            "AUP": 5174.333,
            "TV_p": 200.0,
            "AUP_p": -5.318694730100648
        },
        {
            "D": "199703",
            "TV": 1.0,
            "AUP": 5310.0,
            "TV_p": -66.66666666666666,
            "AUP_p": 2.621915873389296
        },
        {
            "D": "199704",
            "TV": 3.0,
            "AUP": 5774.0,
            "TV_p": 200.0,
            "AUP_p": 8.738229755178907
        },
        {
            "D": "199705",
            "TV": 0.0,
            "AUP": 5774.0,
            "TV_p": 0.0,
            "AUP_p": 0.0
        },
        {
            "D": "199706",
            "TV": 3.0,
            "AUP": 5624.333,
            "TV_p": 0.0,
            "AUP_p": -2.592079442327683
        },
        {
            "D": "199707",
            "TV": 5.0,
            "AUP": 6635.4,
            "TV_p": 66.66666666666666,
            "AUP_p": 17.97664909132796
        },
        {
            "D": "199708",
            "TV": 0.0,
            "AUP": 6635.4,
            "TV_p": 0.0,
            "AUP_p": 0.0
        },
        {
            "D": "199709",
            "TV": 1.0,
            "AUP": 6777.0,
            "TV_p": 0.0,
            "AUP_p": 2.1340084998643696
        },
        {
            "D": "199710",
            "TV": 1.0,
            "AUP": 5877.0,
            "TV_p": 0.0,
            "AUP_p": -13.280212483399733
        },
        {
            "D": "199711",
            "TV": 3.0,
            "AUP": 6076.667,
            "TV_p": 200.0,
            "AUP_p": 3.3974249787306463
        },
        {
            "D": "199712",
            "TV": 0.0,
            "AUP": 6076.667,
            "TV_p": 0.0,
            "AUP_p": 0.0
        },
        {
            "D": "199801",
            "TV": 0.0,
            "AUP": 6076.667,
            "TV_p": 0.0,
            "AUP_p": 0.0
        },
        {
            "D": "199802",
            "TV": 0.0,
            "AUP": 6076.667,
            "TV_p": 0.0,
            "AUP_p": 0.0
        },
        {
            "D": "199803",
            "TV": 0.0,
            "AUP": 6076.667,
            "TV_p": 0.0,
            "AUP_p": 0.0
        },
        {
            "D": "199804",
            "TV": 2.0,
            "AUP": 4853.5,
            "TV_p": 0.0,
            "AUP_p": -20.128908383996592
        },
        {
            "D": "199805",
            "TV": 1.0,
            "AUP": 4645.0,
            "TV_p": -50.0,
            "AUP_p": -4.295868960543937
        },
        {
            "D": "199806",
            "TV": 0.0,
            "AUP": 4645.0,
            "TV_p": 0.0,
            "AUP_p": 0.0
        },
        {
            "D": "199807",
            "TV": 0.0,
            "AUP": 4645.0,
            "TV_p": 0.0,
            "AUP_p": 0.0
        },
        {
            "D": "199808",
            "TV": 0.0,
            "AUP": 4645.0,
            "TV_p": 0.0,
            "AUP_p": 0.0
        },
        {
            "D": "199809",
            "TV": 0.0,
            "AUP": 4645.0,
            "TV_p": 0.0,
            "AUP_p": 0.0
        },
        {
            "D": "199810",
            "TV": 0.0,
            "AUP": 4645.0,
            "TV_p": 0.0,
            "AUP_p": 0.0
        },
        {
            "D": "199811",
            "TV": 0.0,
            "AUP": 4645.0,
            "TV_p": 0.0,
            "AUP_p": 0.0
        },
        {
            "D": "199812",
            "TV": 0.0,
            "AUP": 4645.0,
            "TV_p": 0.0,
            "AUP_p": 0.0
        },
        {
            "D": "199901",
            "TV": 0.0,
            "AUP": 4645.0,
            "TV_p": 0.0,
            "AUP_p": 0.0
        },
        {
            "D": "199902",
            "TV": 1.0,
            "AUP": 3712.0,
            "TV_p": 0.0,
            "AUP_p": -20.08611410118407
        },
        {
            "D": "199903",
            "TV": 0.0,
            "AUP": 3712.0,
            "TV_p": 0.0,
            "AUP_p": 0.0
        },
        {
            "D": "199904",
            "TV": 0.0,
            "AUP": 3712.0,
            "TV_p": 0.0,
            "AUP_p": 0.0
        },
        {
            "D": "199905",
            "TV": 0.0,
            "AUP": 3712.0,
            "TV_p": 0.0,
            "AUP_p": 0.0
        },
        {
            "D": "199906",
            "TV": 1.0,
            "AUP": 3794.0,
            "TV_p": 0.0,
            "AUP_p": 2.209051724137931
        },
        {
            "D": "199907",
            "TV": 0.0,
            "AUP": 3794.0,
            "TV_p": 0.0,
            "AUP_p": 0.0
        },
        {
            "D": "199908",
            "TV": 3.0,
            "AUP": 2579.333,
            "TV_p": 0.0,
            "AUP_p": -32.01546302055878
        },
        {
            "D": "199909",
            "TV": 1.0,
            "AUP": 3093.0,
            "TV_p": -66.66666666666666,
            "AUP_p": 19.914706658040153
        },
        {
            "D": "199910",
            "TV": 0.0,
            "AUP": 3093.0,
            "TV_p": 0.0,
            "AUP_p": 0.0
        },
        {
            "D": "199911",
            "TV": 1.0,
            "AUP": 3217.0,
            "TV_p": 0.0,
            "AUP_p": 4.009052699644358
        },
        {
            "D": "199912",
            "TV": 0.0,
            "AUP": 3217.0,
            "TV_p": 0.0,
            "AUP_p": 0.0
        },
        {
            "D": "200001",
            "TV": 0.0,
            "AUP": 3217.0,
            "TV_p": 0.0,
            "AUP_p": 0.0
        },
        {
            "D": "200002",
            "TV": 0.0,
            "AUP": 3217.0,
            "TV_p": 0.0,
            "AUP_p": 0.0
        },
        {
            "D": "200003",
            "TV": 1.0,
            "AUP": 4197.0,
            "TV_p": 0.0,
            "AUP_p": 30.463164438918245
        },
        {
            "D": "200004",
            "TV": 0.0,
            "AUP": 4197.0,
            "TV_p": 0.0,
            "AUP_p": 0.0
        },
        {
            "D": "200005",
            "TV": 0.0,
            "AUP": 4197.0,
            "TV_p": 0.0,
            "AUP_p": 0.0
        },
        {
            "D": "200006",
            "TV": 0.0,
            "AUP": 4197.0,
            "TV_p": 0.0,
            "AUP_p": 0.0
        },
        {
            "D": "200007",
            "TV": 0.0,
            "AUP": 4197.0,
            "TV_p": 0.0,
            "AUP_p": 0.0
        },
        {
            "D": "200008",
            "TV": 1.0,
            "AUP": 3811.0,
            "TV_p": 0.0,
            "AUP_p": -9.19704550869669
        },
        {
            "D": "200009",
            "TV": 1.0,
            "AUP": 3434.0,
            "TV_p": 0.0,
            "AUP_p": -9.892416688533194
        },
        {
            "D": "200010",
            "TV": 0.0,
            "AUP": 3434.0,
            "TV_p": 0.0,
            "AUP_p": 0.0
        },
        {
            "D": "200011",
            "TV": 1.0,
            "AUP": 3712.0,
            "TV_p": 0.0,
            "AUP_p": 8.095515433896331
        },
        {
            "D": "200012",
            "TV": 0.0,
            "AUP": 3712.0,
            "TV_p": 0.0,
            "AUP_p": 0.0
        },
        {
            "D": "200101",
            "TV": 0.0,
            "AUP": 3712.0,
            "TV_p": 0.0,
            "AUP_p": 0.0
        },
        {
            "D": "200102",
            "TV": 0.0,
            "AUP": 3712.0,
            "TV_p": 0.0,
            "AUP_p": 0.0
        },
        {
            "D": "200103",
            "TV": 0.0,
            "AUP": 3712.0,
            "TV_p": 0.0,
            "AUP_p": 0.0
        },
        {
            "D": "200104",
            "TV": 1.0,
            "AUP": 3132.0,
            "TV_p": 0.0,
            "AUP_p": -15.625
        },
        {
            "D": "200105",
            "TV": 0.0,
            "AUP": 3132.0,
            "TV_p": 0.0,
            "AUP_p": 0.0
        },
        {
            "D": "200106",
            "TV": 1.0,
            "AUP": 3011.0,
            "TV_p": 0.0,
            "AUP_p": -3.8633461047254154
        },
        {
            "D": "200107",
            "TV": 0.0,
            "AUP": 3011.0,
            "TV_p": 0.0,
            "AUP_p": 0.0
        },
        {
            "D": "200108",
            "TV": 2.0,
            "AUP": 2789.5,
            "TV_p": 0.0,
            "AUP_p": -7.356360013284623
        },
        {
            "D": "200109",
            "TV": 1.0,
            "AUP": 2930.0,
            "TV_p": -50.0,
            "AUP_p": 5.036744936368525
        },
        {
            "D": "200110",
            "TV": 1.0,
            "AUP": 2836.0,
            "TV_p": 0.0,
            "AUP_p": -3.2081911262798632
        },
        {
            "D": "200111",
            "TV": 1.0,
            "AUP": 2990.0,
            "TV_p": 0.0,
            "AUP_p": 5.430183356840621
        },
        {
            "D": "200112",
            "TV": 0.0,
            "AUP": 2990.0,
            "TV_p": 0.0,
            "AUP_p": 0.0
        },
        {
            "D": "200201",
            "TV": 0.0,
            "AUP": 2990.0,
            "TV_p": 0.0,
            "AUP_p": 0.0
        },
        {
            "D": "200202",
            "TV": 0.0,
            "AUP": 2990.0,
            "TV_p": 0.0,
            "AUP_p": 0.0
        },
        {
            "D": "200203",
            "TV": 1.0,
            "AUP": 2475.0,
            "TV_p": 0.0,
            "AUP_p": -17.224080267558527
        },
        {
            "D": "200204",
            "TV": 0.0,
            "AUP": 2475.0,
            "TV_p": 0.0,
            "AUP_p": 0.0
        },
        {
            "D": "200205",
            "TV": 1.0,
            "AUP": 2775.0,
            "TV_p": 0.0,
            "AUP_p": 12.121212121212121
        },
        {
            "D": "200206",
            "TV": 0.0,
            "AUP": 2775.0,
            "TV_p": 0.0,
            "AUP_p": 0.0
        },
        {
            "D": "200207",
            "TV": 0.0,
            "AUP": 2775.0,
            "TV_p": 0.0,
            "AUP_p": 0.0
        },
        {
            "D": "200208",
            "TV": 0.0,
            "AUP": 2775.0,
            "TV_p": 0.0,
            "AUP_p": 0.0
        },
        {
            "D": "200209",
            "TV": 0.0,
            "AUP": 2775.0,
            "TV_p": 0.0,
            "AUP_p": 0.0
        },
        {
            "D": "200210",
            "TV": 0.0,
            "AUP": 2775.0,
            "TV_p": 0.0,
            "AUP_p": 0.0
        },
        {
            "D": "200211",
            "TV": 0.0,
            "AUP": 2775.0,
            "TV_p": 0.0,
            "AUP_p": 0.0
        },
        {
            "D": "200212",
            "TV": 0.0,
            "AUP": 2775.0,
            "TV_p": 0.0,
            "AUP_p": 0.0
        },
        {
            "D": "200301",
            "TV": 0.0,
            "AUP": 2775.0,
            "TV_p": 0.0,
            "AUP_p": 0.0
        },
        {
            "D": "200302",
            "TV": 0.0,
            "AUP": 2775.0,
            "TV_p": 0.0,
            "AUP_p": 0.0
        },
        {
            "D": "200303",
            "TV": 0.0,
            "AUP": 2775.0,
            "TV_p": 0.0,
            "AUP_p": 0.0
        },
        {
            "D": "200304",
            "TV": 0.0,
            "AUP": 2775.0,
            "TV_p": 0.0,
            "AUP_p": 0.0
        },
        {
            "D": "200305",
            "TV": 0.0,
            "AUP": 2775.0,
            "TV_p": 0.0,
            "AUP_p": 0.0
        },
        {
            "D": "200306",
            "TV": 0.0,
            "AUP": 2775.0,
            "TV_p": 0.0,
            "AUP_p": 0.0
        },
        {
            "D": "200307",
            "TV": 1.0,
            "AUP": 2289.0,
            "TV_p": 0.0,
            "AUP_p": -17.513513513513512
        },
        {
            "D": "200308",
            "TV": 0.0,
            "AUP": 2289.0,
            "TV_p": 0.0,
            "AUP_p": 0.0
        },
        {
            "D": "200309",
            "TV": 0.0,
            "AUP": 2289.0,
            "TV_p": 0.0,
            "AUP_p": 0.0
        },
        {
            "D": "200310",
            "TV": 1.0,
            "AUP": 2836.0,
            "TV_p": 0.0,
            "AUP_p": 23.896898208824815
        },
        {
            "D": "200311",
            "TV": 0.0,
            "AUP": 2836.0,
            "TV_p": 0.0,
            "AUP_p": 0.0
        },
        {
            "D": "200312",
            "TV": 0.0,
            "AUP": 2836.0,
            "TV_p": 0.0,
            "AUP_p": 0.0
        },
        {
            "D": "200401",
            "TV": 0.0,
            "AUP": 2836.0,
            "TV_p": 0.0,
            "AUP_p": 0.0
        },
        {
            "D": "200402",
            "TV": 0.0,
            "AUP": 2836.0,
            "TV_p": 0.0,
            "AUP_p": 0.0
        },
        {
            "D": "200403",
            "TV": 1.0,
            "AUP": 3323.0,
            "TV_p": 0.0,
            "AUP_p": 17.172073342736248
        },
        {
            "D": "200404",
            "TV": 0.0,
            "AUP": 3323.0,
            "TV_p": 0.0,
            "AUP_p": 0.0
        },
        {
            "D": "200405",
            "TV": 1.0,
            "AUP": 2887.0,
            "TV_p": 0.0,
            "AUP_p": -13.120674089678003
        },
        {
            "D": "200406",
            "TV": 0.0,
            "AUP": 2887.0,
            "TV_p": 0.0,
            "AUP_p": 0.0
        },
        {
            "D": "200407",
            "TV": 0.0,
            "AUP": 2887.0,
            "TV_p": 0.0,
            "AUP_p": 0.0
        },
        {
            "D": "200408",
            "TV": 1.0,
            "AUP": 2629.0,
            "TV_p": 0.0,
            "AUP_p": -8.936612400415656
        },
        {
            "D": "200409",
            "TV": 0.0,
            "AUP": 2629.0,
            "TV_p": 0.0,
            "AUP_p": 0.0
        },
        {
            "D": "200410",
            "TV": 0.0,
            "AUP": 2629.0,
            "TV_p": 0.0,
            "AUP_p": 0.0
        },
        {
            "D": "200411",
            "TV": 0.0,
            "AUP": 2629.0,
            "TV_p": 0.0,
            "AUP_p": 0.0
        },
        {
            "D": "200412",
            "TV": 0.0,
            "AUP": 2629.0,
            "TV_p": 0.0,
            "AUP_p": 0.0
        },
        {
            "D": "200501",
            "TV": 0.0,
            "AUP": 2629.0,
            "TV_p": 0.0,
            "AUP_p": 0.0
        },
        {
            "D": "200502",
            "TV": 0.0,
            "AUP": 2629.0,
            "TV_p": 0.0,
            "AUP_p": 0.0
        },
        {
            "D": "200503",
            "TV": 0.0,
            "AUP": 2629.0,
            "TV_p": 0.0,
            "AUP_p": 0.0
        },
        {
            "D": "200504",
            "TV": 0.0,
            "AUP": 2629.0,
            "TV_p": 0.0,
            "AUP_p": 0.0
        },
        {
            "D": "200505",
            "TV": 1.0,
            "AUP": 4073.0,
            "TV_p": 0.0,
            "AUP_p": 54.925827310764554
        },
        {
            "D": "200506",
            "TV": 0.0,
            "AUP": 4073.0,
            "TV_p": 0.0,
            "AUP_p": 0.0
        },
        {
            "D": "200507",
            "TV": 0.0,
            "AUP": 4073.0,
            "TV_p": 0.0,
            "AUP_p": 0.0
        },
        {
            "D": "200508",
            "TV": 0.0,
            "AUP": 4073.0,
            "TV_p": 0.0,
            "AUP_p": 0.0
        },
        {
            "D": "200509",
            "TV": 0.0,
            "AUP": 4073.0,
            "TV_p": 0.0,
            "AUP_p": 0.0
        },
        {
            "D": "200510",
            "TV": 0.0,
            "AUP": 4073.0,
            "TV_p": 0.0,
            "AUP_p": 0.0
        },
        {
            "D": "200511",
            "TV": 0.0,
            "AUP": 4073.0,
            "TV_p": 0.0,
            "AUP_p": 0.0
        },
        {
            "D": "200512",
            "TV": 0.0,
            "AUP": 4073.0,
            "TV_p": 0.0,
            "AUP_p": 0.0
        },
        {
            "D": "200601",
            "TV": 0.0,
            "AUP": 4073.0,
            "TV_p": 0.0,
            "AUP_p": 0.0
        },
        {
            "D": "200602",
            "TV": 0.0,
            "AUP": 4073.0,
            "TV_p": 0.0,
            "AUP_p": 0.0
        },
        {
            "D": "200603",
            "TV": 0.0,
            "AUP": 4073.0,
            "TV_p": 0.0,
            "AUP_p": 0.0
        },
        {
            "D": "200604",
            "TV": 2.0,
            "AUP": 4279.0,
            "TV_p": 0.0,
            "AUP_p": 5.0576970292167935
        },
        {
            "D": "200605",
            "TV": 1.0,
            "AUP": 3940.0,
            "TV_p": -50.0,
            "AUP_p": -7.92241177845291
        },
        {
            "D": "200606",
            "TV": 0.0,
            "AUP": 3940.0,
            "TV_p": 0.0,
            "AUP_p": 0.0
        },
        {
            "D": "200607",
            "TV": 1.0,
            "AUP": 4331.0,
            "TV_p": 0.0,
            "AUP_p": 9.923857868020304
        },
        {
            "D": "200608",
            "TV": 0.0,
            "AUP": 4331.0,
            "TV_p": 0.0,
            "AUP_p": 0.0
        },
        {
            "D": "200609",
            "TV": 0.0,
            "AUP": 4331.0,
            "TV_p": 0.0,
            "AUP_p": 0.0
        },
        {
            "D": "200610",
            "TV": 0.0,
            "AUP": 4331.0,
            "TV_p": 0.0,
            "AUP_p": 0.0
        },
        {
            "D": "200611",
            "TV": 0.0,
            "AUP": 4331.0,
            "TV_p": 0.0,
            "AUP_p": 0.0
        },
        {
            "D": "200612",
            "TV": 0.0,
            "AUP": 4331.0,
            "TV_p": 0.0,
            "AUP_p": 0.0
        },
        {
            "D": "200701",
            "TV": 0.0,
            "AUP": 4331.0,
            "TV_p": 0.0,
            "AUP_p": 0.0
        },
        {
            "D": "200702",
            "TV": 1.0,
            "AUP": 4782.0,
            "TV_p": 0.0,
            "AUP_p": 10.413299468944816
        },
        {
            "D": "200703",
            "TV": 1.0,
            "AUP": 4202.0,
            "TV_p": 0.0,
            "AUP_p": -12.128816394813885
        },
        {
            "D": "200704",
            "TV": 0.0,
            "AUP": 4202.0,
            "TV_p": 0.0,
            "AUP_p": 0.0
        },
        {
            "D": "200705",
            "TV": 0.0,
            "AUP": 4202.0,
            "TV_p": 0.0,
            "AUP_p": 0.0
        },
        {
            "D": "200706",
            "TV": 0.0,
            "AUP": 4202.0,
            "TV_p": 0.0,
            "AUP_p": 0.0
        },
        {
            "D": "200707",
            "TV": 0.0,
            "AUP": 4202.0,
            "TV_p": 0.0,
            "AUP_p": 0.0
        },
        {
            "D": "200708",
            "TV": 1.0,
            "AUP": 4640.0,
            "TV_p": 0.0,
            "AUP_p": 10.423607805806759
        },
        {
            "D": "200709",
            "TV": 1.0,
            "AUP": 5167.0,
            "TV_p": 0.0,
            "AUP_p": 11.357758620689655
        },
        {
            "D": "200710",
            "TV": 0.0,
            "AUP": 5167.0,
            "TV_p": 0.0,
            "AUP_p": 0.0
        },
        {
            "D": "200711",
            "TV": 0.0,
            "AUP": 5167.0,
            "TV_p": 0.0,
            "AUP_p": 0.0
        },
        {
            "D": "200712",
            "TV": 0.0,
            "AUP": 5167.0,
            "TV_p": 0.0,
            "AUP_p": 0.0
        },
        {
            "D": "200801",
            "TV": 0.0,
            "AUP": 5167.0,
            "TV_p": 0.0,
            "AUP_p": 0.0
        },
        {
            "D": "200802",
            "TV": 0.0,
            "AUP": 5167.0,
            "TV_p": 0.0,
            "AUP_p": 0.0
        },
        {
            "D": "200803",
            "TV": 0.0,
            "AUP": 5167.0,
            "TV_p": 0.0,
            "AUP_p": 0.0
        },
        {
            "D": "200804",
            "TV": 1.0,
            "AUP": 6578.0,
            "TV_p": 0.0,
            "AUP_p": 27.307915618347206
        },
        {
            "D": "200805",
            "TV": 0.0,
            "AUP": 6578.0,
            "TV_p": 0.0,
            "AUP_p": 0.0
        },
        {
            "D": "200806",
            "TV": 0.0,
            "AUP": 6578.0,
            "TV_p": 0.0,
            "AUP_p": 0.0
        },
        {
            "D": "200807",
            "TV": 1.0,
            "AUP": 2062.0,
            "TV_p": 0.0,
            "AUP_p": -68.65308604439039
        },
        {
            "D": "200808",
            "TV": 0.0,
            "AUP": 2062.0,
            "TV_p": 0.0,
            "AUP_p": 0.0
        },
        {
            "D": "200809",
            "TV": 0.0,
            "AUP": 2062.0,
            "TV_p": 0.0,
            "AUP_p": 0.0
        },
        {
            "D": "200810",
            "TV": 0.0,
            "AUP": 2062.0,
            "TV_p": 0.0,
            "AUP_p": 0.0
        },
        {
            "D": "200811",
            "TV": 0.0,
            "AUP": 2062.0,
            "TV_p": 0.0,
            "AUP_p": 0.0
        },
        {
            "D": "200812",
            "TV": 1.0,
            "AUP": 5052.0,
            "TV_p": 0.0,
            "AUP_p": 145.00484966052375
        },
        {
            "D": "200901",
            "TV": 0.0,
            "AUP": 5052.0,
            "TV_p": 0.0,
            "AUP_p": 0.0
        },
        {
            "D": "200902",
            "TV": 0.0,
            "AUP": 5052.0,
            "TV_p": 0.0,
            "AUP_p": 0.0
        },
        {
            "D": "200903",
            "TV": 0.0,
            "AUP": 5052.0,
            "TV_p": 0.0,
            "AUP_p": 0.0
        },
        {
            "D": "200904",
            "TV": 0.0,
            "AUP": 5052.0,
            "TV_p": 0.0,
            "AUP_p": 0.0
        },
        {
            "D": "200905",
            "TV": 0.0,
            "AUP": 5052.0,
            "TV_p": 0.0,
            "AUP_p": 0.0
        },
        {
            "D": "200906",
            "TV": 0.0,
            "AUP": 5052.0,
            "TV_p": 0.0,
            "AUP_p": 0.0
        },
        {
            "D": "200907",
            "TV": 1.0,
            "AUP": 4949.0,
            "TV_p": 0.0,
            "AUP_p": -2.0387965162311956
        },
        {
            "D": "200908",
            "TV": 0.0,
            "AUP": 4949.0,
            "TV_p": 0.0,
            "AUP_p": 0.0
        },
        {
            "D": "200909",
            "TV": 0.0,
            "AUP": 4949.0,
            "TV_p": 0.0,
            "AUP_p": 0.0
        },
        {
            "D": "200910",
            "TV": 0.0,
            "AUP": 4949.0,
            "TV_p": 0.0,
            "AUP_p": 0.0
        },
        {
            "D": "200911",
            "TV": 0.0,
            "AUP": 4949.0,
            "TV_p": 0.0,
            "AUP_p": 0.0
        },
        {
            "D": "200912",
            "TV": 2.0,
            "AUP": 6432.0,
            "TV_p": 0.0,
            "AUP_p": 29.96564962618711
        },
        {
            "D": "201001",
            "TV": 0.0,
            "AUP": 6432.0,
            "TV_p": 0.0,
            "AUP_p": 0.0
        },
        {
            "D": "201002",
            "TV": 1.0,
            "AUP": 6682.0,
            "TV_p": 0.0,
            "AUP_p": 3.8868159203980097
        },
        {
            "D": "201003",
            "TV": 1.0,
            "AUP": 7280.0,
            "TV_p": 0.0,
            "AUP_p": 8.949416342412452
        },
        {
            "D": "201004",
            "TV": 1.0,
            "AUP": 6527.0,
            "TV_p": 0.0,
            "AUP_p": -10.343406593406593
        },
        {
            "D": "201005",
            "TV": 1.0,
            "AUP": 7682.0,
            "TV_p": 0.0,
            "AUP_p": 17.695725448138504
        },
        {
            "D": "201006",
            "TV": 0.0,
            "AUP": 7682.0,
            "TV_p": 0.0,
            "AUP_p": 0.0
        },
        {
            "D": "201007",
            "TV": 3.0,
            "AUP": 7539.667,
            "TV_p": 0.0,
            "AUP_p": -1.852816115594896
        },
        {
            "D": "201008",
            "TV": 0.0,
            "AUP": 7539.667,
            "TV_p": 0.0,
            "AUP_p": 0.0
        },
        {
            "D": "201009",
            "TV": 1.0,
            "AUP": 7403.0,
            "TV_p": 0.0,
            "AUP_p": -1.812635386340037
        },
        {
            "D": "201010",
            "TV": 0.0,
            "AUP": 7403.0,
            "TV_p": 0.0,
            "AUP_p": 0.0
        },
        {
            "D": "201011",
            "TV": 0.0,
            "AUP": 7403.0,
            "TV_p": 0.0,
            "AUP_p": 0.0
        },
        {
            "D": "201012",
            "TV": 0.0,
            "AUP": 7403.0,
            "TV_p": 0.0,
            "AUP_p": 0.0
        },
        {
            "D": "201101",
            "TV": 1.0,
            "AUP": 7610.0,
            "TV_p": 0.0,
            "AUP_p": 2.79616371741186
        },
        {
            "D": "201102",
            "TV": 0.0,
            "AUP": 7610.0,
            "TV_p": 0.0,
            "AUP_p": 0.0
        },
        {
            "D": "201103",
            "TV": 1.0,
            "AUP": 8146.0,
            "TV_p": 0.0,
            "AUP_p": 7.043363994743758
        },
        {
            "D": "201104",
            "TV": 1.0,
            "AUP": 8992.0,
            "TV_p": 0.0,
            "AUP_p": 10.385465259022833
        },
        {
            "D": "201105",
            "TV": 0.0,
            "AUP": 8992.0,
            "TV_p": 0.0,
            "AUP_p": 0.0
        },
        {
            "D": "201106",
            "TV": 0.0,
            "AUP": 8992.0,
            "TV_p": 0.0,
            "AUP_p": 0.0
        },
        {
            "D": "201107",
            "TV": 1.0,
            "AUP": 9528.0,
            "TV_p": 0.0,
            "AUP_p": 5.960854092526691
        },
        {
            "D": "201108",
            "TV": 0.0,
            "AUP": 9528.0,
            "TV_p": 0.0,
            "AUP_p": 0.0
        },
        {
            "D": "201109",
            "TV": 1.0,
            "AUP": 9125.0,
            "TV_p": 0.0,
            "AUP_p": -4.229638958858102
        },
        {
            "D": "201110",
            "TV": 0.0,
            "AUP": 9125.0,
            "TV_p": 0.0,
            "AUP_p": 0.0
        },
        {
            "D": "201111",
            "TV": 0.0,
            "AUP": 9125.0,
            "TV_p": 0.0,
            "AUP_p": 0.0
        },
        {
            "D": "201112",
            "TV": 0.0,
            "AUP": 9125.0,
            "TV_p": 0.0,
            "AUP_p": 0.0
        },
        {
            "D": "201201",
            "TV": 1.0,
            "AUP": 9414.0,
            "TV_p": 0.0,
            "AUP_p": 3.1671232876712327
        },
        {
            "D": "201202",
            "TV": 0.0,
            "AUP": 9414.0,
            "TV_p": 0.0,
            "AUP_p": 0.0
        },
        {
            "D": "201203",
            "TV": 0.0,
            "AUP": 9414.0,
            "TV_p": 0.0,
            "AUP_p": 0.0
        },
        {
            "D": "201204",
            "TV": 0.0,
            "AUP": 9414.0,
            "TV_p": 0.0,
            "AUP_p": 0.0
        },
        {
            "D": "201205",
            "TV": 0.0,
            "AUP": 9414.0,
            "TV_p": 0.0,
            "AUP_p": 0.0
        },
        {
            "D": "201206",
            "TV": 0.0,
            "AUP": 9414.0,
            "TV_p": 0.0,
            "AUP_p": 0.0
        },
        {
            "D": "201207",
            "TV": 0.0,
            "AUP": 9414.0,
            "TV_p": 0.0,
            "AUP_p": 0.0
        },
        {
            "D": "201208",
            "TV": 1.0,
            "AUP": 10338.0,
            "TV_p": 0.0,
            "AUP_p": 9.81516889738687
        },
        {
            "D": "201209",
            "TV": 1.0,
            "AUP": 9074.0,
            "TV_p": 0.0,
            "AUP_p": -12.226736312633005
        },
        {
            "D": "201210",
            "TV": 0.0,
            "AUP": 9074.0,
            "TV_p": 0.0,
            "AUP_p": 0.0
        },
        {
            "D": "201211",
            "TV": 0.0,
            "AUP": 9074.0,
            "TV_p": 0.0,
            "AUP_p": 0.0
        },
        {
            "D": "201212",
            "TV": 1.0,
            "AUP": 10002.0,
            "TV_p": 0.0,
            "AUP_p": 10.227022261406216
        },
        {
            "D": "201301",
            "TV": 0.0,
            "AUP": 10002.0,
            "TV_p": 0.0,
            "AUP_p": 0.0
        },
        {
            "D": "201302",
            "TV": 1.0,
            "AUP": 9331.0,
            "TV_p": 0.0,
            "AUP_p": -6.708658268346331
        },
        {
            "D": "201303",
            "TV": 0.0,
            "AUP": 9331.0,
            "TV_p": 0.0,
            "AUP_p": 0.0
        },
        {
            "D": "201304",
            "TV": 0.0,
            "AUP": 9331.0,
            "TV_p": 0.0,
            "AUP_p": 0.0
        },
        {
            "D": "201305",
            "TV": 0.0,
            "AUP": 9331.0,
            "TV_p": 0.0,
            "AUP_p": 0.0
        },
        {
            "D": "201306",
            "TV": 1.0,
            "AUP": 10527.0,
            "TV_p": 0.0,
            "AUP_p": 12.817490086807414
        },
        {
            "D": "201307",
            "TV": 0.0,
            "AUP": 10527.0,
            "TV_p": 0.0,
            "AUP_p": 0.0
        },
        {
            "D": "201308",
            "TV": 0.0,
            "AUP": 10527.0,
            "TV_p": 0.0,
            "AUP_p": 0.0
        },
        {
            "D": "201309",
            "TV": 0.0,
            "AUP": 10527.0,
            "TV_p": 0.0,
            "AUP_p": 0.0
        },
        {
            "D": "201310",
            "TV": 0.0,
            "AUP": 10527.0,
            "TV_p": 0.0,
            "AUP_p": 0.0
        },
        {
            "D": "201311",
            "TV": 0.0,
            "AUP": 10527.0,
            "TV_p": 0.0,
            "AUP_p": 0.0
        },
        {
            "D": "201312",
            "TV": 0.0,
            "AUP": 10527.0,
            "TV_p": 0.0,
            "AUP_p": 0.0
        },
        {
            "D": "201401",
            "TV": 0.0,
            "AUP": 10527.0,
            "TV_p": 0.0,
            "AUP_p": 0.0
        },
        {
            "D": "201402",
            "TV": 0.0,
            "AUP": 10527.0,
            "TV_p": 0.0,
            "AUP_p": 0.0
        },
        {
            "D": "201403",
            "TV": 0.0,
            "AUP": 10527.0,
            "TV_p": 0.0,
            "AUP_p": 0.0
        },
        {
            "D": "201404",
            "TV": 0.0,
            "AUP": 10527.0,
            "TV_p": 0.0,
            "AUP_p": 0.0
        },
        {
            "D": "201405",
            "TV": 0.0,
            "AUP": 10527.0,
            "TV_p": 0.0,
            "AUP_p": 0.0
        },
        {
            "D": "201406",
            "TV": 0.0,
            "AUP": 10527.0,
            "TV_p": 0.0,
            "AUP_p": 0.0
        },
        {
            "D": "201407",
            "TV": 0.0,
            "AUP": 10527.0,
            "TV_p": 0.0,
            "AUP_p": 0.0
        },
        {
            "D": "201408",
            "TV": 0.0,
            "AUP": 10527.0,
            "TV_p": 0.0,
            "AUP_p": 0.0
        },
        {
            "D": "201409",
            "TV": 0.0,
            "AUP": 10527.0,
            "TV_p": 0.0,
            "AUP_p": 0.0
        },
        {
            "D": "201410",
            "TV": 0.0,
            "AUP": 10527.0,
            "TV_p": 0.0,
            "AUP_p": 0.0
        },
        {
            "D": "201411",
            "TV": 0.0,
            "AUP": 10527.0,
            "TV_p": 0.0,
            "AUP_p": 0.0
        },
        {
            "D": "201412",
            "TV": 0.0,
            "AUP": 10527.0,
            "TV_p": 0.0,
            "AUP_p": 0.0
        },
        {
            "D": "201501",
            "TV": 0.0,
            "AUP": 10527.0,
            "TV_p": 0.0,
            "AUP_p": 0.0
        },
        {
            "D": "201502",
            "TV": 1.0,
            "AUP": 10541.0,
            "TV_p": 0.0,
            "AUP_p": 0.13299135556188849
        },
        {
            "D": "201503",
            "TV": 0.0,
            "AUP": 10541.0,
            "TV_p": 0.0,
            "AUP_p": 0.0
        },
        {
            "D": "201504",
            "TV": 1.0,
            "AUP": 11342.0,
            "TV_p": 0.0,
            "AUP_p": 7.598899535148468
        },
        {
            "D": "201505",
            "TV": 0.0,
            "AUP": 11342.0,
            "TV_p": 0.0,
            "AUP_p": 0.0
        },
        {
            "D": "201506",
            "TV": 0.0,
            "AUP": 11342.0,
            "TV_p": 0.0,
            "AUP_p": 0.0
        },
        {
            "D": "201507",
            "TV": 0.0,
            "AUP": 11342.0,
            "TV_p": 0.0,
            "AUP_p": 0.0
        },
        {
            "D": "201508",
            "TV": 1.0,
            "AUP": 12268.0,
            "TV_p": 0.0,
            "AUP_p": 8.164344912713807
        },
        {
            "D": "201509",
            "TV": 0.0,
            "AUP": 12268.0,
            "TV_p": 0.0,
            "AUP_p": 0.0
        },
        {
            "D": "201510",
            "TV": 0.0,
            "AUP": 12268.0,
            "TV_p": 0.0,
            "AUP_p": 0.0
        },
        {
            "D": "201511",
            "TV": 0.0,
            "AUP": 12268.0,
            "TV_p": 0.0,
            "AUP_p": 0.0
        },
        {
            "D": "201512",
            "TV": 0.0,
            "AUP": 12268.0,
            "TV_p": 0.0,
            "AUP_p": 0.0
        },
        {
            "D": "201601",
            "TV": 0.0,
            "AUP": 12268.0,
            "TV_p": 0.0,
            "AUP_p": 0.0
        },
        {
            "D": "201602",
            "TV": 0.0,
            "AUP": 12268.0,
            "TV_p": 0.0,
            "AUP_p": 0.0
        },
        {
            "D": "201603",
            "TV": 0.0,
            "AUP": 12268.0,
            "TV_p": 0.0,
            "AUP_p": 0.0
        },
        {
            "D": "201604",
            "TV": 0.0,
            "AUP": 12268.0,
            "TV_p": 0.0,
            "AUP_p": 0.0
        },
        {
            "D": "201605",
            "TV": 0.0,
            "AUP": 12268.0,
            "TV_p": 0.0,
            "AUP_p": 0.0
        },
        {
            "D": "201606",
            "TV": 1.0,
            "AUP": 10719.0,
            "TV_p": 0.0,
            "AUP_p": -12.626344962504078
        },
        {
            "D": "201607",
            "TV": 0.0,
            "AUP": 10719.0,
            "TV_p": 0.0,
            "AUP_p": 0.0
        },
        {
            "D": "201608",
            "TV": 1.0,
            "AUP": 11342.0,
            "TV_p": 0.0,
            "AUP_p": 5.812109338557701
        },
        {
            "D": "201609",
            "TV": 0.0,
            "AUP": 11342.0,
            "TV_p": 0.0,
            "AUP_p": 0.0
        },
        {
            "D": "201610",
            "TV": 0.0,
            "AUP": 11342.0,
            "TV_p": 0.0,
            "AUP_p": 0.0
        },
        {
            "D": "201611",
            "TV": 1.0,
            "AUP": 12167.0,
            "TV_p": 0.0,
            "AUP_p": 7.27384940927526
        },
        {
            "D": "201612",
            "TV": 0.0,
            "AUP": 12167.0,
            "TV_p": 0.0,
            "AUP_p": 0.0
        },
        {
            "D": "201701",
            "TV": 0.0,
            "AUP": 12167.0,
            "TV_p": 0.0,
            "AUP_p": 0.0
        },
        {
            "D": "201702",
            "TV": 1.0,
            "AUP": 12506.0,
            "TV_p": 0.0,
            "AUP_p": 2.78622503493055
        },
        {
            "D": "201703",
            "TV": 0.0,
            "AUP": 12506.0,
            "TV_p": 0.0,
            "AUP_p": 0.0
        },
        {
            "D": "201704",
            "TV": 0.0,
            "AUP": 12506.0,
            "TV_p": 0.0,
            "AUP_p": 0.0
        },
        {
            "D": "201705",
            "TV": 1.0,
            "AUP": 12268.0,
            "TV_p": 0.0,
            "AUP_p": -1.9030865184711336
        },
        {
            "D": "201706",
            "TV": 0.0,
            "AUP": 12268.0,
            "TV_p": 0.0,
            "AUP_p": 0.0
        },
        {
            "D": "201707",
            "TV": 0.0,
            "AUP": 12268.0,
            "TV_p": 0.0,
            "AUP_p": 0.0
        },
        {
            "D": "201708",
            "TV": 0.0,
            "AUP": 12268.0,
            "TV_p": 0.0,
            "AUP_p": 0.0
        },
        {
            "D": "201709",
            "TV": 0.0,
            "AUP": 12268.0,
            "TV_p": 0.0,
            "AUP_p": 0.0
        },
        {
            "D": "201710",
            "TV": 0.0,
            "AUP": 12268.0,
            "TV_p": 0.0,
            "AUP_p": 0.0
        },
        {
            "D": "201711",
            "TV": 0.0,
            "AUP": 12268.0,
            "TV_p": 0.0,
            "AUP_p": 0.0
        },
        {
            "D": "201712",
            "TV": 0.0,
            "AUP": 12268.0,
            "TV_p": 0.0,
            "AUP_p": 0.0
        },
        {
            "D": "201801",
            "TV": 0.0,
            "AUP": 12268.0,
            "TV_p": 0.0,
            "AUP_p": 0.0
        },
        {
            "D": "201802",
            "TV": 0.0,
            "AUP": 12268.0,
            "TV_p": 0.0,
            "AUP_p": 0.0
        },
        {
            "D": "201803",
            "TV": 0.0,
            "AUP": 12268.0,
            "TV_p": 0.0,
            "AUP_p": 0.0
        },
        {
            "D": "201804",
            "TV": 1.0,
            "AUP": 12064.0,
            "TV_p": 0.0,
            "AUP_p": -1.6628627323117053
        },
        {
            "D": "201805",
            "TV": 0.0,
            "AUP": 12064.0,
            "TV_p": 0.0,
            "AUP_p": 0.0
        },
        {
            "D": "201806",
            "TV": 0.0,
            "AUP": 12064.0,
            "TV_p": 0.0,
            "AUP_p": 0.0
        },
        {
            "D": "201807",
            "TV": 1.0,
            "AUP": 13697.0,
            "TV_p": 0.0,
            "AUP_p": 13.536140583554376
        },
        {
            "D": "201808",
            "TV": 0.0,
            "AUP": 13697.0,
            "TV_p": 0.0,
            "AUP_p": 0.0
        },
        {
            "D": "201809",
            "TV": 1.0,
            "AUP": 14126.0,
            "TV_p": 0.0,
            "AUP_p": 3.1320727166532816
        },
        {
            "D": "201810",
            "TV": 0.0,
            "AUP": 14126.0,
            "TV_p": 0.0,
            "AUP_p": 0.0
        },
        {
            "D": "201811",
            "TV": 0.0,
            "AUP": 14126.0,
            "TV_p": 0.0,
            "AUP_p": 0.0
        },
        {
            "D": "201812",
            "TV": 0.0,
            "AUP": 14126.0,
            "TV_p": 0.0,
            "AUP_p": 0.0
        },
        {
            "D": "201901",
            "TV": 0.0,
            "AUP": 14126.0,
            "TV_p": 0.0,
            "AUP_p": 0.0
        },
        {
            "D": "201902",
            "TV": 0.0,
            "AUP": 14126.0,
            "TV_p": 0.0,
            "AUP_p": 0.0
        },
        {
            "D": "201903",
            "TV": 0.0,
            "AUP": 14126.0,
            "TV_p": 0.0,
            "AUP_p": 0.0
        },
        {
            "D": "201904",
            "TV": 0.0,
            "AUP": 14126.0,
            "TV_p": 0.0,
            "AUP_p": 0.0
        },
        {
            "D": "201905",
            "TV": 0.0,
            "AUP": 14126.0,
            "TV_p": 0.0,
            "AUP_p": 0.0
        },
        {
            "D": "201906",
            "TV": 0.0,
            "AUP": 14126.0,
            "TV_p": 0.0,
            "AUP_p": 0.0
        },
        {
            "D": "201907",
            "TV": 0.0,
            "AUP": 14126.0,
            "TV_p": 0.0,
            "AUP_p": 0.0
        },
        {
            "D": "201908",
            "TV": 0.0,
            "AUP": 14126.0,
            "TV_p": 0.0,
            "AUP_p": 0.0
        },
        {
            "D": "201909",
            "TV": 0.0,
            "AUP": 14126.0,
            "TV_p": 0.0,
            "AUP_p": 0.0
        },
        {
            "D": "201910",
            "TV": 0.0,
            "AUP": 14126.0,
            "TV_p": 0.0,
            "AUP_p": 0.0
        },
        {
            "D": "201911",
            "TV": 0.0,
            "AUP": 14126.0,
            "TV_p": 0.0,
            "AUP_p": 0.0
        },
        {
            "D": "201912",
            "TV": 0.0,
            "AUP": 14126.0,
            "TV_p": 0.0,
            "AUP_p": 0.0
        },
        {
            "D": "202001",
            "TV": 0.0,
            "AUP": 14126.0,
            "TV_p": 0.0,
            "AUP_p": 0.0
        },
        {
            "D": "202002",
            "TV": 0.0,
            "AUP": 14126.0,
            "TV_p": 0.0,
            "AUP_p": 0.0
        },
        {
            "D": "202003",
            "TV": 0.0,
            "AUP": 14126.0,
            "TV_p": 0.0,
            "AUP_p": 0.0
        },
        {
            "D": "202004",
            "TV": 1.0,
            "AUP": 14381.0,
            "TV_p": 0.0,
            "AUP_p": 1.80518193402237
        },
        {
            "D": "202005",
            "TV": 0.0,
            "AUP": 14381.0,
            "TV_p": 0.0,
            "AUP_p": 0.0
        },
        {
            "D": "202006",
            "TV": 0.0,
            "AUP": 14381.0,
            "TV_p": 0.0,
            "AUP_p": 0.0
        },
        {
            "D": "202007",
            "TV": 0.0,
            "AUP": 14381.0,
            "TV_p": 0.0,
            "AUP_p": 0.0
        },
        {
            "D": "202008",
            "TV": 0.0,
            "AUP": 14381.0,
            "TV_p": 0.0,
            "AUP_p": 0.0
        },
        {
            "D": "202009",
            "TV": 0.0,
            "AUP": 14381.0,
            "TV_p": 0.0,
            "AUP_p": 0.0
        },
        {
            "D": "202010",
            "TV": 0.0,
            "AUP": 14381.0,
            "TV_p": 0.0,
            "AUP_p": 0.0
        },
        {
            "D": "202011",
            "TV": 0.0,
            "AUP": 14381.0,
            "TV_p": 0.0,
            "AUP_p": 0.0
        },
        {
            "D": "202012",
            "TV": 0.0,
            "AUP": 14381.0,
            "TV_p": 0.0,
            "AUP_p": 0.0
        },
        {
            "D": "202101",
            "TV": 0.0,
            "AUP": 14381.0,
            "TV_p": 0.0,
            "AUP_p": 0.0
        },
        {
            "D": "202102",
            "TV": 1.0,
            "AUP": 13680.0,
            "TV_p": 0.0,
            "AUP_p": -4.874487170572283
        },
        {
            "D": "202103",
            "TV": 0.0,
            "AUP": 13680.0,
            "TV_p": 0.0,
            "AUP_p": 0.0
        },
        {
            "D": "202104",
            "TV": 1.0,
            "AUP": 15060.0,
            "TV_p": 0.0,
            "AUP_p": 10.087719298245613
        },
        {
            "D": "202105",
            "TV": 0.0,
            "AUP": 15060.0,
            "TV_p": 0.0,
            "AUP_p": 0.0
        },
        {
            "D": "202106",
            "TV": 0.0,
            "AUP": 15060.0,
            "TV_p": 0.0,
            "AUP_p": 0.0
        },
        {
            "D": "202107",
            "TV": 1.0,
            "AUP": 15060.0,
            "TV_p": 0.0,
            "AUP_p": 0.0
        },
        {
            "D": "202108",
            "TV": 0.0,
            "AUP": 15060.0,
            "TV_p": 0.0,
            "AUP_p": 0.0
        },
        {
            "D": "202109",
            "TV": 1.0,
            "AUP": 15060.0,
            "TV_p": 0.0,
            "AUP_p": 0.0
        },
        {
            "D": "202110",
            "TV": 0.0,
            "AUP": 15060.0,
            "TV_p": 0.0,
            "AUP_p": 0.0
        },
        {
            "D": "202111",
            "TV": 0.0,
            "AUP": 15060.0,
            "TV_p": 0.0,
            "AUP_p": 0.0
        },
        {
            "D": "202112",
            "TV": 0.0,
            "AUP": 15060.0,
            "TV_p": 0.0,
            "AUP_p": 0.0
        },
        {
            "D": "202201",
            "TV": 1.0,
            "AUP": 15060.0,
            "TV_p": 0.0,
            "AUP_p": 0.0
        },
        {
            "D": "202202",
            "TV": 0.0,
            "AUP": 15060.0,
            "TV_p": 0.0,
            "AUP_p": 0.0
        },
        {
            "D": "202203",
            "TV": 0.0,
            "AUP": 15060.0,
            "TV_p": 0.0,
            "AUP_p": 0.0
        },
        {
            "D": "202204",
            "TV": 0.0,
            "AUP": 15060.0,
            "TV_p": 0.0,
            "AUP_p": 0.0
        },
        {
            "D": "202205",
            "TV": 0.0,
            "AUP": 15060.0,
            "TV_p": 0.0,
            "AUP_p": 0.0
        },
        {
            "D": "202206",
            "TV": 0.0,
            "AUP": 15060.0,
            "TV_p": 0.0,
            "AUP_p": 0.0
        },
        {
            "D": "202207",
            "TV": 0.0,
            "AUP": 15060.0,
            "TV_p": 0.0,
            "AUP_p": 0.0
        },
        {
            "D": "202208",
            "TV": 0.0,
            "AUP": 15060.0,
            "TV_p": 0.0,
            "AUP_p": 0.0
        },
        {
            "D": "202209",
            "TV": 0.0,
            "AUP": 15060.0,
            "TV_p": 0.0,
            "AUP_p": 0.0
        },
        {
            "D": "202210",
            "TV": 0.0,
            "AUP": 15060.0,
            "TV_p": 0.0,
            "AUP_p": 0.0
        },
        {
            "D": "202211",
            "TV": 0.0,
            "AUP": 15060.0,
            "TV_p": 0.0,
            "AUP_p": 0.0
        },
        {
            "D": "202212",
            "TV": 0.0,
            "AUP": 15060.0,
            "TV_p": 0.0,
            "AUP_p": 0.0
        },
        {
            "D": "202301",
            "TV": 0.0,
            "AUP": 15060.0,
            "TV_p": 0.0,
            "AUP_p": 0.0
        },
        {
            "D": "202302",
            "TV": 1.0,
            "AUP": 12500.0,
            "TV_p": 0.0,
            "AUP_p": -16.99867197875166
        },
        {
            "D": "202303",
            "TV": 0.0,
            "AUP": 12500.0,
            "TV_p": 0.0,
            "AUP_p": 0.0
        },
        {
            "D": "202304",
            "TV": 0.0,
            "AUP": 12500.0,
            "TV_p": 0.0,
            "AUP_p": 0.0
        },
        {
            "D": "202305",
            "TV": 0.0,
            "AUP": 12500.0,
            "TV_p": 0.0,
            "AUP_p": 0.0
        },
        {
            "D": "202306",
            "TV": 0.0,
            "AUP": 12500.0,
            "TV_p": 0.0,
            "AUP_p": 0.0
        },
        {
            "D": "202307",
            "TV": 0.0,
            "AUP": 12500.0,
            "TV_p": 0.0,
            "AUP_p": 0.0
        },
        {
            "D": "202308",
            "TV": 0.0,
            "AUP": 12500.0,
            "TV_p": 0.0,
            "AUP_p": 0.0
        },
        {
            "D": "202309",
            "TV": 0.0,
            "AUP": 12500.0,
            "TV_p": 0.0,
            "AUP_p": 0.0
        },
        {
            "D": "202310",
            "TV": 0.0,
            "AUP": 12500.0,
            "TV_p": 0.0,
            "AUP_p": 0.0
        },
        {
            "D": "202311",
            "TV": 0.0,
            "AUP": 12500.0,
            "TV_p": 0.0,
            "AUP_p": 0.0
        },
        {
            "D": "202312",
            "TV": 0.0,
            "AUP": 12500.0,
            "TV_p": 0.0,
            "AUP_p": 0.0
        },
        {
            "D": "202401",
            "TV": 0.0,
            "AUP": 12500.0,
            "TV_p": 0.0,
            "AUP_p": 0.0
        },
        {
            "D": "202402",
            "TV": 0.0,
            "AUP": 12500.0,
            "TV_p": 0.0,
            "AUP_p": 0.0
        },
        {
            "D": "202403",
            "TV": 0.0,
            "AUP": 12500.0,
            "TV_p": 0.0,
            "AUP_p": 0.0
        },
        {
            "D": "202404",
            "TV": 0.0,
            "AUP": 12500.0,
            "TV_p": 0.0,
            "AUP_p": 0.0
        },
        {
            "D": "202405",
            "TV": 0.0,
            "AUP": 12500.0,
            "TV_p": 0.0,
            "AUP_p": 0.0
        },
        {
            "D": "202406",
            "TV": 1.0,
            "AUP": 12500.0,
            "TV_p": 0.0,
            "AUP_p": 0.0
        },
        {
            "D": "202407",
            "TV": 0.0,
            "AUP": 12500.0,
            "TV_p": 0.0,
            "AUP_p": 0.0
        }
    ],
    "MinDate": "199601",
    "MaxDate": "202407"
}