{
    "List": [
        {
            "D": "199601",
            "TV": 1.0,
            "AUP": 2177.0,
            "TV_p": -50.0,
            "AUP_p": 21.858382311782815
        },
        {
            "D": "199602",
            "TV": 1.0,
            "AUP": 1947.0,
            "TV_p": 0.0,
            "AUP_p": -10.564997703261367
        },
        {
            "D": "199603",
            "TV": 0.0,
            "AUP": 1947.0,
            "TV_p": 0.0,
            "AUP_p": 0.0
        },
        {
            "D": "199604",
            "TV": 1.0,
            "AUP": 2709.0,
            "TV_p": 0.0,
            "AUP_p": 39.13713405238829
        },
        {
            "D": "199605",
            "TV": 2.0,
            "AUP": 2107.0,
            "TV_p": 100.0,
            "AUP_p": -22.22222222222222
        },
        {
            "D": "199606",
            "TV": 0.0,
            "AUP": 2107.0,
            "TV_p": 0.0,
            "AUP_p": 0.0
        },
        {
            "D": "199607",
            "TV": 1.0,
            "AUP": 2317.0,
            "TV_p": 0.0,
            "AUP_p": 9.966777408637874
        },
        {
            "D": "199608",
            "TV": 0.0,
            "AUP": 2317.0,
            "TV_p": 0.0,
            "AUP_p": 0.0
        },
        {
            "D": "199609",
            "TV": 2.0,
            "AUP": 2444.5,
            "TV_p": 0.0,
            "AUP_p": 5.502805351747949
        },
        {
            "D": "199610",
            "TV": 1.0,
            "AUP": 2319.0,
            "TV_p": -50.0,
            "AUP_p": -5.133974227858458
        },
        {
            "D": "199611",
            "TV": 1.0,
            "AUP": 2680.0,
            "TV_p": 0.0,
            "AUP_p": 15.567054764984908
        },
        {
            "D": "199612",
            "TV": 3.0,
            "AUP": 1875.333,
            "TV_p": 200.0,
            "AUP_p": -30.024875634328357
        },
        {
            "D": "199701",
            "TV": 5.0,
            "AUP": 2400.4,
            "TV_p": 66.66666666666666,
            "AUP_p": 27.9985780533236
        },
        {
            "D": "199702",
            "TV": 0.0,
            "AUP": 2400.4,
            "TV_p": 0.0,
            "AUP_p": 0.0
        },
        {
            "D": "199703",
            "TV": 1.0,
            "AUP": 2697.0,
            "TV_p": 0.0,
            "AUP_p": 12.356273954340939
        },
        {
            "D": "199704",
            "TV": 5.0,
            "AUP": 2545.4,
            "TV_p": 400.0,
            "AUP_p": -5.6210604375231705
        },
        {
            "D": "199705",
            "TV": 6.0,
            "AUP": 2863.0,
            "TV_p": 20.0,
            "AUP_p": 12.477410230219215
        },
        {
            "D": "199706",
            "TV": 2.0,
            "AUP": 2801.0,
            "TV_p": -66.66666666666666,
            "AUP_p": -2.1655606007684245
        },
        {
            "D": "199707",
            "TV": 3.0,
            "AUP": 3149.0,
            "TV_p": 50.0,
            "AUP_p": 12.424134237772225
        },
        {
            "D": "199708",
            "TV": 0.0,
            "AUP": 3149.0,
            "TV_p": 0.0,
            "AUP_p": 0.0
        },
        {
            "D": "199709",
            "TV": 2.0,
            "AUP": 3029.5,
            "TV_p": 0.0,
            "AUP_p": -3.7948555096856142
        },
        {
            "D": "199710",
            "TV": 2.0,
            "AUP": 3515.0,
            "TV_p": 0.0,
            "AUP_p": 16.025746822908072
        },
        {
            "D": "199711",
            "TV": 3.0,
            "AUP": 3049.333,
            "TV_p": 50.0,
            "AUP_p": -13.24798483641536
        },
        {
            "D": "199712",
            "TV": 1.0,
            "AUP": 3028.0,
            "TV_p": -66.66666666666666,
            "AUP_p": -0.6996064605049866
        },
        {
            "D": "199801",
            "TV": 1.0,
            "AUP": 3100.0,
            "TV_p": 0.0,
            "AUP_p": 2.3778071334214
        },
        {
            "D": "199802",
            "TV": 1.0,
            "AUP": 2668.0,
            "TV_p": 0.0,
            "AUP_p": -13.93548387096774
        },
        {
            "D": "199803",
            "TV": 1.0,
            "AUP": 2176.0,
            "TV_p": 0.0,
            "AUP_p": -18.4407796101949
        },
        {
            "D": "199804",
            "TV": 0.0,
            "AUP": 2176.0,
            "TV_p": 0.0,
            "AUP_p": 0.0
        },
        {
            "D": "199805",
            "TV": 0.0,
            "AUP": 2176.0,
            "TV_p": 0.0,
            "AUP_p": 0.0
        },
        {
            "D": "199806",
            "TV": 0.0,
            "AUP": 2176.0,
            "TV_p": 0.0,
            "AUP_p": 0.0
        },
        {
            "D": "199807",
            "TV": 1.0,
            "AUP": 3054.0,
            "TV_p": 0.0,
            "AUP_p": 40.349264705882355
        },
        {
            "D": "199808",
            "TV": 0.0,
            "AUP": 3054.0,
            "TV_p": 0.0,
            "AUP_p": 0.0
        },
        {
            "D": "199809",
            "TV": 2.0,
            "AUP": 2747.0,
            "TV_p": 0.0,
            "AUP_p": -10.052390307793058
        },
        {
            "D": "199810",
            "TV": 1.0,
            "AUP": 2201.0,
            "TV_p": -50.0,
            "AUP_p": -19.8762286130324
        },
        {
            "D": "199811",
            "TV": 1.0,
            "AUP": 2683.0,
            "TV_p": 0.0,
            "AUP_p": 21.899136756019992
        },
        {
            "D": "199812",
            "TV": 0.0,
            "AUP": 2683.0,
            "TV_p": 0.0,
            "AUP_p": 0.0
        },
        {
            "D": "199901",
            "TV": 0.0,
            "AUP": 2683.0,
            "TV_p": 0.0,
            "AUP_p": 0.0
        },
        {
            "D": "199902",
            "TV": 1.0,
            "AUP": 2584.0,
            "TV_p": 0.0,
            "AUP_p": -3.689899366380917
        },
        {
            "D": "199903",
            "TV": 1.0,
            "AUP": 2505.0,
            "TV_p": 0.0,
            "AUP_p": -3.0572755417956654
        },
        {
            "D": "199904",
            "TV": 0.0,
            "AUP": 2505.0,
            "TV_p": 0.0,
            "AUP_p": 0.0
        },
        {
            "D": "199905",
            "TV": 1.0,
            "AUP": 1893.0,
            "TV_p": 0.0,
            "AUP_p": -24.431137724550897
        },
        {
            "D": "199906",
            "TV": 0.0,
            "AUP": 1893.0,
            "TV_p": 0.0,
            "AUP_p": 0.0
        },
        {
            "D": "199907",
            "TV": 2.0,
            "AUP": 1750.0,
            "TV_p": 0.0,
            "AUP_p": -7.554146856840993
        },
        {
            "D": "199908",
            "TV": 2.0,
            "AUP": 1827.0,
            "TV_p": 0.0,
            "AUP_p": 4.3999999999999995
        },
        {
            "D": "199909",
            "TV": 2.0,
            "AUP": 1896.0,
            "TV_p": 0.0,
            "AUP_p": 3.776683087027915
        },
        {
            "D": "199910",
            "TV": 1.0,
            "AUP": 1796.0,
            "TV_p": -50.0,
            "AUP_p": -5.274261603375527
        },
        {
            "D": "199911",
            "TV": 0.0,
            "AUP": 1796.0,
            "TV_p": 0.0,
            "AUP_p": 0.0
        },
        {
            "D": "199912",
            "TV": 0.0,
            "AUP": 1796.0,
            "TV_p": 0.0,
            "AUP_p": 0.0
        },
        {
            "D": "200001",
            "TV": 0.0,
            "AUP": 1796.0,
            "TV_p": 0.0,
            "AUP_p": 0.0
        },
        {
            "D": "200002",
            "TV": 1.0,
            "AUP": 1826.0,
            "TV_p": 0.0,
            "AUP_p": 1.670378619153675
        },
        {
            "D": "200003",
            "TV": 0.0,
            "AUP": 1826.0,
            "TV_p": 0.0,
            "AUP_p": 0.0
        },
        {
            "D": "200004",
            "TV": 1.0,
            "AUP": 1527.0,
            "TV_p": 0.0,
            "AUP_p": -16.37458926615553
        },
        {
            "D": "200005",
            "TV": 0.0,
            "AUP": 1527.0,
            "TV_p": 0.0,
            "AUP_p": 0.0
        },
        {
            "D": "200006",
            "TV": 1.0,
            "AUP": 1283.0,
            "TV_p": 0.0,
            "AUP_p": -15.979043876882775
        },
        {
            "D": "200007",
            "TV": 1.0,
            "AUP": 1461.0,
            "TV_p": 0.0,
            "AUP_p": 13.87373343725643
        },
        {
            "D": "200008",
            "TV": 2.0,
            "AUP": 1582.5,
            "TV_p": 100.0,
            "AUP_p": 8.316221765913758
        },
        {
            "D": "200009",
            "TV": 1.0,
            "AUP": 1873.0,
            "TV_p": -50.0,
            "AUP_p": 18.357030015797786
        },
        {
            "D": "200010",
            "TV": 1.0,
            "AUP": 1591.0,
            "TV_p": 0.0,
            "AUP_p": -15.056059797116925
        },
        {
            "D": "200011",
            "TV": 0.0,
            "AUP": 1591.0,
            "TV_p": 0.0,
            "AUP_p": 0.0
        },
        {
            "D": "200012",
            "TV": 1.0,
            "AUP": 1536.0,
            "TV_p": 0.0,
            "AUP_p": -3.4569453174104336
        },
        {
            "D": "200101",
            "TV": 1.0,
            "AUP": 2020.0,
            "TV_p": 0.0,
            "AUP_p": 31.510416666666668
        },
        {
            "D": "200102",
            "TV": 0.0,
            "AUP": 2020.0,
            "TV_p": 0.0,
            "AUP_p": 0.0
        },
        {
            "D": "200103",
            "TV": 1.0,
            "AUP": 1461.0,
            "TV_p": 0.0,
            "AUP_p": -27.673267326732677
        },
        {
            "D": "200104",
            "TV": 2.0,
            "AUP": 1310.0,
            "TV_p": 100.0,
            "AUP_p": -10.335386721423683
        },
        {
            "D": "200105",
            "TV": 0.0,
            "AUP": 1310.0,
            "TV_p": 0.0,
            "AUP_p": 0.0
        },
        {
            "D": "200106",
            "TV": 0.0,
            "AUP": 1310.0,
            "TV_p": 0.0,
            "AUP_p": 0.0
        },
        {
            "D": "200107",
            "TV": 0.0,
            "AUP": 1310.0,
            "TV_p": 0.0,
            "AUP_p": 0.0
        },
        {
            "D": "200108",
            "TV": 1.0,
            "AUP": 1301.0,
            "TV_p": 0.0,
            "AUP_p": -0.6870229007633588
        },
        {
            "D": "200109",
            "TV": 0.0,
            "AUP": 1301.0,
            "TV_p": 0.0,
            "AUP_p": 0.0
        },
        {
            "D": "200110",
            "TV": 0.0,
            "AUP": 1301.0,
            "TV_p": 0.0,
            "AUP_p": 0.0
        },
        {
            "D": "200111",
            "TV": 0.0,
            "AUP": 1301.0,
            "TV_p": 0.0,
            "AUP_p": 0.0
        },
        {
            "D": "200112",
            "TV": 0.0,
            "AUP": 1301.0,
            "TV_p": 0.0,
            "AUP_p": 0.0
        },
        {
            "D": "200201",
            "TV": 1.0,
            "AUP": 1360.0,
            "TV_p": 0.0,
            "AUP_p": 4.534973097617217
        },
        {
            "D": "200202",
            "TV": 0.0,
            "AUP": 1360.0,
            "TV_p": 0.0,
            "AUP_p": 0.0
        },
        {
            "D": "200203",
            "TV": 1.0,
            "AUP": 1321.0,
            "TV_p": 0.0,
            "AUP_p": -2.8676470588235294
        },
        {
            "D": "200204",
            "TV": 1.0,
            "AUP": 979.0,
            "TV_p": 0.0,
            "AUP_p": -25.889477668433003
        },
        {
            "D": "200205",
            "TV": 1.0,
            "AUP": 1333.0,
            "TV_p": 0.0,
            "AUP_p": 36.15934627170582
        },
        {
            "D": "200206",
            "TV": 0.0,
            "AUP": 1333.0,
            "TV_p": 0.0,
            "AUP_p": 0.0
        },
        {
            "D": "200207",
            "TV": 1.0,
            "AUP": 1349.0,
            "TV_p": 0.0,
            "AUP_p": 1.2003000750187547
        },
        {
            "D": "200208",
            "TV": 0.0,
            "AUP": 1349.0,
            "TV_p": 0.0,
            "AUP_p": 0.0
        },
        {
            "D": "200209",
            "TV": 0.0,
            "AUP": 1349.0,
            "TV_p": 0.0,
            "AUP_p": 0.0
        },
        {
            "D": "200210",
            "TV": 1.0,
            "AUP": 1274.0,
            "TV_p": 0.0,
            "AUP_p": -5.559673832468495
        },
        {
            "D": "200211",
            "TV": 0.0,
            "AUP": 1274.0,
            "TV_p": 0.0,
            "AUP_p": 0.0
        },
        {
            "D": "200212",
            "TV": 0.0,
            "AUP": 1274.0,
            "TV_p": 0.0,
            "AUP_p": 0.0
        },
        {
            "D": "200301",
            "TV": 0.0,
            "AUP": 1274.0,
            "TV_p": 0.0,
            "AUP_p": 0.0
        },
        {
            "D": "200302",
            "TV": 0.0,
            "AUP": 1274.0,
            "TV_p": 0.0,
            "AUP_p": 0.0
        },
        {
            "D": "200303",
            "TV": 0.0,
            "AUP": 1274.0,
            "TV_p": 0.0,
            "AUP_p": 0.0
        },
        {
            "D": "200304",
            "TV": 0.0,
            "AUP": 1274.0,
            "TV_p": 0.0,
            "AUP_p": 0.0
        },
        {
            "D": "200305",
            "TV": 0.0,
            "AUP": 1274.0,
            "TV_p": 0.0,
            "AUP_p": 0.0
        },
        {
            "D": "200306",
            "TV": 0.0,
            "AUP": 1274.0,
            "TV_p": 0.0,
            "AUP_p": 0.0
        },
        {
            "D": "200307",
            "TV": 1.0,
            "AUP": 890.0,
            "TV_p": 0.0,
            "AUP_p": -30.141287284144425
        },
        {
            "D": "200308",
            "TV": 0.0,
            "AUP": 890.0,
            "TV_p": 0.0,
            "AUP_p": 0.0
        },
        {
            "D": "200309",
            "TV": 0.0,
            "AUP": 890.0,
            "TV_p": 0.0,
            "AUP_p": 0.0
        },
        {
            "D": "200310",
            "TV": 1.0,
            "AUP": 1108.0,
            "TV_p": 0.0,
            "AUP_p": 24.49438202247191
        },
        {
            "D": "200311",
            "TV": 0.0,
            "AUP": 1108.0,
            "TV_p": 0.0,
            "AUP_p": 0.0
        },
        {
            "D": "200312",
            "TV": 0.0,
            "AUP": 1108.0,
            "TV_p": 0.0,
            "AUP_p": 0.0
        },
        {
            "D": "200401",
            "TV": 1.0,
            "AUP": 1335.0,
            "TV_p": 0.0,
            "AUP_p": 20.487364620938628
        },
        {
            "D": "200402",
            "TV": 0.0,
            "AUP": 1335.0,
            "TV_p": 0.0,
            "AUP_p": 0.0
        },
        {
            "D": "200403",
            "TV": 0.0,
            "AUP": 1335.0,
            "TV_p": 0.0,
            "AUP_p": 0.0
        },
        {
            "D": "200404",
            "TV": 0.0,
            "AUP": 1335.0,
            "TV_p": 0.0,
            "AUP_p": 0.0
        },
        {
            "D": "200405",
            "TV": 1.0,
            "AUP": 1483.0,
            "TV_p": 0.0,
            "AUP_p": 11.086142322097379
        },
        {
            "D": "200406",
            "TV": 3.0,
            "AUP": 1371.0,
            "TV_p": 200.0,
            "AUP_p": -7.552258934592043
        },
        {
            "D": "200407",
            "TV": 0.0,
            "AUP": 1371.0,
            "TV_p": 0.0,
            "AUP_p": 0.0
        },
        {
            "D": "200408",
            "TV": 1.0,
            "AUP": 1501.0,
            "TV_p": 0.0,
            "AUP_p": 9.482129832239242
        },
        {
            "D": "200409",
            "TV": 0.0,
            "AUP": 1501.0,
            "TV_p": 0.0,
            "AUP_p": 0.0
        },
        {
            "D": "200410",
            "TV": 2.0,
            "AUP": 1518.5,
            "TV_p": 0.0,
            "AUP_p": 1.1658894070619585
        },
        {
            "D": "200411",
            "TV": 0.0,
            "AUP": 1518.5,
            "TV_p": 0.0,
            "AUP_p": 0.0
        },
        {
            "D": "200412",
            "TV": 1.0,
            "AUP": 1395.0,
            "TV_p": 0.0,
            "AUP_p": -8.133026012512348
        },
        {
            "D": "200501",
            "TV": 2.0,
            "AUP": 1201.5,
            "TV_p": 100.0,
            "AUP_p": -13.870967741935484
        },
        {
            "D": "200502",
            "TV": 1.0,
            "AUP": 1611.0,
            "TV_p": -50.0,
            "AUP_p": 34.08239700374532
        },
        {
            "D": "200503",
            "TV": 1.0,
            "AUP": 1689.0,
            "TV_p": 0.0,
            "AUP_p": 4.8417132216014895
        },
        {
            "D": "200504",
            "TV": 3.0,
            "AUP": 1384.333,
            "TV_p": 200.0,
            "AUP_p": -18.038286974541144
        },
        {
            "D": "200505",
            "TV": 0.0,
            "AUP": 1384.333,
            "TV_p": 0.0,
            "AUP_p": 0.0
        },
        {
            "D": "200506",
            "TV": 0.0,
            "AUP": 1384.333,
            "TV_p": 0.0,
            "AUP_p": 0.0
        },
        {
            "D": "200507",
            "TV": 2.0,
            "AUP": 1248.0,
            "TV_p": 0.0,
            "AUP_p": -9.848302410269278
        },
        {
            "D": "200508",
            "TV": 3.0,
            "AUP": 1536.333,
            "TV_p": 50.0,
            "AUP_p": 23.10363245192308
        },
        {
            "D": "200509",
            "TV": 1.0,
            "AUP": 1367.0,
            "TV_p": -66.66666666666666,
            "AUP_p": -11.021913627906688
        },
        {
            "D": "200510",
            "TV": 1.0,
            "AUP": 1519.0,
            "TV_p": 0.0,
            "AUP_p": 11.119239209948793
        },
        {
            "D": "200511",
            "TV": 3.0,
            "AUP": 1723.0,
            "TV_p": 200.0,
            "AUP_p": 13.429888084265965
        },
        {
            "D": "200512",
            "TV": 1.0,
            "AUP": 1742.0,
            "TV_p": -66.66666666666666,
            "AUP_p": 1.1027278003482297
        },
        {
            "D": "200601",
            "TV": 2.0,
            "AUP": 1561.5,
            "TV_p": 100.0,
            "AUP_p": -10.361653272101034
        },
        {
            "D": "200602",
            "TV": 0.0,
            "AUP": 1561.5,
            "TV_p": 0.0,
            "AUP_p": 0.0
        },
        {
            "D": "200603",
            "TV": 1.0,
            "AUP": 1686.0,
            "TV_p": 0.0,
            "AUP_p": 7.973102785782901
        },
        {
            "D": "200604",
            "TV": 0.0,
            "AUP": 1686.0,
            "TV_p": 0.0,
            "AUP_p": 0.0
        },
        {
            "D": "200605",
            "TV": 0.0,
            "AUP": 1686.0,
            "TV_p": 0.0,
            "AUP_p": 0.0
        },
        {
            "D": "200606",
            "TV": 4.0,
            "AUP": 1822.25,
            "TV_p": 0.0,
            "AUP_p": 8.081257413997628
        },
        {
            "D": "200607",
            "TV": 2.0,
            "AUP": 1639.0,
            "TV_p": -50.0,
            "AUP_p": -10.056249142543559
        },
        {
            "D": "200608",
            "TV": 1.0,
            "AUP": 1679.0,
            "TV_p": -50.0,
            "AUP_p": 2.4405125076266017
        },
        {
            "D": "200609",
            "TV": 0.0,
            "AUP": 1679.0,
            "TV_p": 0.0,
            "AUP_p": 0.0
        },
        {
            "D": "200610",
            "TV": 0.0,
            "AUP": 1679.0,
            "TV_p": 0.0,
            "AUP_p": 0.0
        },
        {
            "D": "200611",
            "TV": 1.0,
            "AUP": 1784.0,
            "TV_p": 0.0,
            "AUP_p": 6.253722453841572
        },
        {
            "D": "200612",
            "TV": 1.0,
            "AUP": 1594.0,
            "TV_p": 0.0,
            "AUP_p": -10.650224215246636
        },
        {
            "D": "200701",
            "TV": 1.0,
            "AUP": 1513.0,
            "TV_p": 0.0,
            "AUP_p": -5.081555834378921
        },
        {
            "D": "200702",
            "TV": 2.0,
            "AUP": 1761.0,
            "TV_p": 100.0,
            "AUP_p": 16.39127561136814
        },
        {
            "D": "200703",
            "TV": 0.0,
            "AUP": 1761.0,
            "TV_p": 0.0,
            "AUP_p": 0.0
        },
        {
            "D": "200704",
            "TV": 0.0,
            "AUP": 1761.0,
            "TV_p": 0.0,
            "AUP_p": 0.0
        },
        {
            "D": "200705",
            "TV": 2.0,
            "AUP": 1965.0,
            "TV_p": 0.0,
            "AUP_p": 11.584327086882453
        },
        {
            "D": "200706",
            "TV": 0.0,
            "AUP": 1965.0,
            "TV_p": 0.0,
            "AUP_p": 0.0
        },
        {
            "D": "200707",
            "TV": 2.0,
            "AUP": 1842.5,
            "TV_p": 0.0,
            "AUP_p": -6.23409669211196
        },
        {
            "D": "200708",
            "TV": 0.0,
            "AUP": 1842.5,
            "TV_p": 0.0,
            "AUP_p": 0.0
        },
        {
            "D": "200709",
            "TV": 1.0,
            "AUP": 2126.0,
            "TV_p": 0.0,
            "AUP_p": 15.386702849389417
        },
        {
            "D": "200710",
            "TV": 4.0,
            "AUP": 2231.25,
            "TV_p": 300.0,
            "AUP_p": 4.950611476952023
        },
        {
            "D": "200711",
            "TV": 0.0,
            "AUP": 2231.25,
            "TV_p": 0.0,
            "AUP_p": 0.0
        },
        {
            "D": "200712",
            "TV": 2.0,
            "AUP": 2149.5,
            "TV_p": 0.0,
            "AUP_p": -3.6638655462184873
        },
        {
            "D": "200801",
            "TV": 1.0,
            "AUP": 2772.0,
            "TV_p": -50.0,
            "AUP_p": 28.960223307745984
        },
        {
            "D": "200802",
            "TV": 0.0,
            "AUP": 2772.0,
            "TV_p": 0.0,
            "AUP_p": 0.0
        },
        {
            "D": "200803",
            "TV": 0.0,
            "AUP": 2772.0,
            "TV_p": 0.0,
            "AUP_p": 0.0
        },
        {
            "D": "200804",
            "TV": 1.0,
            "AUP": 1915.0,
            "TV_p": 0.0,
            "AUP_p": -30.916305916305912
        },
        {
            "D": "200805",
            "TV": 1.0,
            "AUP": 2284.0,
            "TV_p": 0.0,
            "AUP_p": 19.26892950391645
        },
        {
            "D": "200806",
            "TV": 0.0,
            "AUP": 2284.0,
            "TV_p": 0.0,
            "AUP_p": 0.0
        },
        {
            "D": "200807",
            "TV": 0.0,
            "AUP": 2284.0,
            "TV_p": 0.0,
            "AUP_p": 0.0
        },
        {
            "D": "200808",
            "TV": 3.0,
            "AUP": 2441.667,
            "TV_p": 0.0,
            "AUP_p": 6.90309395796848
        },
        {
            "D": "200809",
            "TV": 1.0,
            "AUP": 2847.0,
            "TV_p": -66.66666666666666,
            "AUP_p": 16.60068262569302
        },
        {
            "D": "200810",
            "TV": 0.0,
            "AUP": 2847.0,
            "TV_p": 0.0,
            "AUP_p": 0.0
        },
        {
            "D": "200811",
            "TV": 0.0,
            "AUP": 2847.0,
            "TV_p": 0.0,
            "AUP_p": 0.0
        },
        {
            "D": "200812",
            "TV": 1.0,
            "AUP": 2231.0,
            "TV_p": 0.0,
            "AUP_p": -21.636810677906567
        },
        {
            "D": "200901",
            "TV": 0.0,
            "AUP": 2231.0,
            "TV_p": 0.0,
            "AUP_p": 0.0
        },
        {
            "D": "200902",
            "TV": 1.0,
            "AUP": 2720.0,
            "TV_p": 0.0,
            "AUP_p": 21.918422232182877
        },
        {
            "D": "200903",
            "TV": 1.0,
            "AUP": 2515.0,
            "TV_p": 0.0,
            "AUP_p": -7.536764705882352
        },
        {
            "D": "200904",
            "TV": 1.0,
            "AUP": 2618.0,
            "TV_p": 0.0,
            "AUP_p": 4.095427435387674
        },
        {
            "D": "200905",
            "TV": 1.0,
            "AUP": 2502.0,
            "TV_p": 0.0,
            "AUP_p": -4.4308632543926665
        },
        {
            "D": "200906",
            "TV": 2.0,
            "AUP": 2758.0,
            "TV_p": 100.0,
            "AUP_p": 10.23181454836131
        },
        {
            "D": "200907",
            "TV": 1.0,
            "AUP": 3038.0,
            "TV_p": -50.0,
            "AUP_p": 10.152284263959391
        },
        {
            "D": "200908",
            "TV": 1.0,
            "AUP": 3153.0,
            "TV_p": 0.0,
            "AUP_p": 3.785385121790652
        },
        {
            "D": "200909",
            "TV": 1.0,
            "AUP": 2502.0,
            "TV_p": 0.0,
            "AUP_p": -20.647002854424358
        },
        {
            "D": "200910",
            "TV": 1.0,
            "AUP": 2618.0,
            "TV_p": 0.0,
            "AUP_p": 4.636290967226219
        },
        {
            "D": "200911",
            "TV": 4.0,
            "AUP": 2940.0,
            "TV_p": 300.0,
            "AUP_p": 12.299465240641712
        },
        {
            "D": "200912",
            "TV": 2.0,
            "AUP": 2949.5,
            "TV_p": -50.0,
            "AUP_p": 0.32312925170068024
        },
        {
            "D": "201001",
            "TV": 1.0,
            "AUP": 2736.0,
            "TV_p": -50.0,
            "AUP_p": -7.238515002542805
        },
        {
            "D": "201002",
            "TV": 0.0,
            "AUP": 2736.0,
            "TV_p": 0.0,
            "AUP_p": 0.0
        },
        {
            "D": "201003",
            "TV": 0.0,
            "AUP": 2736.0,
            "TV_p": 0.0,
            "AUP_p": 0.0
        },
        {
            "D": "201004",
            "TV": 1.0,
            "AUP": 3285.0,
            "TV_p": 0.0,
            "AUP_p": 20.065789473684212
        },
        {
            "D": "201005",
            "TV": 0.0,
            "AUP": 3285.0,
            "TV_p": 0.0,
            "AUP_p": 0.0
        },
        {
            "D": "201006",
            "TV": 1.0,
            "AUP": 3285.0,
            "TV_p": 0.0,
            "AUP_p": 0.0
        },
        {
            "D": "201007",
            "TV": 4.0,
            "AUP": 3004.5,
            "TV_p": 300.0,
            "AUP_p": -8.538812785388128
        },
        {
            "D": "201008",
            "TV": 1.0,
            "AUP": 3670.0,
            "TV_p": -75.0,
            "AUP_p": 22.150108171076717
        },
        {
            "D": "201009",
            "TV": 2.0,
            "AUP": 3559.5,
            "TV_p": 100.0,
            "AUP_p": -3.010899182561308
        },
        {
            "D": "201010",
            "TV": 1.0,
            "AUP": 2531.0,
            "TV_p": -50.0,
            "AUP_p": -28.8945076555696
        },
        {
            "D": "201011",
            "TV": 1.0,
            "AUP": 3291.0,
            "TV_p": 0.0,
            "AUP_p": 30.027657052548403
        },
        {
            "D": "201012",
            "TV": 1.0,
            "AUP": 3291.0,
            "TV_p": 0.0,
            "AUP_p": 0.0
        },
        {
            "D": "201101",
            "TV": 2.0,
            "AUP": 3882.5,
            "TV_p": 100.0,
            "AUP_p": 17.973260407171075
        },
        {
            "D": "201102",
            "TV": 0.0,
            "AUP": 3882.5,
            "TV_p": 0.0,
            "AUP_p": 0.0
        },
        {
            "D": "201103",
            "TV": 1.0,
            "AUP": 3699.0,
            "TV_p": 0.0,
            "AUP_p": -4.726336123631681
        },
        {
            "D": "201104",
            "TV": 0.0,
            "AUP": 3699.0,
            "TV_p": 0.0,
            "AUP_p": 0.0
        },
        {
            "D": "201105",
            "TV": 1.0,
            "AUP": 3374.0,
            "TV_p": 0.0,
            "AUP_p": -8.786158421194918
        },
        {
            "D": "201106",
            "TV": 1.0,
            "AUP": 4493.0,
            "TV_p": 0.0,
            "AUP_p": 33.16538233550681
        },
        {
            "D": "201107",
            "TV": 0.0,
            "AUP": 4493.0,
            "TV_p": 0.0,
            "AUP_p": 0.0
        },
        {
            "D": "201108",
            "TV": 2.0,
            "AUP": 4447.0,
            "TV_p": 0.0,
            "AUP_p": -1.0238148230580904
        },
        {
            "D": "201109",
            "TV": 0.0,
            "AUP": 4447.0,
            "TV_p": 0.0,
            "AUP_p": 0.0
        },
        {
            "D": "201110",
            "TV": 0.0,
            "AUP": 4447.0,
            "TV_p": 0.0,
            "AUP_p": 0.0
        },
        {
            "D": "201111",
            "TV": 0.0,
            "AUP": 4447.0,
            "TV_p": 0.0,
            "AUP_p": 0.0
        },
        {
            "D": "201112",
            "TV": 0.0,
            "AUP": 4447.0,
            "TV_p": 0.0,
            "AUP_p": 0.0
        },
        {
            "D": "201201",
            "TV": 0.0,
            "AUP": 4447.0,
            "TV_p": 0.0,
            "AUP_p": 0.0
        },
        {
            "D": "201202",
            "TV": 0.0,
            "AUP": 4447.0,
            "TV_p": 0.0,
            "AUP_p": 0.0
        },
        {
            "D": "201203",
            "TV": 0.0,
            "AUP": 4447.0,
            "TV_p": 0.0,
            "AUP_p": 0.0
        },
        {
            "D": "201204",
            "TV": 0.0,
            "AUP": 4447.0,
            "TV_p": 0.0,
            "AUP_p": 0.0
        },
        {
            "D": "201205",
            "TV": 0.0,
            "AUP": 4447.0,
            "TV_p": 0.0,
            "AUP_p": 0.0
        },
        {
            "D": "201206",
            "TV": 1.0,
            "AUP": 3746.0,
            "TV_p": 0.0,
            "AUP_p": -15.763436024286035
        },
        {
            "D": "201207",
            "TV": 0.0,
            "AUP": 3746.0,
            "TV_p": 0.0,
            "AUP_p": 0.0
        },
        {
            "D": "201208",
            "TV": 1.0,
            "AUP": 3829.0,
            "TV_p": 0.0,
            "AUP_p": 2.215696743192739
        },
        {
            "D": "201209",
            "TV": 0.0,
            "AUP": 3829.0,
            "TV_p": 0.0,
            "AUP_p": 0.0
        },
        {
            "D": "201210",
            "TV": 2.0,
            "AUP": 5301.5,
            "TV_p": 0.0,
            "AUP_p": 38.45651606163489
        },
        {
            "D": "201211",
            "TV": 0.0,
            "AUP": 5301.5,
            "TV_p": 0.0,
            "AUP_p": 0.0
        },
        {
            "D": "201212",
            "TV": 0.0,
            "AUP": 5301.5,
            "TV_p": 0.0,
            "AUP_p": 0.0
        },
        {
            "D": "201301",
            "TV": 1.0,
            "AUP": 5439.0,
            "TV_p": 0.0,
            "AUP_p": 2.593605583325474
        },
        {
            "D": "201302",
            "TV": 0.0,
            "AUP": 5439.0,
            "TV_p": 0.0,
            "AUP_p": 0.0
        },
        {
            "D": "201303",
            "TV": 0.0,
            "AUP": 5439.0,
            "TV_p": 0.0,
            "AUP_p": 0.0
        },
        {
            "D": "201304",
            "TV": 0.0,
            "AUP": 5439.0,
            "TV_p": 0.0,
            "AUP_p": 0.0
        },
        {
            "D": "201305",
            "TV": 0.0,
            "AUP": 5439.0,
            "TV_p": 0.0,
            "AUP_p": 0.0
        },
        {
            "D": "201306",
            "TV": 0.0,
            "AUP": 5439.0,
            "TV_p": 0.0,
            "AUP_p": 0.0
        },
        {
            "D": "201307",
            "TV": 1.0,
            "AUP": 5994.0,
            "TV_p": 0.0,
            "AUP_p": 10.204081632653061
        },
        {
            "D": "201308",
            "TV": 0.0,
            "AUP": 5994.0,
            "TV_p": 0.0,
            "AUP_p": 0.0
        },
        {
            "D": "201309",
            "TV": 1.0,
            "AUP": 5769.0,
            "TV_p": 0.0,
            "AUP_p": -3.7537537537537538
        },
        {
            "D": "201310",
            "TV": 1.0,
            "AUP": 5920.0,
            "TV_p": 0.0,
            "AUP_p": 2.6174380308545677
        },
        {
            "D": "201311",
            "TV": 1.0,
            "AUP": 5903.0,
            "TV_p": 0.0,
            "AUP_p": -0.28716216216216217
        },
        {
            "D": "201312",
            "TV": 0.0,
            "AUP": 5903.0,
            "TV_p": 0.0,
            "AUP_p": 0.0
        },
        {
            "D": "201401",
            "TV": 1.0,
            "AUP": 5903.0,
            "TV_p": 0.0,
            "AUP_p": 0.0
        },
        {
            "D": "201402",
            "TV": 0.0,
            "AUP": 5903.0,
            "TV_p": 0.0,
            "AUP_p": 0.0
        },
        {
            "D": "201403",
            "TV": 0.0,
            "AUP": 5903.0,
            "TV_p": 0.0,
            "AUP_p": 0.0
        },
        {
            "D": "201404",
            "TV": 0.0,
            "AUP": 5903.0,
            "TV_p": 0.0,
            "AUP_p": 0.0
        },
        {
            "D": "201405",
            "TV": 0.0,
            "AUP": 5903.0,
            "TV_p": 0.0,
            "AUP_p": 0.0
        },
        {
            "D": "201406",
            "TV": 0.0,
            "AUP": 5903.0,
            "TV_p": 0.0,
            "AUP_p": 0.0
        },
        {
            "D": "201407",
            "TV": 0.0,
            "AUP": 5903.0,
            "TV_p": 0.0,
            "AUP_p": 0.0
        },
        {
            "D": "201408",
            "TV": 0.0,
            "AUP": 5903.0,
            "TV_p": 0.0,
            "AUP_p": 0.0
        },
        {
            "D": "201409",
            "TV": 0.0,
            "AUP": 5903.0,
            "TV_p": 0.0,
            "AUP_p": 0.0
        },
        {
            "D": "201410",
            "TV": 0.0,
            "AUP": 5903.0,
            "TV_p": 0.0,
            "AUP_p": 0.0
        },
        {
            "D": "201411",
            "TV": 0.0,
            "AUP": 5903.0,
            "TV_p": 0.0,
            "AUP_p": 0.0
        },
        {
            "D": "201412",
            "TV": 1.0,
            "AUP": 6853.0,
            "TV_p": 0.0,
            "AUP_p": 16.0935117736744
        },
        {
            "D": "201501",
            "TV": 0.0,
            "AUP": 6853.0,
            "TV_p": 0.0,
            "AUP_p": 0.0
        },
        {
            "D": "201502",
            "TV": 1.0,
            "AUP": 6950.0,
            "TV_p": 0.0,
            "AUP_p": 1.4154384940901794
        },
        {
            "D": "201503",
            "TV": 0.0,
            "AUP": 6950.0,
            "TV_p": 0.0,
            "AUP_p": 0.0
        },
        {
            "D": "201504",
            "TV": 0.0,
            "AUP": 6950.0,
            "TV_p": 0.0,
            "AUP_p": 0.0
        },
        {
            "D": "201505",
            "TV": 0.0,
            "AUP": 6950.0,
            "TV_p": 0.0,
            "AUP_p": 0.0
        },
        {
            "D": "201506",
            "TV": 3.0,
            "AUP": 6900.0,
            "TV_p": 0.0,
            "AUP_p": -0.7194244604316548
        },
        {
            "D": "201507",
            "TV": 0.0,
            "AUP": 6900.0,
            "TV_p": 0.0,
            "AUP_p": 0.0
        },
        {
            "D": "201508",
            "TV": 0.0,
            "AUP": 6900.0,
            "TV_p": 0.0,
            "AUP_p": 0.0
        },
        {
            "D": "201509",
            "TV": 0.0,
            "AUP": 6900.0,
            "TV_p": 0.0,
            "AUP_p": 0.0
        },
        {
            "D": "201510",
            "TV": 1.0,
            "AUP": 7397.0,
            "TV_p": 0.0,
            "AUP_p": 7.202898550724638
        },
        {
            "D": "201511",
            "TV": 1.0,
            "AUP": 6961.0,
            "TV_p": 0.0,
            "AUP_p": -5.8942814654589695
        },
        {
            "D": "201512",
            "TV": 0.0,
            "AUP": 6961.0,
            "TV_p": 0.0,
            "AUP_p": 0.0
        },
        {
            "D": "201601",
            "TV": 0.0,
            "AUP": 6961.0,
            "TV_p": 0.0,
            "AUP_p": 0.0
        },
        {
            "D": "201602",
            "TV": 0.0,
            "AUP": 6961.0,
            "TV_p": 0.0,
            "AUP_p": 0.0
        },
        {
            "D": "201603",
            "TV": 0.0,
            "AUP": 6961.0,
            "TV_p": 0.0,
            "AUP_p": 0.0
        },
        {
            "D": "201604",
            "TV": 0.0,
            "AUP": 6961.0,
            "TV_p": 0.0,
            "AUP_p": 0.0
        },
        {
            "D": "201605",
            "TV": 0.0,
            "AUP": 6961.0,
            "TV_p": 0.0,
            "AUP_p": 0.0
        },
        {
            "D": "201606",
            "TV": 0.0,
            "AUP": 6961.0,
            "TV_p": 0.0,
            "AUP_p": 0.0
        },
        {
            "D": "201607",
            "TV": 1.0,
            "AUP": 6157.0,
            "TV_p": 0.0,
            "AUP_p": -11.550064645884211
        },
        {
            "D": "201608",
            "TV": 0.0,
            "AUP": 6157.0,
            "TV_p": 0.0,
            "AUP_p": 0.0
        },
        {
            "D": "201609",
            "TV": 0.0,
            "AUP": 6157.0,
            "TV_p": 0.0,
            "AUP_p": 0.0
        },
        {
            "D": "201610",
            "TV": 0.0,
            "AUP": 6157.0,
            "TV_p": 0.0,
            "AUP_p": 0.0
        },
        {
            "D": "201611",
            "TV": 0.0,
            "AUP": 6157.0,
            "TV_p": 0.0,
            "AUP_p": 0.0
        },
        {
            "D": "201612",
            "TV": 0.0,
            "AUP": 6157.0,
            "TV_p": 0.0,
            "AUP_p": 0.0
        },
        {
            "D": "201701",
            "TV": 1.0,
            "AUP": 5619.0,
            "TV_p": 0.0,
            "AUP_p": -8.73802176384603
        },
        {
            "D": "201702",
            "TV": 0.0,
            "AUP": 5619.0,
            "TV_p": 0.0,
            "AUP_p": 0.0
        },
        {
            "D": "201703",
            "TV": 0.0,
            "AUP": 5619.0,
            "TV_p": 0.0,
            "AUP_p": 0.0
        },
        {
            "D": "201704",
            "TV": 1.0,
            "AUP": 6031.0,
            "TV_p": 0.0,
            "AUP_p": 7.332265527673963
        },
        {
            "D": "201705",
            "TV": 0.0,
            "AUP": 6031.0,
            "TV_p": 0.0,
            "AUP_p": 0.0
        },
        {
            "D": "201706",
            "TV": 0.0,
            "AUP": 6031.0,
            "TV_p": 0.0,
            "AUP_p": 0.0
        },
        {
            "D": "201707",
            "TV": 1.0,
            "AUP": 5947.0,
            "TV_p": 0.0,
            "AUP_p": -1.3928038467915769
        },
        {
            "D": "201708",
            "TV": 0.0,
            "AUP": 5947.0,
            "TV_p": 0.0,
            "AUP_p": 0.0
        },
        {
            "D": "201709",
            "TV": 1.0,
            "AUP": 6527.0,
            "TV_p": 0.0,
            "AUP_p": 9.752816546157726
        },
        {
            "D": "201710",
            "TV": 0.0,
            "AUP": 6527.0,
            "TV_p": 0.0,
            "AUP_p": 0.0
        },
        {
            "D": "201711",
            "TV": 1.0,
            "AUP": 9103.0,
            "TV_p": 0.0,
            "AUP_p": 39.46683009039375
        },
        {
            "D": "201712",
            "TV": 0.0,
            "AUP": 9103.0,
            "TV_p": 0.0,
            "AUP_p": 0.0
        },
        {
            "D": "201801",
            "TV": 1.0,
            "AUP": 10320.0,
            "TV_p": 0.0,
            "AUP_p": 13.36921893881138
        },
        {
            "D": "201802",
            "TV": 0.0,
            "AUP": 10320.0,
            "TV_p": 0.0,
            "AUP_p": 0.0
        },
        {
            "D": "201803",
            "TV": 0.0,
            "AUP": 10320.0,
            "TV_p": 0.0,
            "AUP_p": 0.0
        },
        {
            "D": "201804",
            "TV": 1.0,
            "AUP": 9493.0,
            "TV_p": 0.0,
            "AUP_p": -8.013565891472869
        },
        {
            "D": "201805",
            "TV": 0.0,
            "AUP": 9493.0,
            "TV_p": 0.0,
            "AUP_p": 0.0
        },
        {
            "D": "201806",
            "TV": 1.0,
            "AUP": 9493.0,
            "TV_p": 0.0,
            "AUP_p": 0.0
        },
        {
            "D": "201807",
            "TV": 1.0,
            "AUP": 8268.0,
            "TV_p": 0.0,
            "AUP_p": -12.904245233329823
        },
        {
            "D": "201808",
            "TV": 0.0,
            "AUP": 8268.0,
            "TV_p": 0.0,
            "AUP_p": 0.0
        },
        {
            "D": "201809",
            "TV": 0.0,
            "AUP": 8268.0,
            "TV_p": 0.0,
            "AUP_p": 0.0
        },
        {
            "D": "201810",
            "TV": 1.0,
            "AUP": 11205.0,
            "TV_p": 0.0,
            "AUP_p": 35.522496371552975
        },
        {
            "D": "201811",
            "TV": 0.0,
            "AUP": 11205.0,
            "TV_p": 0.0,
            "AUP_p": 0.0
        },
        {
            "D": "201812",
            "TV": 0.0,
            "AUP": 11205.0,
            "TV_p": 0.0,
            "AUP_p": 0.0
        },
        {
            "D": "201901",
            "TV": 1.0,
            "AUP": 4876.0,
            "TV_p": 0.0,
            "AUP_p": -56.48371262829094
        },
        {
            "D": "201902",
            "TV": 1.0,
            "AUP": 8340.0,
            "TV_p": 0.0,
            "AUP_p": 71.04183757178015
        },
        {
            "D": "201903",
            "TV": 0.0,
            "AUP": 8340.0,
            "TV_p": 0.0,
            "AUP_p": 0.0
        },
        {
            "D": "201904",
            "TV": 0.0,
            "AUP": 8340.0,
            "TV_p": 0.0,
            "AUP_p": 0.0
        },
        {
            "D": "201905",
            "TV": 1.0,
            "AUP": 9890.0,
            "TV_p": 0.0,
            "AUP_p": 18.585131894484412
        },
        {
            "D": "201906",
            "TV": 0.0,
            "AUP": 9890.0,
            "TV_p": 0.0,
            "AUP_p": 0.0
        },
        {
            "D": "201907",
            "TV": 1.0,
            "AUP": 10676.0,
            "TV_p": 0.0,
            "AUP_p": 7.9474216380181995
        },
        {
            "D": "201908",
            "TV": 1.0,
            "AUP": 10878.0,
            "TV_p": 0.0,
            "AUP_p": 1.8920944173847882
        },
        {
            "D": "201909",
            "TV": 0.0,
            "AUP": 10878.0,
            "TV_p": 0.0,
            "AUP_p": 0.0
        },
        {
            "D": "201910",
            "TV": 0.0,
            "AUP": 10878.0,
            "TV_p": 0.0,
            "AUP_p": 0.0
        },
        {
            "D": "201911",
            "TV": 0.0,
            "AUP": 10878.0,
            "TV_p": 0.0,
            "AUP_p": 0.0
        },
        {
            "D": "201912",
            "TV": 1.0,
            "AUP": 9500.0,
            "TV_p": 0.0,
            "AUP_p": -12.667769810626952
        },
        {
            "D": "202001",
            "TV": 1.0,
            "AUP": 8607.0,
            "TV_p": 0.0,
            "AUP_p": -9.4
        },
        {
            "D": "202002",
            "TV": 0.0,
            "AUP": 8607.0,
            "TV_p": 0.0,
            "AUP_p": 0.0
        },
        {
            "D": "202003",
            "TV": 0.0,
            "AUP": 8607.0,
            "TV_p": 0.0,
            "AUP_p": 0.0
        },
        {
            "D": "202004",
            "TV": 0.0,
            "AUP": 8607.0,
            "TV_p": 0.0,
            "AUP_p": 0.0
        },
        {
            "D": "202005",
            "TV": 0.0,
            "AUP": 8607.0,
            "TV_p": 0.0,
            "AUP_p": 0.0
        },
        {
            "D": "202006",
            "TV": 1.0,
            "AUP": 10000.0,
            "TV_p": 0.0,
            "AUP_p": 16.18450098756826
        },
        {
            "D": "202007",
            "TV": 1.0,
            "AUP": 10217.0,
            "TV_p": 0.0,
            "AUP_p": 2.17
        },
        {
            "D": "202008",
            "TV": 0.0,
            "AUP": 10217.0,
            "TV_p": 0.0,
            "AUP_p": 0.0
        },
        {
            "D": "202009",
            "TV": 0.0,
            "AUP": 10217.0,
            "TV_p": 0.0,
            "AUP_p": 0.0
        },
        {
            "D": "202010",
            "TV": 0.0,
            "AUP": 10217.0,
            "TV_p": 0.0,
            "AUP_p": 0.0
        },
        {
            "D": "202011",
            "TV": 0.0,
            "AUP": 10217.0,
            "TV_p": 0.0,
            "AUP_p": 0.0
        },
        {
            "D": "202012",
            "TV": 0.0,
            "AUP": 10217.0,
            "TV_p": 0.0,
            "AUP_p": 0.0
        },
        {
            "D": "202101",
            "TV": 0.0,
            "AUP": 10217.0,
            "TV_p": 0.0,
            "AUP_p": 0.0
        },
        {
            "D": "202102",
            "TV": 1.0,
            "AUP": 10506.0,
            "TV_p": 0.0,
            "AUP_p": 2.828618968386023
        },
        {
            "D": "202103",
            "TV": 0.0,
            "AUP": 10506.0,
            "TV_p": 0.0,
            "AUP_p": 0.0
        },
        {
            "D": "202104",
            "TV": 1.0,
            "AUP": 10256.0,
            "TV_p": 0.0,
            "AUP_p": -2.379592613744527
        },
        {
            "D": "202105",
            "TV": 0.0,
            "AUP": 10256.0,
            "TV_p": 0.0,
            "AUP_p": 0.0
        },
        {
            "D": "202106",
            "TV": 0.0,
            "AUP": 10256.0,
            "TV_p": 0.0,
            "AUP_p": 0.0
        },
        {
            "D": "202107",
            "TV": 1.0,
            "AUP": 10300.0,
            "TV_p": 0.0,
            "AUP_p": 0.4290171606864275
        },
        {
            "D": "202108",
            "TV": 0.0,
            "AUP": 10300.0,
            "TV_p": 0.0,
            "AUP_p": 0.0
        },
        {
            "D": "202109",
            "TV": 0.0,
            "AUP": 10300.0,
            "TV_p": 0.0,
            "AUP_p": 0.0
        },
        {
            "D": "202110",
            "TV": 0.0,
            "AUP": 10300.0,
            "TV_p": 0.0,
            "AUP_p": 0.0
        },
        {
            "D": "202111",
            "TV": 0.0,
            "AUP": 10300.0,
            "TV_p": 0.0,
            "AUP_p": 0.0
        },
        {
            "D": "202112",
            "TV": 0.0,
            "AUP": 10300.0,
            "TV_p": 0.0,
            "AUP_p": 0.0
        },
        {
            "D": "202201",
            "TV": 1.0,
            "AUP": 9120.0,
            "TV_p": 0.0,
            "AUP_p": -11.45631067961165
        },
        {
            "D": "202202",
            "TV": 0.0,
            "AUP": 9120.0,
            "TV_p": 0.0,
            "AUP_p": 0.0
        },
        {
            "D": "202203",
            "TV": 0.0,
            "AUP": 9120.0,
            "TV_p": 0.0,
            "AUP_p": 0.0
        },
        {
            "D": "202204",
            "TV": 0.0,
            "AUP": 9120.0,
            "TV_p": 0.0,
            "AUP_p": 0.0
        },
        {
            "D": "202205",
            "TV": 1.0,
            "AUP": 10652.0,
            "TV_p": 0.0,
            "AUP_p": 16.798245614035086
        },
        {
            "D": "202206",
            "TV": 0.0,
            "AUP": 10652.0,
            "TV_p": 0.0,
            "AUP_p": 0.0
        },
        {
            "D": "202207",
            "TV": 0.0,
            "AUP": 10652.0,
            "TV_p": 0.0,
            "AUP_p": 0.0
        },
        {
            "D": "202208",
            "TV": 0.0,
            "AUP": 10652.0,
            "TV_p": 0.0,
            "AUP_p": 0.0
        },
        {
            "D": "202209",
            "TV": 1.0,
            "AUP": 7491.0,
            "TV_p": 0.0,
            "AUP_p": -29.675178370259108
        },
        {
            "D": "202210",
            "TV": 1.0,
            "AUP": 9549.0,
            "TV_p": 0.0,
            "AUP_p": 27.472967561073286
        },
        {
            "D": "202211",
            "TV": 0.0,
            "AUP": 9549.0,
            "TV_p": 0.0,
            "AUP_p": 0.0
        },
        {
            "D": "202212",
            "TV": 0.0,
            "AUP": 9549.0,
            "TV_p": 0.0,
            "AUP_p": 0.0
        },
        {
            "D": "202301",
            "TV": 0.0,
            "AUP": 9549.0,
            "TV_p": 0.0,
            "AUP_p": 0.0
        },
        {
            "D": "202302",
            "TV": 1.0,
            "AUP": 8614.0,
            "TV_p": 0.0,
            "AUP_p": -9.791601214786889
        },
        {
            "D": "202303",
            "TV": 0.0,
            "AUP": 8614.0,
            "TV_p": 0.0,
            "AUP_p": 0.0
        },
        {
            "D": "202304",
            "TV": 0.0,
            "AUP": 8614.0,
            "TV_p": 0.0,
            "AUP_p": 0.0
        },
        {
            "D": "202305",
            "TV": 0.0,
            "AUP": 8614.0,
            "TV_p": 0.0,
            "AUP_p": 0.0
        },
        {
            "D": "202306",
            "TV": 0.0,
            "AUP": 8614.0,
            "TV_p": 0.0,
            "AUP_p": 0.0
        },
        {
            "D": "202307",
            "TV": 0.0,
            "AUP": 8614.0,
            "TV_p": 0.0,
            "AUP_p": 0.0
        },
        {
            "D": "202308",
            "TV": 0.0,
            "AUP": 8614.0,
            "TV_p": 0.0,
            "AUP_p": 0.0
        },
        {
            "D": "202309",
            "TV": 0.0,
            "AUP": 8614.0,
            "TV_p": 0.0,
            "AUP_p": 0.0
        },
        {
            "D": "202310",
            "TV": 0.0,
            "AUP": 8614.0,
            "TV_p": 0.0,
            "AUP_p": 0.0
        },
        {
            "D": "202311",
            "TV": 0.0,
            "AUP": 8614.0,
            "TV_p": 0.0,
            "AUP_p": 0.0
        },
        {
            "D": "202312",
            "TV": 0.0,
            "AUP": 8614.0,
            "TV_p": 0.0,
            "AUP_p": 0.0
        },
        {
            "D": "202401",
            "TV": 0.0,
            "AUP": 8614.0,
            "TV_p": 0.0,
            "AUP_p": 0.0
        },
        {
            "D": "202402",
            "TV": 0.0,
            "AUP": 8614.0,
            "TV_p": 0.0,
            "AUP_p": 0.0
        },
        {
            "D": "202403",
            "TV": 2.0,
            "AUP": 8658.0,
            "TV_p": 0.0,
            "AUP_p": 0.5107963779893196
        },
        {
            "D": "202404",
            "TV": 0.0,
            "AUP": 8658.0,
            "TV_p": 0.0,
            "AUP_p": 0.0
        },
        {
            "D": "202405",
            "TV": 0.0,
            "AUP": 8658.0,
            "TV_p": 0.0,
            "AUP_p": 0.0
        },
        {
            "D": "202406",
            "TV": 0.0,
            "AUP": 8658.0,
            "TV_p": 0.0,
            "AUP_p": 0.0
        },
        {
            "D": "202407",
            "TV": 1.0,
            "AUP": 8658.0,
            "TV_p": 0.0,
            "AUP_p": 0.0
        }
    ],
    "MinDate": "199601",
    "MaxDate": "202407"
}